PC_1,PC_2,PC_3,PC_4,PC_5,PC_6,PC_7,PC_8,PC_9,PC_10,PC_11,target
1.7358080516767334,0.33908066202821285,1.4556109417410843,0.6503191140171879,-0.15988628222859835,0.2595702635224806,-0.1637162604354207,0.21071223024015218,0.044554607959973375,-0.2051009372672099,-0.3268002264770448,0
-1.0074604921636034,-0.32389033663014927,-0.826354471319504,-1.2861713277915052,0.18821706677302294,-0.32108279480119695,-0.5744858961693748,-0.22411349039964162,0.5745190199640681,0.37380966711003594,0.22115413585093713,1
-0.7585696061138264,0.19424244424917086,-0.716917109982144,-0.9820181990199789,-0.29630227154350486,0.628561957502007,-0.622825571583524,0.7111161157158911,-0.42873018890339915,-0.21350528560310073,0.4878324803767237,2
-1.2104006771207263,-0.5408891349776812,0.20840266653656656,0.15406140258507223,0.383643607330441,0.06094265629661693,0.7642154805820479,-0.286605989880368,0.24298821802728207,-0.45229889198357887,-0.19800951510416134,3
2.0139373520909873,-0.4446155806574559,0.041275835583117634,-0.8486325715740696,0.8042971140774008,-0.6270085405034874,-0.2596831466158362,1.190117473767106,0.37810616597212665,-0.30237751602637775,-0.36771904411987666,4
-1.2460139373189794,-0.7910336198787036,0.8827954175342921,-0.004825169713728088,-0.49673534615867404,0.2097914972742263,0.2647067895315935,-0.3294567950553604,0.4826534542826499,0.35713422186259364,-0.045979487801255096,5
0.11382258668970927,-1.0783197507107687,-0.7900988131437989,0.28454671687469874,0.981710833082536,-0.20537385993077978,-0.7976233069340083,0.7305169182612354,0.10157837788677138,0.17239798589045854,0.08985356650015999,6
0.33797692418151226,2.3912027505197,-0.29015218814580307,-0.24201848836192205,0.42917352056266955,0.5013351068693964,0.09225433971365454,-0.11079974481721923,0.18837621161862342,0.13711929884223964,0.2618722661333743,7
-0.5860661919271387,-0.20421854445190268,0.1874663831036526,-0.39081621897357094,-0.07117419457476742,0.15726184454126668,-0.5047541463628117,0.13275201904088818,-1.1794114394202302,-0.06897426513637828,-0.07937877241902266,8
-0.6855484035062331,-0.40721415736861527,0.5804006124445499,0.6732080381062232,-0.34946982804240584,0.6633076528385061,0.02065829571508917,-0.4659294181974549,0.24037775888112542,0.882339983806727,-0.33717712447027276,9
1.8738197514891899,0.01893522574744352,1.0604297729521464,0.31619479835332337,0.017418284235160366,-0.1759481183551896,-0.687873658064023,0.5537909136424064,-0.12309529206611963,0.33868124788583576,-0.16310515037008,0
-0.5824344018028685,-0.05614243579575027,-0.640932077039884,-1.2778043455173942,-0.6613182457863073,0.29548209918114204,-0.568060953717361,-0.4411068852824646,0.5892251949843174,-0.05570771696104644,0.6959204660672216,1
-1.1555089327796622,0.358670705231431,-0.5795027359004346,0.33662870460892913,0.5331407183984267,-0.5387171277365568,0.5623557802480659,-0.4179549818929433,0.11778723122576738,0.03301410982942076,0.7192108030739565,2
-1.534943560169272,0.06655567911620164,0.5146220994837757,-0.42846282376314915,-0.5965751111588223,0.26378644262000267,0.11335569942627155,-0.31025095526218827,-0.2172470739006967,-0.3984453232472444,0.1112320601003141,3
2.537506651321318,-0.05869027728937646,-0.5497284485123722,-1.1019093278753793,0.023638242898643524,-0.35411842623624024,-0.3512568702007644,-0.16856776059245135,-0.23202602154586702,-0.10994541412627211,0.11272686445524249,4
-0.5049818411815336,1.3556954754829693,-0.8250612990031756,1.357099300558816,0.4359263238634643,-0.19922351572822855,0.13377775351693924,-0.8694320286223596,0.14964878301650206,0.19951746483698976,0.11335886783560914,5
-0.3161601589768278,-1.5912987304558546,-0.8131877883172502,-0.4407899398669018,1.3307422977121939,1.2880762945586341,0.027537109509797767,0.44368472233933054,-0.10050097357628841,-0.29162304895879,-0.028898759016875927,6
-0.6002567451647025,0.9364655209053073,-0.18986303349778058,-0.13364504189322654,-0.1236272369167963,0.4318417056653866,0.05415259954415885,0.18746936851143506,-0.5445761104696356,0.4674303904116254,-0.4767312587229074,7
-0.6173251742335613,1.11757890873554,0.014514135120865046,0.5057927383444347,-0.3928670892681124,0.3496904317019046,-0.48612060867610685,0.8454897966889229,0.5063789076204338,-0.310281839037352,-0.4221156050631998,8
-1.1289202004065482,-1.351572517521052,0.7838560320049032,0.07676370803054665,0.3776063695336156,0.03431629857895762,0.9310423730293353,0.3641843388316891,1.004323974516937,-0.45859846637681745,-0.1617400845921064,9
0.4183479852733236,-0.40611168340093967,0.6716345212961058,0.821629234228627,-0.06004782202597012,0.4339593752769743,-1.1932349275040968,0.8307294033965713,-0.009683282413104814,0.5596578448702795,-0.25764659211907326,0
-1.0719716759347226,0.13713680194600214,-0.4715307139386898,-1.1279606427830058,-0.21122047342807335,0.23292118024164335,-0.8708899198706652,-0.4444959541835031,0.7136244918219267,0.28856412260852193,0.7647116944949959,1
-1.2702769160479308,-0.0005313261329426194,-0.5003105431683083,-0.2169632525857572,0.40405449457362974,-0.6703351874717408,0.6044236478370426,0.309642114758029,-0.02372768797353491,-0.11385183530536323,0.3618545568883219,2
-1.033387168723403,0.6632055884039401,0.32600359758270225,-0.05838577286132991,-0.1819198926813489,-0.16689010435381424,-0.3391479454415574,-0.46782808117367874,-0.21597777865199774,-0.6541068360232207,-0.4878246594931064,3
1.6709641704971183,0.0362557578018783,-0.5123968035120395,-0.758089222834403,0.470119694530248,-0.2751185198445703,-0.3811260705794848,-0.011893710976108895,0.3776168069837105,-0.37313612346208924,0.36322110951903014,4
0.13038056032243087,0.2709206636433225,-0.3349475777770268,1.4783045913595814,0.17375351368854422,-0.6010851520251715,-0.4809579747760794,-0.3822455860766743,0.022814624297646104,-0.15754423360037045,-0.1603282962443361,5
0.900583641396019,-1.4441789274770884,-0.84955859524046,0.5324744337755379,0.1757367203449336,0.05103300990809583,-0.200595219154262,0.6613893996951631,0.08528742218793604,0.11394429818431027,0.4005495073143281,6
1.80474248274927,0.6442718113493456,0.16621241897071984,-1.2946307208786234,-0.4695686175030397,0.1751603354932592,-0.43749869888870324,-1.1226186338688824,-0.0271829455229001,-0.534656944106533,-0.3716966304878371,7
-0.564832997889552,0.99065238491311,-0.5001000755985376,0.18869028044151662,-0.38043653948225464,0.521293381425254,-0.4767478025120497,0.059110564695393525,-0.6063662518873861,-0.31353202398097374,-0.5419784221818214,8
-1.1588976157322461,-0.6860905998137088,0.6524228328183197,0.2540730698886501,0.17809891156467159,0.2505556985890406,0.8690995725981601,0.11613767901906323,1.0879352840014958,-0.07794770908370557,0.08393185493933428,9
1.9858754902103135,-0.04677910628853251,0.6228140039556974,0.9126001314034334,-1.0443001852912703,-0.40935163702609156,-0.3792086868396525,0.3167076915772871,-0.1480357031951384,-0.010008910736721593,0.04033310175188672,0
-1.1593139455299157,-0.8187117721128219,0.8479300129274463,-0.21541447461091376,0.0787860056630207,0.7139228693797263,0.4537330474071911,0.31835177735486175,1.1632458805670838,-0.5756286716648311,-0.02695205020331537,9
-0.21180263514127995,0.5341623235696636,-0.5269819233201458,1.0512198008273501,-0.12203966977504124,-0.64945941805265,0.2318035114514223,-0.8462452414651911,0.379165250705817,0.22901726775777165,-0.15327218082982236,5
-0.9072590332082242,1.5128422563803807,-0.2873526580292673,1.0559131372655484,-0.1570430239102411,0.01809154471807699,-0.22067314886127665,-0.7564021862730863,0.1805642931542156,0.3780842673804819,0.11279526711778107,5
-0.03834889381998384,-1.4525136930479476,-0.9765889379899818,-0.39611022386159933,1.0703254388058678,0.7328145283044716,-0.26981835982939917,0.25204132004896423,-0.2257524574551516,-0.2368524333936455,-0.07267824973585055,6
-0.7006664500107205,1.5784689462809485,-0.34271189765376364,1.4738659973834132,0.13348303151916524,0.005658726955645774,-0.1975014229768767,-0.728883181802137,0.38706792900387565,0.2789663563971339,0.10649097601682136,5
0.7879183455579261,0.3699436861029255,1.0231548549185903,0.9067198701413633,0.05751551030094063,-0.23033430195619284,-1.113537848321579,0.7357060967072782,-0.23194626598414558,0.605309577580528,-0.22324231440656375,0
-1.1429534719122438,-1.009184879111984,0.2545904997678505,0.264691502259808,0.3073447847239177,-0.5034805378901144,0.7352012978892641,-0.4868807704648295,0.5138780640412527,0.4020008959487991,0.49027824397339514,9
-0.015721791719152188,0.8786147811940438,-0.20164862918947687,0.8656406606260686,-0.6950857795515714,-0.07668657458756285,-0.13349886132842131,0.8995736433175828,0.6126906297552364,0.08345794637751498,-0.07994663439912832,8
-1.004253412751583,-0.4662724032218892,1.007607082249983,0.46413747203255695,-0.3953720243690867,-0.07789827235491371,0.02097658316761902,0.3445874808938195,0.8216285211654781,-0.12288105645718067,0.2150977463239817,9
-0.9772516012162267,0.44866036659889313,-0.08573100190552767,-0.3015394057598847,-0.6990603549318187,0.14557127972072403,-0.37558825918139666,0.53514370781232,-0.5218414799772323,0.12288420116107568,-0.3673528345242121,8
2.7382429196100353,0.011713716707509893,-0.24685913401835669,-1.1129926594257136,0.22347351112922267,-0.6882049270933565,-0.012615117710244542,-0.24846530233842498,-0.37358077023811254,0.11283146686331567,-0.0634257605237743,4
-0.001537780437316815,-0.38252822064103426,-0.7787639018180847,-1.253968785735409,-1.07145680394557,-0.14118244386417272,-0.3170992347403378,-0.7439283008511608,0.8058337116356,-0.15295857751857167,0.0632055892527943,1
0.3026885535680802,0.9700367045412401,-0.6218875829730166,0.06978713912935333,-0.42616830932456434,0.43835918009994745,-0.8179693205673207,-0.8488142906708144,0.19494229303151392,-0.47611685551061766,-0.25372071305403704,7
1.8981905529031224,2.748401359222548,0.2775396352992868,-0.34319146490184665,-0.39458238309118016,0.3610324520905948,0.8299150156352154,-0.2906753381488619,-0.47083563262133576,0.21262148389867927,0.5494015844190795,7
-1.2708478632685485,-0.3725573700347024,0.5639508180309588,-0.3066040808392117,-0.06054539504789155,1.0641798732973957,0.38166813357390267,-0.11399140965358286,0.7268034889065768,-0.5324881415150731,-0.40699837069322414,3
-0.5740356644498452,1.2876376304025177,-0.3111477235908842,1.1639449594085582,-0.07749822286386202,0.004623987255117306,-0.486006613214316,-0.38199827888079585,0.06180337546524774,0.3351625407513236,0.18945299567598223,5
-1.0310234827391778,0.04701061217709051,-0.43564337278789234,-1.0614718256198499,-0.1813797903512615,-0.13313779912526102,-0.7822449342355936,-0.67468675890069,0.8658002781737208,0.22270641124279306,-0.030015330938144985,1
2.4141047759384096,-0.5927414312303253,1.1417932165604037,0.17004189693894756,-0.5515446633039265,0.15843906461324778,-0.27856092692694995,0.17527282884378861,-0.0011451770383097578,-0.03215722676522025,-0.05556721379297246,0
1.5296332694720787,-0.8868147879610492,1.1050326241946777,0.12345559673569093,0.05853163868708038,0.8145527680732038,-0.024695423145354275,0.5046933536422897,0.2263829738747597,-0.3771793555863886,-0.23331683616986348,0
-0.8919479415363624,0.03965597699541327,-0.13331242039812763,-0.3731249683571026,-0.1895870762444887,0.2241573824301827,-0.6873927737342033,0.8427325348197208,-0.43628673036046867,-0.46001459559426666,0.17088377756761639,2
-0.1321700201422156,0.6838699763322182,-0.07778624455938056,-0.9592740884535024,0.527116481730292,0.6957347011395372,-1.1219542414442587,0.7097796831633817,-0.6803487678560678,-0.8613257174956571,0.46792016781001294,2
1.3177255849619673,1.325872411314134,-0.7647859540739437,0.2529537695892708,-1.0903799883631706,0.3677571797201473,-0.07279171139916088,-0.5992121783785412,-0.24312846833009544,-0.3315071060532509,0.18858438563295102,7
-0.48487507006134034,0.5473742213565791,-0.14442968793665265,-0.1985092699989567,0.3037504501485911,-0.07533325632163533,-0.6808436265682122,0.26225433382102087,-0.940650301780317,-0.6888582601076297,-0.48242257058121,8
0.18706250973176208,-0.22453636091496945,-0.845915786395396,-0.9423575066778238,-0.20881257747727738,0.5201628145375868,-0.8728258797111803,0.5506794435211941,-0.6640251496372487,-0.9176201972164199,0.4154474299740175,2
1.575379473580228,-0.13817315871213237,0.7442290544316736,0.04636372660155788,-0.5084654389690516,0.2918478805765629,-0.36152755429078826,0.950828452023744,0.14831229550368386,0.5331859382955548,0.042508079637081586,0
-0.3606751441488004,0.07006263750318428,-0.6624910202244411,-1.0412555699113781,-0.8227706607193943,0.18807936936500497,-0.5689315974765717,-0.7939736549082786,0.8983505290740864,0.022466658285791544,0.5839266681211507,1
-0.8341812339415238,0.4922602555514268,-0.6331715018230579,-0.867226115071051,-0.08688215321168137,0.7601558407279548,-0.8685846200220224,0.9144947264317351,-0.08764777466866532,-0.4261696386423043,0.2807091329361878,2
0.7432905049036646,-1.456560863160859,-0.8433694443062729,0.7381997625610895,0.42327044907567746,-0.0038228410228253215,-0.18574062996550092,0.49334229584761874,-0.333506389654661,0.17649008785969747,0.45965685628315084,6
-1.4611225447213552,-0.008920745335875944,0.1895053151049461,-0.9267261584214063,-0.4750522306228931,-0.21065975927349498,-0.21669934670696955,-0.2899346153694977,0.009012659145398384,-0.5193576260628475,-0.022986013429214157,3
-1.4003376793987847,-0.313932074629813,0.37750387441032046,-0.9738339747736602,-0.37354191478839693,0.2311187771455593,-0.15651495837295143,-0.07128345895745704,0.5971869445913981,-0.5545736304633848,-0.12742950335833195,3
0.1081327764940327,1.1828235874504704,-0.14393211335857503,0.15050024193439676,-0.5396329857608866,0.599267928512285,0.2161318444488812,0.5017157136548718,-1.0420069513275745,0.018463778252883235,-0.27190083913260404,7
-1.4699184332295423,-0.4500086094454493,0.6266475075609156,-0.9281019414490386,-0.5843686644211371,0.535887046331972,0.007879569206069699,-0.21149513888697982,0.2729545542234135,-0.3709128209205098,-0.24336317653692507,3
-1.5010833045310334,0.5512952920971558,0.13588157861910222,-0.6847055027753635,-0.5922983773491296,-0.089099042413236,-0.09882386930142363,-0.26138738127676614,0.14597587092621303,-0.43905374946102804,-0.23198388325601355,3
2.914457460078505,-0.9983234476288518,-0.917568957838458,-0.5361734608609552,-0.11991410066634069,0.026299787221782736,0.40594347640005507,0.11812979331597721,0.23815810527378484,-0.27210198812521824,-0.23797907100356908,4
0.7551569972645322,-1.2580116411487041,-0.9976917770270561,0.6463091403030204,0.6300028855083051,0.7793942301958938,-0.03917534020612996,0.19098997773293663,-0.11264703906996554,-0.00017223568261116236,0.3305430077565475,6
0.2526524649907953,-1.4773627412239012,-0.5300603099705717,0.7148933558230132,0.9764238456638701,0.42172085167400036,-0.25516718444923703,0.4373680103317199,-0.1611861702247801,0.21830541301988565,0.03696492607965869,6
0.3199688484217776,-1.5969287944067592,-0.4746347796958689,0.8776015695155008,0.8235062029672967,0.19151086219030794,-0.26609501010766257,0.5915114548089917,-0.35205386630618946,0.4917891969711534,0.04725177239704032,6
0.17923964138638687,-0.5945716905662445,-0.8945994701650382,-0.25667912618059957,0.6806372601837278,-0.6194028825263816,-0.7708474968862171,-0.8303513349329447,0.15130405382920603,-0.08391967009962702,-0.22484305152745254,4
-1.1473067015612086,2.0674166634078577,-0.28083650217309425,0.7848943450204063,-0.4385133642164236,0.2595707352811696,0.16474003208682653,0.3723277232111245,0.3819258636790261,0.4230654302984334,0.3717640317078861,9
-0.7845377022380485,0.03446810991184797,-0.7416519186714382,-0.9509377639726693,-0.015710754180480607,-0.04076660640945978,-0.5233038179993752,-0.6205086899986255,0.9400287659017076,0.19987981517886474,0.4187779331429417,1
-0.44436238074844975,1.3823766328261993,-0.35255446598540535,1.6659079502759084,0.25035355561090705,-0.21455417387561448,0.037845256517539685,-0.6110778660886826,0.6388301811824084,0.04647102254205287,0.07199486690278321,5
1.0129864433383566,-0.5605192993869481,0.47020384886238875,0.5671620288893109,-0.7426947464536858,-0.36196133401178016,-0.07699952715222687,0.7608559018418589,0.09659526349490151,0.46273849365829905,0.29755854867281684,0
-1.1944311320172143,-0.7364734221155013,0.9214162466422441,0.3552737093531808,-0.15878114326107007,-0.2553576692022137,0.6954717421028561,0.284191975380653,0.813737511609791,-0.022654203403970213,0.16040990936348493,9
-0.7015639740113364,-0.5529830397419073,-0.01277127219515017,0.5790409800432001,0.19541710824489644,-0.44475002904123545,-0.44947109961053944,-0.8081322229758912,-0.6635900061507578,0.09214258439557228,-0.23234442561538438,5
-0.8291191552743592,0.40901938133284094,-0.6342508339264386,-0.8531478167878929,0.02277472077966217,0.7656023728843374,-0.9950062906293903,0.9477305160108226,-0.31280012564679216,-0.7955022072897205,0.5486539885740092,2
-0.7856794183225237,-0.2301980995590535,-0.2226597736017208,-0.07367930430014602,-0.5610434923523728,-0.5175302169759494,-0.25719432126882213,0.605170575725762,-0.47541591514350223,1.1090242129013428,-0.16924180943032138,8
0.02057897852783198,0.661548571567464,0.01390995805723325,-1.8498413342880464,0.19346357483704518,0.593097149109882,-0.4840097409671273,0.8637052603520846,-0.47619880810550064,-0.22166751166689694,0.6057466922112081,2
1.1296280823377012,-1.113184897857484,0.3068074722997133,0.9715795902000853,-0.9918604702861821,0.16315937470289013,0.48959928368069633,0.44062722102709767,0.2895938599855122,-0.32272648606233273,0.43742027512539755,0
1.8898660034485224,-0.7954577866128397,1.1037072468617215,0.45382797111993173,-0.7528492618811637,0.09250439884585146,0.24529120029875845,0.2883484735567182,-0.12188634393927247,-0.18939863568825227,0.08937459533450923,0
-1.157835771776599,0.08668400466285006,-0.3723871527295925,-1.2818260698597117,-0.32207162229236347,0.2211980976896529,-0.9061313756422177,-0.37023157481596003,0.600642436630726,0.22500380437056844,0.7512692675917803,1
1.1551190238249287,2.5813705629841244,0.47442075395776256,-0.3611521381731451,-0.025763721180990448,0.39069029095374597,0.4191055576004591,-0.3173030759748174,-0.35194969650816316,0.47750455687249055,0.31759452925074855,7
0.13758337463983633,-1.395794403994144,-0.684025095111176,0.45646793989030265,1.0642340518775362,0.1535458742038639,-0.6405801937297876,0.6614048827658445,-0.14824336614753347,0.29862091216284736,0.3710169188611419,6
-1.27490678441885,0.7320922573549581,0.09803461141094895,-0.6520775354541704,-0.5090158152904926,0.10393089427782337,-0.4825354546522685,-0.2604135185768302,0.36457045100582525,-0.6151698998104498,-0.5434200529734721,3
-0.9696017158544034,-0.8489276163343905,-0.27995522781310783,-0.08457919183687017,0.29879112058230806,-0.9121126097605247,0.4643342072724444,1.1218935708791873,-0.2590594706890751,0.07000530640494423,0.3654053480576875,2
-0.31352261380003477,0.15437058609866725,-0.9637970278932569,-1.1136372846045983,-0.6167495234799842,-0.010247334070819954,-0.3359909473354977,-0.4754874991235585,0.7438444664805575,0.006208673177762567,0.011542936293378927,1
1.0754429348613068,0.9815154583489551,0.2590495025229021,0.13646697094951907,-0.13925861974118098,0.1736471246488173,-0.02533444343093461,-0.16321261008691473,-1.105337337809059,-0.6888053790412078,-0.28463610665539035,7
0.22259839641519663,-0.02673435243161418,-1.4126559464668644,-0.05128713082363791,-0.17096154675535474,-0.617219115313455,0.2405946271063554,-0.5982582050535692,0.2077045238483891,0.4371835308243736,-0.3212585115189081,4
0.04960232918668054,-0.8893785850397647,-1.0972936808450409,0.16905622676696033,1.2697300933835127,0.4371278229492226,-0.6813294404421258,0.24041916212352213,-0.23571633205372758,-0.051887259915917666,0.03337258007020479,6
-1.5289456829845578,-0.07110321066853438,0.3620671447480257,-0.9675018877068021,-0.690319744705669,-0.17787801396187986,-0.33645604863199624,-0.3361214585659811,-0.15927026705354716,-0.45753312490662473,0.010767295185539483,3
-0.6074644820983117,0.2527370104984363,-0.5597990537921146,-1.059953230575888,-0.6420743641795809,0.15166561828177907,-0.6983654219922198,-0.6310601410289643,0.780990538405626,0.08642430116415262,-0.22076620573623404,1
-1.5340028581908092,0.3188603324763068,0.18583125218905372,-0.653556057321047,-0.6776809814544941,-0.4265015718352949,0.017113872348532254,-0.33790011777381534,-0.14343355637197244,-0.27041250830650115,-0.622457717835194,3
-0.8922644892229438,-0.16265245991208646,1.536767947942643,-0.24366392405234077,-0.530836190037128,-0.3922089801793995,-0.01414840218758012,0.33436461838098835,-0.08991533896151736,-0.4261977096002328,-0.01655792877000367,9
-0.056200234199118064,-0.47562874009604544,-1.3174402024824095,-1.1970650794039701,-0.34215413898423275,-0.43615304134619515,-0.09876084460282208,-0.5065721975703963,0.7565805476941272,0.2015604501756529,0.1933988395614881,1
-0.7817112735716183,2.2074127163107256,-0.4984512760845296,0.3602058680856742,0.15431653070962573,0.48201084354321516,0.3349050813362824,0.4204917445721029,-0.35782245066382684,-0.06386172741826972,0.047757230206278076,7
-0.0718991125469812,-1.0886725376121014,-0.6927495705253686,-0.0014234009120282266,0.6272423231071509,-0.5163535170468685,-0.7983869474956062,1.0985654811315295,0.11542979956225641,0.2961791317717994,0.40030138604204757,6
0.7933177264990728,0.5398770468373106,-0.5103940284063273,0.8085272501039446,-1.7265192182893758,-0.18892841234075616,0.2116828726515974,0.808261017669521,0.35927795173350247,0.2144462215084308,0.13239875338113224,8
0.9850273826567939,-0.8725358267872264,-0.9558167812753341,-0.5200662907287308,0.34788985671028094,-0.17983193065961398,-0.4450111827651694,-0.1368224170002805,0.4481963433994978,-0.07070202367488448,-0.08756249386253628,4
-1.5149182063530304,0.28167372360209947,0.3473070316600886,-0.7365986849579724,-0.7291410585106934,-0.10085022636534477,-0.09951875614084216,-0.23571441399280316,0.06205957906946039,-0.3558939429023781,-0.3207549175338719,3
0.6374006057382913,-0.5717319571120782,-1.6716079417597214,-0.9156351736520114,-0.5744061192438089,-0.43616108725276304,0.07844879102640055,0.19243950650805244,0.5730543259283755,0.23129923471994188,-0.28555826535829815,1
1.3070084551734233,-0.4910090236522936,-0.7244231200057429,-0.3327918812187337,0.8347979389106052,0.025161900645390572,-0.414004268615125,0.28055497771716226,0.4455277234634394,-0.015688905404507455,-0.0512986955139422,4
1.1834457223705794,-1.3558369808308437,0.6708675423381192,0.12061256068697682,-0.04121938459241446,0.38416611004894097,-0.003203604836732911,0.6995952219491968,0.4825827012707448,0.399796594313368,0.17469001650237595,0
-0.5151520568827842,0.10461690358629219,-0.4045384920239932,0.9247674346752152,0.3751724214062999,-0.7383854805117258,-0.3887395377077713,-0.9701598902284521,-0.26506081349320804,0.30386793375699866,-0.3845820839026262,5
-1.1237495553987753,1.6911411823656615,-0.30397820504648737,0.24131319631232195,-0.02076223768030963,0.3394661547400956,-0.11711731712590129,0.19648613384943922,0.6595000977752776,-0.8738906917833732,-0.10060829293244455,3
0.6716783067706207,-0.6956588791501198,-1.1764444523180049,0.556814730267092,0.49053521590193827,-0.41306564858259437,-0.7364999492493339,0.38772336888603065,-0.10978291038867176,0.03862308065272219,0.09925026201471893,6
-0.4125113471291952,-0.338656003826317,1.8400230866182115,0.0673375453112073,0.4154805814466389,0.7611412122448441,0.8742268331849634,0.23027484435000448,0.5384917293695941,-0.3427145760128269,-0.2571812760998264,9
-0.06735674021279733,-0.9373857637315598,-0.6102069193840062,-0.11350012077818021,0.875456263623225,-0.320972358651391,-0.9678050021869664,1.3531602606795348,0.6386980202732075,-0.40439296606851016,0.3952662238128823,6
-0.5475145616462236,0.5723605752210109,-0.5956312195747193,-0.9833443437406572,-0.7004111910293107,0.6713577402625577,-0.479881597388346,-0.3826761670405537,0.8097620152175375,-0.2719869665448775,0.7591128609848309,1
0.03567930480099522,1.1120849101799999,-0.39883068476987815,0.23557249316067155,-0.7719093631101278,0.3742123910973279,-0.2385069517695914,-0.12757024854414323,-0.5698565201201138,-0.5626410795395488,-0.2935326053080292,7
-0.4634727890612446,-0.2725350830570281,-0.204207426458326,0.7769011948725331,0.1663247978821167,-0.7243125481312118,-0.7948160952354791,-0.8326480458810177,-0.5814129934694239,0.26762352574937,-0.23652128807042183,5
0.5994749019185657,0.3165605535060811,-0.7881420263143419,0.7065197154972402,0.5792445994248712,-0.3491375117167409,0.08584028196243333,-0.6071324510492804,-0.10131532258070047,-0.39808498871687414,-0.2255405194859012,4
1.04929210614855,0.013699871892721243,-0.5786216449137374,0.22327119794470593,0.6303568704577178,-0.7803646402206342,-0.251106281133636,-0.7070099350127819,-0.06590261821508275,0.046281764815452923,-0.29957494592795675,4
0.4193449355448758,2.2443555357878564,-0.2509984223918735,0.1220857711111736,-0.4593411009109001,0.515869770744935,0.45618984646933325,0.12433336847917573,-0.5276393812769417,0.2229966064348581,0.17392961826945677,7
-1.230159546083699,-0.37295835511853026,-0.5577868138204978,-1.1499095263049453,0.010882449313654122,-0.16930557539764665,0.05699460500132787,0.8647375985883136,-0.19065102729266103,-0.1360510378962252,0.33278996839338315,2
-0.9225451627102095,-0.2348986322640877,-0.06267901188729373,-0.09740201895430271,-0.4407275508781124,-0.37441178795002567,-0.4006712142279081,0.39554695272961254,-0.9896102919848381,0.37750291412572207,-0.04943743774111709,8
-0.8064824548130709,0.07790676180494485,-0.39129500861678895,-0.6797494683143936,-0.07116506842246169,0.552226588423866,-1.1273328678318622,0.616386337460738,-0.740830137684013,-0.7392054662038008,0.2634240590843116,2
-1.1012863881488273,-0.09393360842961897,0.027062543290476908,-0.44494604318811976,-0.41488416161035535,0.0826282589734093,-0.5987565458310067,0.6169805668276691,-0.8616188736052358,-0.2753582814126202,0.37618138235940657,2
-0.5865549565697034,1.4898417474714445,-0.44902889094574516,1.655574631703031,0.49684277382099246,-0.11366985288692157,-0.28211760875576747,-0.38070435507221045,0.10747924016403923,-0.20382124577844238,0.2063030867619147,5
-0.3762262806501529,2.148648671859471,-0.4262813864671882,0.7152427480925966,-0.00958875208309952,0.7948203467635682,-0.3009445038791483,0.5573016387243985,-0.9033665921312433,0.05936120891039734,0.013766366058996587,7
-0.5386040846987162,-1.1563989043233809,1.5846920802056619,-0.38392871992854644,0.5386052331231118,1.0084043777529899,0.6431029040857633,-0.24699405663528856,0.37255726255245186,-0.28585743680847675,-0.15692825110414116,9
-0.777768383789094,1.2309659644118165,-0.046390532399550814,1.28601454653477,0.05823999692155465,-0.1492964328610235,-0.3253606861041468,-0.6281509820409058,0.11113875438388492,-0.2003741719276745,-0.03239511564931109,5
1.25027637501746,0.7609745493593016,-0.09338049207002179,-1.3398743233159276,0.568592929340174,-0.5972415326340785,0.2546983393879381,-0.5841709633417951,0.13119047005449563,0.7481088230931244,-0.1357978950865611,4
-1.0077453667194487,0.21106379122442007,-0.030039041959199972,-0.5527596773796848,-0.4462139168202001,-0.21938032081389472,-0.3824090217828787,0.7092529694729137,0.1450993442732216,-0.27148164683403203,-0.7460266726736331,8
-1.367829099365223,-0.3387742216459597,-0.2321068069739633,-1.130946912562212,-0.3409927068349988,-0.16012273629360593,-0.09633868314759954,0.7097406545002594,-0.345939469661546,-0.10520981038309675,0.3531128418520566,8
2.3194263400265247,0.023276965358919252,-0.49761901200812997,-0.6699840331732677,0.35199364953017503,-0.7336233716737505,-0.07367042615656676,-0.4412475248021072,-0.275402320240964,0.002824841913670101,-0.2154812141550032,4
-1.1767883319478902,-0.16786604223382673,0.44667559820616637,0.09032824970387437,-0.28342076294907337,-0.8089784261322805,-0.03111765357686447,-0.3947075894717297,-0.2941372305962145,-0.33672382074794477,-0.5608555894130576,9
1.1728468433637567,-0.823141042558478,0.6350174852594171,0.740177479681459,-0.7183897026477535,0.10149796802537454,-0.18821932856879012,0.7366983186001009,-0.12992903704104897,0.4868762536181611,0.0027505076990377345,0
-0.4403698799063837,1.1206746414497062,-0.08028163929295422,0.5830148842326198,-0.47646920267625753,0.313050142945465,-0.5644044315901733,1.5455561049508912,0.553180942136404,0.1676408040073114,-0.16822136645277444,8
-0.6347791129895228,-0.2720511648277334,1.6280894977180476,-0.42618166747101527,-0.36984215020417255,-0.15814564807811826,-0.19609545118148372,0.13063254118802542,0.5002455524324881,0.08491920765458046,0.5120424571114989,9
-0.605373816253137,0.4233415952478172,-0.2524229671917722,0.24677361207764106,0.028628572476191234,-0.36291821905333094,-0.3801481950518521,1.2067933297560862,0.6466724414019385,-0.12556213187510046,-0.3281667431814001,8
1.6355018630790008,-0.40554340816944273,1.2646513744628474,0.59222253553421,0.28037292686672166,0.43219024066346634,-0.09221765922062777,0.18920692336557768,0.24080193009755857,0.037889649945178454,-0.23251722569228692,0
0.1118682053500873,0.908325376984449,1.0147790033502613,-1.0878311338401807,0.33096803920915496,0.3004047991877375,-0.8105494971024509,-0.16073290382373426,1.0503521033986518,0.036190443384325054,0.9499398400528868,1
-1.1828958930137994,-0.7499780030772766,-0.18275699517454377,-0.14199044546552694,0.30560712510899474,-0.9961400284325184,0.6560011160467095,0.9744461359973633,-0.29496471577866323,-0.16701541905395645,0.38474495217002125,2
-1.186162268704778,1.509266214381589,-0.20225768332046365,-0.16879347342769732,-0.1783169121282026,0.41985074745966955,-0.27817258239319037,-0.1551332711075389,0.7770555296515268,-0.779007158895137,-0.3393853192052035,3
2.1170880670362733,0.623343422042829,-0.18762661833814143,-1.9302331493217235,0.24919797883082467,-0.6842115903439425,0.6344280769195056,-0.8824759328856077,0.6477542963965395,0.4451938164020964,-0.1847528825388509,4
-0.28273440907042807,1.169382621297862,-0.39984632883813187,1.7754973853055962,0.49188571970384354,-0.2074972787995031,-0.6316407569956132,-0.04261250016292088,0.055303026506648076,-0.05054357904806221,0.22678608354673574,5
0.6263675669400223,-1.628181400750468,-0.8040472855250779,0.5605588890214865,0.36693099467397655,0.1664486815281402,-0.15352467337323566,-0.22219579412818194,-0.5615662964278203,0.06405879789187185,0.36621288897365717,6
-0.5130623022724917,2.084893122509727,-0.4930158045017182,-0.16029161750340976,0.2997526063149655,0.6320784687604293,0.0196322552816397,0.6618701658688607,-0.2203577378557415,-0.26404537516928966,-0.04335145596944332,7
-0.7659314462251178,0.23960774323798467,-0.3566288063344638,-0.14122007347226312,-0.8486868914597364,-0.17988924121758487,0.006492528836473763,0.2231427284794884,-0.5223904753744109,0.7957837782636872,-0.2882796668643687,8
-1.0730724166451482,-0.9011799203977198,1.2825135321650596,-0.14279879517662036,-0.25750948103127036,0.14530980926877932,0.23842034654889824,0.18381570419462231,0.5800971654493414,-0.24686415552931143,0.13521327476329864,9
1.4686641451121412,-0.1310600356291694,0.8257548234206533,0.7538961656878165,-0.4402225941424107,-0.16615611378109588,-0.31451704508395645,0.4008013568706089,0.1251440687101483,0.14296933535308004,-0.13529425061290107,0
0.382135561565575,0.507110360804536,-1.045980484176319,-0.9082568313891121,-1.463135018729254,0.6521839274244889,-0.23423140032491732,-0.6483753525309762,0.8732149062586472,-0.26386641668133215,0.7552423240842311,1
-1.2610075936068679,0.041129593160108384,-0.16397046025647585,-0.17662779279328397,-0.2389953755440084,-0.41348104722933715,0.558556885786467,1.0619243405584553,-0.3510045184603243,0.08534114809403484,0.24768401269830614,2
-1.5183440208387404,-0.44074800244156054,0.6968695511215516,-0.5839017847035612,-0.5254401644142516,0.7156964894195511,0.28246413276765747,-0.38189180664144956,-0.05226286666988312,-0.2986677686597134,-0.15393574284051006,3
0.881309374068583,-0.11933902149066143,-1.7926611004834017,-0.27818737655433423,-0.24636429302304122,0.25315509795139274,0.5410445452265952,-0.6142830254726244,0.9865032098017742,0.05687115063774698,-0.28360923085828815,4
-0.9455950967287338,0.3104272903618274,-0.3336723627835353,0.5971475019055958,0.37082199861273163,-0.7192503125316709,-0.04700749795470281,-0.4585898859688508,-0.6059081778999281,-0.3951149882578051,-0.4883329848584369,5
0.2939356079237957,-1.5982751808838418,-0.8668995159363814,-0.03466898931540691,0.8524522245062047,1.0084906768780437,-0.11169125984636809,0.11780058000424291,0.1486192423559315,0.2310466789309356,-0.0868799119192564,6
-0.9420025052764294,1.8822053304381516,-0.8762900934919753,0.17772507225360842,0.18679111615523072,0.32548103085455454,0.6913354284769149,0.7048096995332027,-0.10693814998085922,0.09376090345113926,-0.08330426653676662,7
-0.6790304551653028,-0.44367273590261336,-0.21258530356458083,-0.12775466444958442,-0.43080935475779536,-0.13142864512246663,-0.5632139894879429,0.2312096682536779,-0.7425338319293092,0.907564160467926,0.05060570609092555,8
-0.5894905301163653,-0.0826213670420138,1.7703098993100432,-0.2471423269224398,-0.28038687866336237,0.05351088972425457,0.4999916590188269,-0.0627733898790763,0.44532744033354976,0.5074332037369701,0.09799762514123726,9
1.0071823962666246,-1.0613772199495786,0.9902829048958096,0.5536857642819675,0.5978326869171744,0.5490499058139753,-0.16636098856176457,0.75425580604286,0.05227419841868853,0.7137383759869554,-0.24537870046180807,0
-0.022568493224340163,0.8950301182910311,-0.3862452768215685,-0.5353995768865621,-0.733363529662061,0.6539932792430703,-0.5916316836284888,-0.25513985775211034,1.2581267396475673,-0.24189167651072646,0.9576203884716312,1
-1.5522002976827514,0.24454392476963702,-0.17478716719445272,-0.5892303983867307,-0.36534858367499723,-0.2941094251877876,0.37253042927850133,0.34167655681191567,-0.6086590544620306,-0.03266407759440682,0.36719979845098155,2
-1.1368950797651018,0.9693020681553597,-0.027566549856762997,-0.284248255382041,-0.3164213044615729,0.3107104527489714,-0.7144691101452225,-0.5143383497630024,-0.07083542862985001,-0.8072283094273082,-0.48017267700932376,3
1.0341388787673336,-0.01884157691792211,-1.7382542553718874,-0.8895536590517529,-1.3503812257834338,0.4331317734021363,0.24663037573011318,-0.19435351125898373,0.6438724790366712,0.1682284843816668,-0.3023378490108272,4
1.2819892135857163,0.9739437933406996,-0.9934078234751672,2.1427835100978925,-0.39758995270733094,-0.13330331676495272,-0.03581008904180831,0.8081652161426649,0.39843982544441103,-0.16060111373376712,0.38015970658255716,5
-0.03603020240375244,-1.4405464978142197,-0.8878489570366762,0.129421301123452,1.2180969077408186,0.43745750304874137,-0.49493309323552065,0.1473318532750799,-0.5686087650270336,0.09949089536821197,0.161960742249322,6
0.9695728708058149,2.2021111329902436,-0.7332080350285589,-0.10370136883782466,-0.3419677694645703,0.22084209975346614,1.4120143696147405,0.38334107461363703,-0.12229847734445777,0.052650098337414616,0.2516651111840023,7
-0.15625738898499072,0.2074011514945976,-0.39281409548091517,-0.5472840013141137,-0.11640892608075402,-0.27032093276736274,0.13474316852198664,0.23065181550542474,-0.021098530250904638,-0.015812022065381993,-0.730823234389582,8
-0.9901011106251754,-0.3500346530327461,1.1283023726737285,0.3330821921308655,-0.19320264136186324,-0.09124413587356311,0.33024285976214446,0.1484092251909184,0.5428077302457978,-0.19212116553038924,-0.0010769363800039852,9
2.3498516978600543,0.050983417070700615,1.1453249267942982,0.47348199832083826,-0.9420622332564805,-0.11599579373326611,-0.1907071842502759,0.4505119358850666,-0.34740602479557137,0.28324416203552466,-0.024650688275219865,0
-1.0047059853589437,-0.6327343110352242,0.7569965210475839,-0.7675754656058138,-0.04277201344432379,-0.004646847329091551,-0.0327113337095515,0.23727806262447815,0.9413011405893791,-0.5863125977798022,-0.290183346160831,9
-0.5208839508966204,0.5152731489213264,-0.4213038120610629,1.1459533642198123,0.45863034237075406,-0.5675534993998929,-0.40417046060657635,-0.3816596768992477,-0.2892212865291784,-0.00496890413303475,-0.17345968238219817,5
0.5125444880757423,1.2670180556118067,-0.8078843048703344,2.1453864423181175,0.34703846361781016,-0.16210889927783384,-0.22510069768618476,0.46645051200428383,0.4356080737917915,-0.04592654871062505,0.40876172406181144,5
0.712043890505864,-1.3631151917493611,-1.0054866472985509,0.822576127584131,0.5555178933086029,0.6114987015987493,0.17517751734295584,0.052337500682576726,-0.6458107809287709,0.3128622482959153,0.03572096602482964,6
-0.04078342505452293,1.2402966016654962,-0.41489960006490956,2.099735450733324,0.6316596314544937,-0.19920112663387754,-0.5443329829174863,0.42173847435564493,0.42246450335716196,0.05654803751833134,0.2759633014669396,5
1.4092020287919866,-0.17010153178310666,1.1328794012541572,0.6606141781651984,-0.2556993086460887,-0.14537194435873482,-0.6984995044508793,0.5625796247562923,-0.30138666355617294,0.515997696847272,-0.35147746419501774,0
-0.4691328012445783,-0.5645738697455026,1.5351401338401127,-0.6116048584092345,-0.08825996288016039,0.31199672714542515,-0.5240675469548256,0.007570574518849395,0.2696611489145767,-0.30630180391361705,0.20724912114251715,9
-0.4451729662768578,0.2049658621882307,-0.4551360459685401,-0.22633249630324193,-0.9471635382492674,-0.022109564639599295,-0.20159171422996972,0.05156788013953203,-0.4045064455965775,0.6395337249127858,-0.4147051879071808,8
-0.8837871265104442,-0.8829255312728288,1.2535996985293882,0.46256819499049145,0.08884232723495236,0.5225440485490022,0.6473404235555414,-0.021479141807007718,0.6660096282836075,-0.0911007536540075,-0.3228138910846983,9
-1.0027062813657113,-0.44100408605637065,-0.6290255217737799,-0.6967873540610092,0.3124681159479176,-0.6465276776937517,0.16428444915352006,0.5772041224374652,-0.10995217755631813,-0.17167619977295354,-0.3033645228510665,8
0.6044804990941839,-0.8740675129020714,-1.6486747671959519,-0.6172031754039364,-0.042298918063204655,0.7913068922750691,0.7833515739169915,-0.024413513391116675,0.6585673364603474,0.6905892712223377,-0.7601217333502635,4
-0.2867744969925254,-0.3712171975066536,0.6753365742996165,-1.7593995067311312,-0.0243527593209223,0.7016607963822831,-0.36292072632834216,-0.7636936180948081,0.47999655239500016,0.3675877665307821,0.47828330891911985,1
0.4582223375851061,1.9468236370517131,-0.1386982744895711,-0.17847348393524262,-0.10264862656454317,0.5986864173194333,-0.2352843016829141,-0.24767745260244792,-0.23999492490589794,-0.18904432060437315,-0.029261558535189924,7
-0.8628334044678803,1.6689510164665846,-0.010235605959089048,0.18815703011200913,-0.08775355111141135,0.23953456295582914,-0.10794864811139632,0.10230315045163037,-0.6277363794329032,-0.36695829118858336,-0.1398903227322904,7
-1.389657556860121,0.49510729605073667,0.23981375453801676,-0.3504849700996581,-0.44501732108796155,0.4358052237011469,-0.046679642123874016,-0.4643857218029045,-0.0897968574881097,-0.4566389969242688,-0.3826274545222127,3
-0.43204212016494536,0.75940170756847,-0.4018076505300248,1.4694561056170965,0.5412654323156963,-0.45217738635215665,-0.42601979874225276,-0.6963299055650605,-0.035221775219864235,-0.09756451422714862,-0.0294597128627211,5
1.0646412883493124,0.4767245973508195,0.8295181458807885,-1.4482435603876196,-0.36274617907515605,0.4895225507426878,-0.13839396927460687,-0.42557713417878884,1.0046924348141362,0.16705472918002456,0.6109449893075921,1
2.296309916483513,-0.7313039922961443,1.2969351097762318,0.38332857962214334,-0.6194998489383648,0.28720085557351094,0.18574669540541355,0.446871488033717,-0.46736087930982184,0.18699020375067482,0.26518460939129174,0
1.2681758167249475,-0.5437605635493912,0.1592523415077772,0.1312061533946035,-0.3535578767108586,0.3067744577520745,-0.70355636401362,0.7352110072668907,0.5356611891034824,0.07109602115674599,0.22680555977169417,0
-1.365201536169937,-0.41752586653830853,-0.11931522672829649,-0.35683744807048834,-0.006719409017802517,-0.9015684452903816,0.6326872903882858,0.7397080727570463,-0.29150828980090393,-0.01435539165535043,0.17522534788115693,2
-1.2648504897810338,-0.008816933898767873,-0.24703622103124925,-0.1259272723642217,0.00015728514766572127,-0.7029839959419394,0.6662643529859165,0.8475646875366369,-0.2129327704054831,0.016596816294408057,0.05498584090335407,2
-0.590170747260225,2.1111206496035817,-0.7694908300213376,-0.2493344161845984,0.3502115858380874,0.7285846416963133,-0.0319629977155472,0.2001068256164197,0.5055498374348862,-0.16102072306790136,-0.03678935745707822,7
-1.0963563871785524,-0.35241774320775626,-0.026983114056964286,-0.6897631728378304,-0.6396997477417189,0.014578732340312667,-0.24072995186071247,0.38724601483017007,-0.6296458549982814,0.2550962528102429,0.02262805091358654,8
-0.7882829350783767,-0.3991444946585469,-0.2623804955083142,0.458473513071819,0.5007124324614604,-0.8215602947662426,0.3380473054184178,0.9932235264685326,-0.2583322644591158,-0.24165338566832475,0.2270345905408452,2
1.9044365014359197,-0.8667109797940705,1.053983548953338,0.21162253652980534,-0.24925022696825286,0.618602999136026,0.24633604883228064,0.7140567418381271,-0.11457833634365636,0.5912437709756916,0.07634242596727212,0
-0.8419996900033906,0.39573418353405204,-0.48203126854486866,-1.0325381085387833,-0.508354400568561,0.32461486563248754,-0.8698865921790285,-0.5575651611242932,0.8078197925557783,0.2666170281984685,0.4720993498230585,1
-1.2235850929804222,-0.5597764118115596,-0.34727420812626075,-0.20348233782516906,0.2377742382615327,-0.7436450476032566,0.839511600414534,0.37397354073741934,-0.1995041008719127,0.3871202805796064,-0.10144584679082841,2
0.5821170384351246,-1.620647478453659,-0.6388931188958983,0.6800875263002011,0.5827832749317735,0.27867607231406827,-0.12078975496776473,0.48925442989256346,-0.31012425014790107,0.10946485455107056,0.002149768736018353,6
-1.4276166588569745,0.038355065019101894,0.7818115803150184,-0.023729767070454863,-0.5618900581687633,0.7515859130588414,0.3466657267738153,-0.33525755092931175,-0.057986166451120896,-0.2867298654467764,-0.361461499030059,3
-1.3415795612207426,0.2560775195908722,0.05514736812955765,-0.2703847841012082,-0.024895116819023802,0.09899427547508002,0.5976769623310946,-0.23568905520888656,0.46318958900089485,-0.390441370102413,-0.5632152975880256,3
1.5942029775550164,2.214294020210022,-0.8426412469952339,-0.5056254935395451,0.6139017031874079,-0.009792046103719493,1.430288510931588,-0.04575705365329448,0.3140215447813496,0.1045786588759495,0.3015291393262104,7
-0.9957592502036057,0.7653501584055741,0.6353677873209246,0.8319067411172194,-0.2601830142383202,0.6275845709144385,-0.15940589464469052,-0.19571622262152547,-0.03944236395749514,-0.7652901154206381,-0.5115693218901907,3
-1.3872343794054613,0.6397827688212109,0.125541206607268,-0.08758363666928089,-0.22219108722858846,0.20861888185355848,0.41892929785961064,-0.23374002014680517,0.37320868856859574,-0.42144857306323413,-0.44025723590845867,3
0.35171842228591377,-0.23047653938961116,-1.7099101276100293,-0.7984583634880772,-0.1494897676337547,0.34894158790695184,0.294780640743721,0.313912670227219,0.6082213486488759,0.4468449121699263,-0.42802413655082516,4
0.5606245458781506,-1.2171176028420514,-1.353547228735099,-0.030455939852177087,0.7847787879200957,0.5690587940408187,-0.43196430238749794,0.09223377497184682,-0.14465444991512783,0.06531678371779495,0.17240772026149273,6
0.6404403511339302,-1.543694962903336,-0.7781235098061635,0.484433972491701,0.5985216931025926,0.15843070605954704,-0.3908801380483241,0.46263451209319817,-0.13027048308408204,0.043257771426157686,0.03065796985327314,6
0.9238164116023866,-1.6862375928861886,-0.9071052698035922,0.6770996035902,0.37156587941070696,0.49594101152316944,0.09758689802007302,0.0914174386958561,-0.4011177051879675,0.1806411205467486,-0.07230963169080735,6
-0.3563328298734024,-0.8582361638982061,-1.081467848129704,-0.6514907721783787,0.8622439983618295,0.8792994152238235,0.18478405268468553,0.4853441773184083,0.26543218724022016,0.3683804119944097,-1.1678155059009505,4
-0.8658617682440446,-0.5284399551813139,0.5856436675268464,0.24025524817936986,0.04783357057740673,0.15482480507700094,0.3788361139733698,-0.5922202552062963,0.3584169709254902,0.5253138524732465,0.3315997495880735,9
-0.16703029716030318,0.16154736460863842,-0.9756632228480879,-1.07215543780234,-0.7861564375546072,0.4713358373981235,-0.4237006635087942,-0.11307591057447254,0.531322819990331,0.039972404621220196,0.2929871985148859,1
-0.31545154091547,0.557421433195895,-0.4929237782722724,1.377570610352054,0.55416281633343,-0.5346615685771736,-0.5718907418361256,-0.2599293012658091,-0.22467469443942342,0.08888083012450065,-0.020264102492292334,5
2.1310507339028386,-0.6598391179482072,0.9634252550043961,0.48859712100297054,-0.3471703236872167,0.24536939086809667,0.17243594713669527,0.478506242631836,-0.09903426080968876,0.3171737764501951,0.004790056594910697,0
-0.6480009825646487,0.48137878453636335,1.0797854566037386,-0.12036889167851161,-0.2641476509408593,-0.22115050130095293,0.26016501701933387,-0.40485351558491567,0.19273347772099272,0.48698418049556996,-0.0929297435322612,9
0.21412218573618755,1.1227481055758768,-0.53709151877165,2.1718778319085663,0.564328903779864,-0.07921941930477648,-0.6176027869485398,1.066732503081106,0.3149015135629141,0.3415156967341494,0.1834393941340183,5
-1.353326331221662,0.5726453980076344,-0.10108037934754514,-0.18991133212386252,-0.20899317587385607,-0.15176474290777311,-0.016604948119992743,-0.022519542909775175,-0.617741401041169,-0.395619574175715,0.16820459056120118,2
-0.8803850022582441,0.18511334787764122,-0.2837694723017213,-0.20386784618007212,0.040086177207903924,-0.7327542495253226,0.5301145768234083,0.6176444104010309,0.0046440904978265075,0.38216360470070193,-0.49034762623846606,8
-1.3103136178598545,0.13388209053857533,-0.36047338647623817,-0.02690065958839684,0.3540302150462442,-0.8993134395641625,0.8350430986496056,0.5782211985970214,0.10475402636788878,-0.22378694131969476,0.0269632370659928,2
2.405635984299519,-0.06424388411953325,0.7383860855220327,0.05538473797007643,-0.507193072143622,0.14577277184790702,0.09727921290251453,0.6704096860864511,0.2371818298281355,0.25836446591226603,0.03061406371649649,0
1.7967408470561828,-0.9014468116428129,0.10505637661698311,0.2648390820923267,-0.4727518656549421,0.5506261927499351,0.5981254250486281,0.6815728031202632,0.6403374514018418,0.33922314684627697,-0.015236018628757194,0
-0.08372050016928581,0.5199285826401097,-0.36260944716052884,-1.023691303730701,-0.6058928328553261,0.8307198460151562,-0.3478989483150157,-0.7205923277569799,0.8889310602602184,0.1088511274056975,0.9662630973374091,1
0.37026732474828566,2.5509426058432356,0.1410354707206901,-0.6480818703264559,1.03885152970266,0.19476226283294146,0.46383450669397425,0.012246453849464187,0.5444301295309699,0.6424883206398337,0.3319729246632886,7
0.6378785654751254,-1.5686311707917728,-0.5121896548757245,0.9740868584282919,0.45506116577718647,-0.11488721890267874,-0.17588708044131143,0.699540261307789,-0.2381683232726532,0.3397520389405373,0.16465633976465496,6
-1.3651473445742224,1.1405037469359103,0.096386720457689,-0.12616452435182432,-0.45743113088713355,0.4656705883789184,-0.09260067795910543,-0.43015270075581746,0.05403054287506968,-0.5402777427550519,-0.2926505285041442,3
-1.1914849520577095,-0.7405038132959462,-0.19377576572656716,-0.15475677780381672,0.3223424344228238,-1.0173705744481076,0.6708323878697684,1.0075095500656985,-0.2747067763294854,-0.18028450550365901,0.42221119347802444,2
-0.9734452746498612,1.0896182639597893,-0.8048239798906918,-0.9203104003996769,-0.23180770076375523,1.1685380933511058,-0.4835905742939154,0.6720228333697696,0.2874066098767372,-0.2448682311285015,0.6060587191500604,1
-0.6216952379651163,1.8523210535993482,-1.2960171214926763,0.1988785711125777,0.44379609602331044,0.2983905664330905,0.8984258160287472,0.6883021915191203,0.12506306128611736,0.04526568172907687,-0.06503021441981609,7
-1.2881124646181892,0.7950744778385964,0.05771745705459421,-0.4645671904384016,-0.2137781705034636,1.3476793684408248,0.14080211453652425,-0.369463732197989,0.536448836961222,-0.49990842265165075,-0.5594724470297993,3
0.3760248521096348,1.1671315695514872,0.02837970583678545,-0.772118599139094,-0.47286012463806654,1.034225760914844,-0.2057111165190911,0.01305733065775028,1.2097901906032,-0.06109589167857057,1.0904294704604391,1
-1.4136050138401006,0.5164289583603441,0.16352907288243065,-0.427574335799591,-0.3432039923213976,0.7324953921323668,0.29001525979664444,-0.41039653307408985,0.3286495596381049,-0.3870762357307732,-0.6325506766864997,3
-0.4771720489681148,0.4056293317636879,0.9312403508293309,0.3789395943391842,-0.19442287580417303,-0.07818417560690762,0.08057591222869814,-0.4807781328572167,0.37514521310394067,0.6872023561961674,-0.2623780236184728,9
-0.08708992941934468,-0.2229752634842306,-0.9250747538394309,-1.2998924759240817,-0.9432507076841757,0.37193997312004157,-0.5443024599092049,-0.4364860707887237,0.5519867050374568,0.31992019879116884,0.7783695432765175,1
0.49932163276600544,2.5766936998135184,0.5762793912226233,-0.8717238307746844,0.7962479457074807,0.6654641701791483,-0.203625430670651,0.2410355512809583,-0.6122971686741413,-0.105136067493848,-0.10091350617489343,7
0.05426454962580429,-1.507090433929751,-0.9532548407907079,-0.3122428174479287,1.1038914484838622,0.7233634767658531,-0.3949599369020498,0.40135787954482255,-0.20722998407165286,-0.2603517087774349,0.09042170223643632,6
-0.5349453316118598,-0.28831849844060087,-0.1187160973844935,-0.7650713267904514,-0.5153465930060543,0.7059954843496701,-0.3222692149380379,0.11676516586881683,-0.4795495651404344,0.3729736712772667,0.047102523828722515,8
1.1953402475291808,-0.7689726210659594,-2.0178118550966846,-0.899064479215635,-0.8150827264299269,0.1672668777155008,0.6485986869302364,-0.14561198352033514,0.6702072925267545,0.36239647466988084,-0.45099810865308093,4
-1.230604409996803,1.4752546015052173,0.1275634310992515,0.41290543856561207,-0.3404951764034886,0.7191161082617165,-0.12871643179619618,-0.5397794892819072,-0.12044921379986422,-0.647105153101801,-0.3398634054463229,3
0.14573548169397477,-0.16429871249688702,-0.6946727272760752,-1.5008632020048913,-1.1888377849062592,0.23725439155497455,-0.4341332688671357,-0.44781559267030707,0.4390266900289175,-0.010126655382656084,0.39380632723503306,1
1.4226825366129396,-0.6354362848790397,-2.0762536988981655,-0.844606253774992,-1.1160867173020208,0.2111643952137942,0.8087630341601199,-0.33283090878297583,0.7652349108936456,0.08612300917849221,-0.3532111056515039,4
2.2398698559496983,-0.34875723662728936,1.3397441312114096,0.5763992873196649,-0.5778848888246321,0.12500288030179424,0.294422298167385,0.2121690390181514,-0.20061272168385927,-0.09601473617063686,-0.02103278320360875,0
-0.27736533794672386,1.2550376297328527,-0.19874237461474767,1.924234112582761,0.48228570028359696,-0.21821179265835416,-0.5438898984241255,0.447483159770331,0.2916236938200271,-0.27281575735230507,0.20389777592806788,5
-1.051182067801221,0.6958664699673317,0.33359443715462833,0.1671728616333228,-0.2035090091574693,-0.23512441314953922,-0.2507457830634422,-0.5231573667150324,-0.6682976731070155,-0.6419979102470703,-0.38679523320988,3
1.0403370817844506,-1.2384897585524963,-1.0563816380128974,0.6548900709337784,-0.0659535199924778,0.4807662594814273,0.404291979150125,-0.24267320176581209,-0.09547263362109829,0.11990176418076592,0.11872446128598681,6
-0.8785249585519962,-0.5245531873681877,1.2124754764327708,-0.3917625730744647,-0.031231483531507436,-0.13429656153146843,0.5765228024677284,-0.023656948959805704,0.23775532320645298,-0.08204440226619289,-0.10300168231189226,9
0.3564814685402254,-1.8251571238324167,-0.3709103934621621,0.6775583399302949,0.4073082467638036,0.5990538944286544,0.2270611337018389,-0.28353614144933725,-0.247825110754805,0.3600189160097925,0.07542021572137857,6
0.7619897346163728,0.02403597289722391,-0.5058846414581197,-1.6346926774300492,-0.8327599516893112,0.5931683721315538,-0.09297499082146565,-0.4184711778314175,0.3862341753228872,0.29740476337910526,0.917325432748359,1
0.6613148598600026,2.7498539281636774,0.3060789690137088,-0.4636595897106059,0.30021774275244884,0.35122340816233827,0.997915186857408,0.6327777952889272,-0.6701060478879001,0.6610015963929557,0.19760641478652247,7
-0.012812664937016894,0.2108892320865459,-0.1722385343688736,1.537915200311376,0.30285100432347606,-0.6142146871375307,-0.8731959558143805,0.5623247028109348,0.012140308489090881,0.3575912600002261,-0.13276466002567966,5
-0.17980529271814932,-0.8906894908563883,-1.203772120441512,-1.0242652691858882,0.25176830619336876,0.8525852478730026,0.32217587599524433,0.3657024081280139,0.32223312506898005,0.6238897539778864,-0.9281169415658411,4
0.5257188531702551,-0.36110862965658735,-1.565336009586462,-1.2674737200424115,-0.45681526261831173,-0.021239263151793475,0.10766248174047255,0.24014600276683984,0.31488759745604916,0.37131095178397866,-0.2272966158522481,4
0.24811805506432366,1.8270027704616634,-1.4907789599827803,-0.41417872058759025,0.07422106526814719,0.5402940407327124,0.7679479203481258,0.33820541891210937,0.7830699306694437,-0.511641963189346,-0.03516131814646593,7
-0.4279349683641793,-0.9247677003290349,-0.24320943018965346,0.6373212480509897,0.5457411554127013,-1.006628630030375,-0.1477501549265384,0.9507666535776942,-0.4018965334204451,0.06145772127478506,0.20496127724888463,2
-0.9797957989001358,0.32927341699807733,-0.48137366472476617,-0.7237302752889224,-0.32244509478551686,0.13501375857856854,-0.2241863868907385,0.5844997406510236,-0.18354113556075163,0.03270104292099886,-0.35643815074627594,8
-0.6075470901122345,-0.438785794539683,-0.20860346211321723,0.581141374864046,0.34667172827952925,-0.880679941203254,0.28465823547764574,1.3157476930748155,0.013021611373424577,0.01649569928019233,0.05154128146586801,2
-1.3731823707333686,-0.44015559235599694,-0.14800050594738365,-0.4396434763549058,-0.12029322711884718,-0.7692212558590739,0.4285804864077768,0.4629740737899757,-0.4084872273711109,0.23399306838617723,0.5196885505888333,2
-0.15471919095435346,1.4635845613726701,-0.5879128034713845,2.009214167667923,0.6756600612611051,-0.06849922985165166,-0.5079610979134523,0.09236777770077324,0.21911430426581371,0.004823964926280953,0.35279332685911297,5
-0.28871558841138306,1.1664907871704764,-0.36890365526938407,1.7691916003186903,0.45431524233072984,-0.1953953318195354,-0.6211129785921787,-0.1154864394667714,0.09807214910834668,-0.022928789309038827,0.19630562282413863,5
0.1381087980391411,-0.2457895848101808,-1.352453247343719,-1.1258576410004955,-0.0472384027031128,0.463246536551666,0.18900585125301642,0.3649499100665804,0.340595959232993,0.25068855598262446,0.12590557375768377,4
-0.7641955039699735,0.0934058655842203,-0.17699628692025218,-1.0020572786323971,-0.16820336230234195,-0.10716116261657753,-0.1727679195703878,0.42267084088997425,-0.6580437918113856,0.2079223025459353,-0.28028050284433204,8
-1.0920886293903485,-0.0979766157462139,-0.35435286827095486,-1.0558629871849725,-0.4644841265240406,0.059589341134393695,-0.3384601080964916,0.44437011160645934,-0.33087168332923445,0.08402689088137515,-0.054787536003589266,8
1.3672420197861441,0.10002603168885288,-1.6926419867709623,-0.6746626588369085,-0.5891857694285573,0.3223474878539322,0.7989774942577034,-0.4333899951549124,0.8655867892917132,0.21189821085932528,-0.17683227404389196,4
0.10918011629913972,-0.18076599979533392,1.3394962292868344,0.015344834490262901,0.35332810047393287,0.5896180013914267,-0.0263330012184226,-0.9221820470900306,-0.4379311160660879,0.6063230853997674,-0.0880738898608433,9
1.7390006138703167,-0.5542416492681923,1.1188264749970736,0.33106308008496194,0.12951346260462504,0.6839832510391238,-0.14584736667111042,0.5710067521526767,0.1696271691417524,0.45579454419064114,-0.19210118942906615,0
-1.0024187673683094,-0.4847484252441025,-0.0396700452005412,-1.2986914300806986,-0.3191055811875075,0.6358142346342206,-0.10225597760763969,0.5387519341364231,-0.3047979689734213,0.0807992586181829,-0.12917961814321027,8
-0.2671450885145548,0.12346617684855907,0.6851255693685168,-0.09487513823015711,0.06275348614678218,-0.5366897635240298,-0.2528302727671362,-0.6742369624042667,-0.17098896335521171,0.6937388046690135,0.13132768942785447,9
-0.33279331591852684,-0.22494731577841778,-0.00083649119686602,-0.20530015739079457,-0.019453490072885625,-0.3384212622931535,-0.729575997415079,0.2069757299923271,-0.9811383046440334,0.4476358499115656,0.0009747428570176683,8
2.1038676397883598,-0.07751192732571402,1.086792385263371,0.4519397697457493,-0.33906135088950135,-0.7096464524667699,-0.25411897677750356,0.006267337495552738,0.061728267722476485,-0.1692114966554963,-0.21058914317415794,0
-0.7796165016105925,-0.19115729733955408,-0.9288722579374163,-1.3066002575418176,-0.09397850059934892,-0.014225221062530874,-0.4739354732414427,0.7816885060896492,0.05299098627034595,0.34502582333334575,-0.5947283802464878,1
-1.1679121029359134,-0.3535458584073185,-0.06628687987386897,0.04665961615899021,0.07006591302897057,-0.8024528006328344,0.3749033238913779,0.5469363244838056,-0.10991866286266537,0.14862286211859746,0.450063794376803,2
-1.357123483124632,-0.7413188038849049,0.3147454650061287,-0.042633972493137905,0.267556085969245,-0.12142675712343819,0.985125071040349,-0.20848420998044562,0.23831788062670475,-0.3737406305829425,-0.330590120810747,3
1.442303123308834,0.9567415318701509,-0.011175970567976212,-0.28808333386384344,1.417848773264935,-0.4317523382934875,-0.32843214373826946,-0.61032416786569,-0.18534404647917627,0.145909238597779,-0.13566728330674394,4
-0.8023821999962971,-0.2943211025764984,0.6477685521795796,1.1009059785562318,0.11192244922965734,-0.4899249664689665,0.154026396117655,-0.14561781647830227,0.7260086094489657,-0.010037866241914304,-0.39864691461638235,5
0.6623363616919763,-1.4961387258522971,-0.8546249803105003,0.66580173300345,0.514391555108167,0.708351952438413,0.15079382800316704,-0.19715025031962263,-0.5246820159150335,0.04960545534862077,-0.2989182203440592,6
-0.11860710120664944,2.4261856777018864,0.06440326352086317,-0.41249038787286096,0.5905297731887574,0.6409558094694948,-0.2565690748453839,-0.05671173227270895,-0.16302424051763023,-0.2711830884531402,0.032757199083944484,7
-1.0188402047219263,-0.6187023683555254,0.09280137716237957,-0.28450200268817893,-0.35635386410525777,0.045254535025412865,-0.40993968069187525,-0.28180395850647944,-0.5413832455495677,0.4664931439716184,0.46932388389131113,8
-0.8786249583349416,0.3799847352822363,0.3646948207485972,0.1722314138798311,-0.5452668250172488,-0.47074505171450154,-0.5977325888590925,-1.0238696163244683,-0.430183439597131,0.48686379717351064,-0.3820898521306683,9
2.24053753110581,0.06644278342686022,1.0652527977201627,0.38909033279799676,-0.5166320426982556,-0.010901448282425794,0.3101111910712221,0.26835910692368437,0.27034141736288053,-0.09486693201156723,-0.04041056841901935,0
-0.9542294433716326,-0.035796603802964524,-0.8711586288047442,-1.4320284076693204,-0.05331351365405805,0.2751552395688869,-0.4189600671745863,0.6050916075832596,0.03753721017439661,-0.03845771652420799,-0.16540964158624155,1
-1.2531410045569868,-0.6117424900234741,-0.2807319399947353,-0.4309115317522317,0.05505394510961253,-0.8204100286039238,0.5318449588821089,0.7049097866029375,-0.26274548985900414,0.29039430033078206,0.503106508358664,2
-1.4640888372608019,-0.5133969509606867,0.3114938317728635,-0.2228495537621414,-0.21612073383763042,-0.1777332019358934,0.6543403130561547,-0.5431739616308159,-0.1738450412545527,0.021648190555010584,-0.2503195648696693,3
3.121993361300051,0.436525028799794,0.10705982025215241,-1.3182285505744982,0.7458884825932833,-0.9201134800169363,0.5284187863977905,-0.7310054922894755,-0.5433794222932122,0.30764257786707744,-0.16049675765381724,4
-0.7860245100129728,1.3686505048463045,-0.33146453820060096,1.3366545696836196,0.39825115004940526,-0.17193154835965596,-0.13259642396838556,0.047457897597431374,-0.13040698039624254,-0.5580541777805061,0.022465746654764716,5
0.13755264466679681,-1.5153279384970006,-0.7267894892381392,0.5544645687024197,1.1568651470727311,0.8403642203597347,-0.32366298636720675,-0.01941807880882162,-0.4836836167147909,0.4449903320091792,-0.16842298066508532,6
1.0056602105946943,2.3303491734952244,-0.2674998824975794,0.13772154870265546,-0.1440210626774687,0.20971558451314518,0.9996327540529772,-0.10473167345231903,-0.27215465367291813,5.731751988846055e-05,0.2757278172595543,7
-0.6677367944598441,-0.23504709170803112,0.08011501758157501,0.05648076009521986,-0.4646556868915427,-0.5877816290816325,-0.734588553100526,0.19582793199932075,0.13642201130241144,0.7625872766603798,-0.24506780866893635,8
-0.473754803488838,2.037830769617258,0.03760936766414846,0.6359039684036573,-0.08427532616621997,0.27576175484950516,-0.3013091949382075,-0.5933464226937508,-0.23491607386832764,0.6768156571191756,0.30465009504114643,9
1.585823702019743,-0.2345738311817694,1.4193098686267867,0.2763403270118605,-0.046777907171104284,-0.4760815643562059,-0.47118019783696535,0.3443590054625406,-0.20085395897812605,-0.05312189835953377,-0.22686919965498792,0
-0.29970749192431306,-0.11301781480209491,-1.101163357288734,-1.4189798292262683,-0.731373538535772,0.4653947613866335,-0.6001676906365017,0.5450234477765655,0.0069291451181522235,0.36716896401759086,0.25403596254814764,1
-1.1876185131056287,-0.5309443730174719,-0.018530784563887993,-0.4529727949954164,-0.34180016017517145,-0.4193293343909225,0.18211593028772152,0.8598592560098599,-0.6602116753366388,0.10650297939199864,0.28823699408275527,2
-1.3270845545327001,-0.46875173652134705,0.6015675014187704,-0.12685354644479943,-0.19615943918387813,0.1696176133662274,0.4713013093621511,-0.1686155503499107,0.2882223083411313,-0.3641860706682254,-0.619320402849209,3
2.5004474009221185,1.063436516610424,-0.3712427330037856,0.002294620797194209,0.885673315912319,-0.44991667405609415,0.25699740735130033,-0.34414009868862594,-0.3914185165230312,0.027461100930312586,0.12197255971406992,4
-0.541194682288466,0.3153909077926905,-0.17331731095927702,1.0199171913000402,0.08814799002738159,-0.7063980379793862,-0.10632957379575457,-0.7756714556553995,0.1860048388649728,0.13910306273061956,-0.28747906664442924,5
1.0060687327992532,-1.6872897930046191,-0.8407080103566664,0.8220396405686113,0.027745495992833272,0.3319638745381043,0.5591204348577175,0.0702499960754684,-0.6473002782060908,-0.12452323426826685,0.07413077041188436,6
-0.09402158982267904,1.600938025717264,-0.5429061878227485,0.650021506970294,0.3975441636653408,0.9001969904146622,-0.4529315538225838,0.7033438819230045,-0.8083766730051677,-0.21305712829219758,-0.22614672307270317,7
-0.3926024107749852,-0.45048539223576883,-0.31970740419149396,0.31817592939356093,0.19419733644608217,-0.6383835077975928,-0.9164770212673254,0.03460562301982507,-0.4011722861109331,0.2249163350905785,-0.3179481171349614,8
-0.4138316962139278,-0.058947335938527266,1.9685504890150756,-0.6682718094052699,-0.028718588540004225,-0.3150685661733748,0.6152498016228563,-0.0035758972093210234,0.0698181340297753,0.2161815610785597,-0.0643660134150949,9
1.7447711358021232,-0.042616483366594266,1.0803129616862834,0.4996697733513172,0.12933162624366723,-0.7793523916170282,-0.4038227375601992,0.45180226731263545,-0.19265098393236862,0.12016294357903742,-0.3769615846162449,0
-0.3783643287895248,-0.624196174608752,2.1624408127571155,-0.611645694092454,0.0857245615435329,0.6059134111270466,0.1624285356000179,0.039506162855137764,0.2956685930587213,-0.23198418514925026,0.1133869336021785,9
-0.6861659544606096,0.5525816836351933,0.18707989097935018,1.190531057592871,0.08481429329451867,-0.6646585742956268,-0.3228886847285549,-0.399694716972369,0.8268988877218844,0.10834992649087734,-0.24069329163117217,5
-0.5753694862691221,-0.8107292964739723,0.1746451083104826,1.0201338343599664,0.5530490875108953,-0.17722883414142332,-0.1346128893576137,-0.9003580495134782,-0.1738995354830047,0.034530650507597675,-0.04066155649350812,5
-0.014215761456355409,-1.5709759414934934,-0.7742199453562363,0.23336939133965698,1.2364270934896544,0.7169072432897384,-0.3594610249818728,0.10002223120501495,-0.5157270423776763,0.14640457167565582,-0.059059755656382246,6
-0.616523771928412,-1.5530042058087865,0.6284577498421189,1.0047126410893752,0.5973655610867624,0.01479370653399336,0.2299207514445494,-0.6362080777534728,0.2862593568554695,0.2393041018464884,0.19139479751027932,5
1.9842352349317944,0.4254219899919837,0.9626971172656087,0.7873873455759591,-0.11839607441275976,-0.7772482293004841,0.10980058743670029,0.0787464287443327,0.10948853973360262,-0.4653744061260945,-0.04269103534465115,0
-0.5174021768952368,0.15694437421844776,1.0429949155573872,0.19547962143118297,-0.29031043452083277,-0.7226768576449368,-0.5703053840286327,-0.5727254620143205,-0.24119519084401014,0.15505196001795463,-0.25384571166872283,9
-0.8512783839286195,-0.6173564062950918,-0.1527490264371243,-0.6263514572824419,-0.12396170091201988,0.00644638040010796,-0.7521442376609884,-0.05775139754101759,-0.5657988872997516,-0.260210157851606,0.15547833464526573,8
0.13917283130521169,-0.7857226121791804,2.208496584303436,0.144274566393126,0.3667571820328702,0.34139668176294014,0.13464202511187162,-0.5523183643150646,0.09560115771821587,0.673285844540237,0.29650723493172887,9
-0.43375483591606323,-0.2567337573848578,0.16460081063492737,-0.32887122486974557,0.21961800849791935,-0.4123348067730848,-0.36120183043746656,0.07297182835153121,-1.2522288905938845,0.019943260610410202,-0.009315360631793019,8
2.2429973543085775,-0.4045993708015538,-0.517556943382516,-0.5324925055300713,0.5072319538422372,-0.7405582934581826,-0.32674899662369117,0.3244258289918261,-0.1302319676578271,-0.11342295823528743,-0.3040029761439207,4
-0.771393627816086,-0.05182572497233954,-1.140318750381967,-0.2221375199225663,0.37558367270128884,-0.4573377957748157,0.3529131544784936,0.383442166176172,-0.13016868786412136,0.9136299952649788,0.1950419375051477,1
-0.1883962026498765,2.4142555992620576,0.0010651761439521563,0.12181579811327928,0.6441676756452698,0.25364267530551693,0.5751522156781596,0.3350687750724253,-0.29505145951075634,0.14332118380004077,0.0444458285005695,7
-0.7805573609637719,1.5009722998262027,-0.40276738388640376,0.8613586947695774,0.23373542993582638,0.4562676830936091,-0.40052605525729523,0.12641898916976566,-0.644293441143932,-0.8537779731200268,-0.10441113899776772,7
-1.5838514895584705,-0.6372292722278979,0.662623046944464,-0.32220642638985536,-0.3785749008510117,0.27564828578775796,0.6104237492127231,-0.46181764697276606,-0.38085547480015763,-0.22066244796817652,-0.013140892360734947,3
-0.8793562698129029,0.2079533672292406,0.02815322624271682,0.7260285909546355,0.20969773829422336,-0.8513430401067228,0.01053094109802975,-0.46716747859105984,0.5165298935300436,-0.04539227031818514,-0.40558509772442464,5
-0.994504162146983,0.5521036076138675,-1.256466890049842,-0.9527160292112837,0.5704053022661567,0.4041234064158938,-0.005027444320444054,0.5433576928385668,0.4590033190379661,-0.1989941317031813,0.624578244603841,1
1.7807548805328997,-0.5262042772722023,1.1508174757327752,0.4642028920802904,0.05020764342851696,0.2862301336875232,-0.3273653470252554,0.14685534239645284,0.20347027565710413,0.0065451114548323,0.05418783121587671,0
2.1731860716283053,-0.637325498606957,1.3850060998275517,0.4334990893762361,-0.644586146327488,-0.04205284591637415,0.15304435788053602,0.23787777679035063,-0.34116822479309217,-0.11036508915126501,0.16260556454763825,0
-1.0002318872736427,-0.883602982657568,0.08812613178893357,-0.04221364717661676,0.0676010331724829,-0.9149410489006191,0.47927573191454115,1.2948209808021989,0.05103977292740432,-0.12489693275469688,0.2709882402719316,2
-1.158079001235278,-0.7341495161654947,0.26589151430008906,0.004629276305268897,-0.011329925598595303,-0.979056794287707,0.4243432427939283,1.0581164629098614,0.001993812642123455,-0.31470848903443294,0.3271470594690645,2
0.09405837221745018,1.9352102822909887,1.0713794623280368,-0.7964046276061993,0.5219771838352883,0.13747801766548637,-0.23578249665017137,-0.45838191756779445,-0.6318816523083568,-0.4135527042836644,-0.3027889742567489,7
-0.8945756684593071,-0.5927094974948416,0.15224872703699155,0.13061126270905093,-0.20514659623864784,0.22410582483959288,-0.48806197768165066,-0.5585062504771993,-0.7927049620982167,0.5918340121072178,0.23921538455645572,8
-1.3988689159144865,-0.46938446734349054,-0.09716744738920227,-0.4034311976231765,-0.08351134018823027,-0.7597372565628769,0.43661561491945206,0.5028748517431754,-0.44827264808296396,0.10178257775527404,0.5123878209139254,2
1.9152520004455664,-0.09000467941838995,1.306846666295212,0.6018131916706708,-0.23094828113264942,-0.003619154057153643,-0.11025124940404252,0.2600751121544786,-0.11306928771025448,-0.1047370805479456,-0.014740535261489005,0
-0.7510877115961071,0.4881016150965333,-0.8463630796266625,-1.1853972125599537,-0.44658030570336743,0.8369417933066944,-0.571575105658707,0.5944628651553447,0.14606272473372187,0.0009551448204117018,0.4180832391495543,1
-1.0660649721119049,-0.664700457484932,-0.0983153285724939,-0.08242976629173214,-0.017193143909480044,-0.9410241755288004,0.4625766572035707,1.0364032498387994,-0.07511913822582021,0.3119578301433049,0.2374762347872669,2
0.06578688603800069,-1.4490744286648114,-0.5246073718662997,0.2957825605657521,0.2726861320751164,0.375788820395003,0.601807837906691,-0.025027164377636153,-0.9465682028733401,-0.7001197189551583,-0.1629796275723178,6
-1.3405638675410705,-0.9478379960130832,0.22486959842784332,-0.14743678554689513,0.25837497542753946,0.16281429052197546,0.9999958113416655,-0.4427485865170215,-0.12374725392165895,-0.1389683509263719,-0.18836848319944455,3
-1.551024037476072,0.21433465505796603,0.5306145037081567,-0.04354689291388121,-0.5375044314079609,0.24846788412202248,0.5455522953911137,-0.3329208171592663,-0.11959643204788399,-0.21458075911059882,-0.3357387949439887,3
-0.20057635883676264,1.6418400004185272,-0.4227655850631059,0.27978259370755026,0.9484321807605769,0.4932038703931475,-0.2702517925308941,-0.039946756988692676,-0.1394166359423239,-0.8883479496294501,-0.23967967072409696,7
-1.307397653337227,-0.4741594656746541,0.6852322961628219,-0.05700976414959415,-0.14905413807233672,0.7948932841086642,0.6328686623381037,-0.23511371189604574,0.49792530118192735,-0.21802279942462724,-0.4423465709069404,3
-1.3326335787281949,-0.2207579963134893,0.4316695524741555,0.11824038032730624,-0.09129830148009527,0.6570693058259046,0.7703878177326362,-0.4532127940796453,0.15436178105528428,-0.1130215056446271,-0.4476157283247239,3
3.7335860324929766,0.4555587728379675,0.2682419106446389,-0.8919007345626678,0.7533074410365125,-0.9832710739422631,0.4847718453568506,-0.04700097904776194,-0.6844972569173787,0.1737895238196507,-0.09119897779917839,4
0.3718180043023693,-1.8973062566084071,-0.45098273774811004,0.7993420669151804,0.8049994449471727,0.7074955211285587,0.08910425647037837,0.3527170673219023,-0.5055680218867448,0.31340273464043167,0.20061629056077165,6
0.13004107563892373,-1.8268615751786097,-0.33285538630328254,0.6860666098163924,1.075772349542274,0.6690656876460663,-0.3051967146458727,0.3680533483060187,-0.24121557441163116,0.35344683437655616,0.05950149799878963,6
0.10424484242764023,-1.6182853463972586,-0.745512537982558,0.3902838077146705,1.3688935333028645,1.2298969355239697,-0.26843297287780815,0.10637776385452076,-0.30686008823647587,0.2362515689579256,0.15354228224568686,6
2.5963015470793187,0.5334344980943946,-1.456703479805034,0.9116331495111627,-0.37209549171839634,-0.3794800575693591,0.5517351626075638,0.13091036176965212,-0.23366819754860607,-0.33933112025977524,0.24083274382068906,4
-0.8199030538300147,1.4044019633939093,-0.22372307450138348,0.6170193120563692,-0.1423732449446234,0.23532591265835356,-0.6262180379383676,-0.6616417544431109,0.37583727057168864,0.060319457268004834,-0.012715454533947578,9
-0.7699900333044944,-0.24056769324928426,-0.9263515810873156,-1.082439601821981,0.09963253064389778,-0.30794822734919386,-0.35663706920169985,0.5114494540136636,0.3222947902494034,0.44142626966987547,-0.5407312199594199,1
0.2782456913199016,-0.47052856492842465,-0.6023497311867945,0.7554266376569264,-0.32993558968863423,-0.97696051243406,-0.03655497139502941,-1.0929427658697946,-0.24222197278471017,-0.06043601151096092,-0.22707607490325088,5
1.3048674477446014,-0.24830112438494864,1.1991299658180736,0.7385989635199951,0.03581023959692191,-0.030632140864353414,-0.5131720721251325,0.22979006896486495,0.07662428506662351,0.18428381404722224,-0.3311287195434346,0
-0.7883292398977542,2.100258635151713,-0.20100782715692475,0.9160890206963985,-0.17422087363901745,0.42565443536986514,-0.3471953340493684,-0.6640944036188005,-0.013174430527146752,0.3375258563836766,0.3176079840950318,9
-0.6405364357595381,0.5628445032642856,-0.028633829657248887,1.3520285772635536,0.35583382632358945,-0.8222103221159444,0.0684998013554206,-0.3665290488705955,0.8356166104428834,0.18759580598766767,-0.16679483360880834,5
-1.3721110554909368,-0.400592074923634,-0.032286567436880416,-0.4812114316834063,-0.3135432221465935,-0.6447814454974312,0.4283981307887675,0.8205429796770993,-0.4919239136850608,0.14898799900016638,0.3024559019496303,2
-0.7724790215958223,-0.552594991846734,0.09053097017284985,-0.06080304262649779,-0.5079910893166418,0.09661468370746895,-0.8657552027095667,-0.4520430995472325,-0.8160558461509575,0.7208700498654355,0.46726638671429516,8
-1.0166814831473292,-0.7423863225179591,0.2987347511492199,-0.19705359115500598,-0.32604886182756554,-0.6431729051012524,0.18287235219718354,1.3118637697040048,0.0772288649132939,0.0067725721068962325,0.2644321828195907,2
1.7530760744646516,-0.5276727180114108,1.4480629896692636,0.21964950278586703,0.07060852750609702,0.36068834461544563,-0.5069104228222236,0.323399230866269,-0.015593272314167168,0.17989704376349613,0.07671857253607894,0
1.0299900887602376,0.22175967034200383,0.9380219579665204,0.8315035666812365,-0.21850064331836094,-0.36335629611235,-0.5557234942820506,0.3797551185005777,0.20299984026356532,0.10478229058623952,-0.19114689484868014,0
-1.021369978707404,0.1904394025668393,-0.8010136142866917,-1.32474849454285,-0.12072305083564398,0.28329855156658657,-0.45286004274206887,0.7982311953447454,0.115300238952683,-0.1148982367391565,-0.21539611321384147,1
-0.9143452130216094,1.1862387945013422,-0.35439541815687675,0.5544407304070046,-0.25526504349236057,0.8880026351891147,0.200652422738054,0.4033164821509177,-0.7022508075646129,0.1920475906929242,-0.3650468396387113,7
0.05893035468785613,-1.538399010553681,-0.7731753965900082,-0.06983921692077211,1.3011251158408315,0.9069326244052102,-0.6184844849757983,0.617021429435237,-0.09172711015525901,-0.2933688603287002,0.029077640904956202,6
-1.575798603327575,-0.5380142704925308,0.47554596574806385,-0.3098089305295095,-0.2804969587265309,0.057223607065432495,0.6922693668974484,-0.5001543670513929,-0.3482168232658903,-0.20930855890693634,-0.2179069677220703,3
-1.2072042907446972,-0.5740646859159244,0.45074088887706654,-0.21638714196073533,-0.47476645718979177,-0.5637509851941775,0.03344730620382283,0.9801780160853926,-0.23273085713260375,-0.16999328279678366,0.3388255823388429,2
-0.9844956254189074,0.4009156749467987,-1.0081410987849078,-1.2663883087497023,0.005076802067986198,0.5983674917118442,-0.3718916562610811,0.8427971937393652,0.030155335167765838,-0.08474750822623735,0.25873157833551336,1
-0.834325275455775,1.8252345068147415,-0.5859524700340399,0.6948824797280728,-0.19318295485686726,1.2489024777878435,0.08307155025912216,0.7354556224174787,-0.6455473414295764,-0.014345679885204613,-0.15846819222631392,7
3.091027634524782,0.998351612106976,0.2803026650243918,-0.8160791783431701,1.2789266595950195,-0.8346103292501614,0.47611209782129954,-0.3791139471810979,-0.7328209920762309,0.31177279273650965,0.04354206648173233,4
0.6096682730474985,-1.2881859645065534,-0.8571702290692723,0.8926038223460468,0.5486777859712804,0.7971116424307345,0.22845411431432752,-0.1805510999708476,-0.5524410713149255,0.05122639729724533,0.39624588089212565,6
-1.5547798566999642,-0.31445872623592597,0.6676720346810038,-0.4155767980641955,-0.6456822137390134,0.24637396597570732,0.2047647733958214,-0.5341299050677444,-0.5108600942724966,-0.2460077239516855,-0.24240925982282713,3
-0.95876415884237,-0.23087064045314706,-0.9659777836957425,-1.5488497830302745,0.016891290574531582,0.045391999070334095,-0.3325644452313034,0.782204558483844,-0.08455787548548341,-0.011386091994158819,-0.4558629630665347,1
-1.3057289853152108,-0.7068141263583769,0.19925682277979412,-0.0037460742805728296,0.30311439131684914,-0.047019111299085085,0.8779395076990175,-0.2898078034038898,-0.13688799703008525,-0.44248038641467075,-0.25590283508055295,3
0.10259913574155714,2.041766990251341,1.2231242656115482,0.5478338441209759,0.0810383149325848,-0.04353980820337027,-0.2955600663485557,-0.5907840978366863,0.13903116308812177,0.5066676005368848,0.1993111623142408,9
-1.0030484834862954,-0.4159191376788575,-0.9306126718381421,-0.8588836922024747,0.5153583591121368,-0.6737571385550495,0.1578904086133133,0.17767433130980934,0.14386626548526155,0.13943828971472444,-0.13606199034830616,1
-0.8435527833520817,2.0762774932594104,-0.681438671372908,0.38133909223982354,0.22426120857318302,0.295828308205542,0.8100411471731164,0.7791819037185306,-0.4026301185885013,0.13056906087157816,-0.029571419069401184,7
0.18560953131682642,-1.599919629007859,-0.7530419666842639,0.3298197870177935,0.9348370872032191,0.8399569917418844,-0.278157736357449,-0.16050970681291354,-0.4217173151156652,0.43732082716345505,-0.11956413926588517,6
-0.6681721801244431,-0.08321087159703645,-0.1915907564457676,-0.1120887139027433,-0.6587453620566208,-0.17414198085795726,-0.6586140009840835,-0.13309232617300792,-0.4617374044145872,0.9048357159966522,-0.4357638865617566,8
3.7177278772948994,-0.19216892593881604,-0.35472142725035416,-1.1788567874608982,0.27232317577897663,-0.7625990521079058,0.18696966928002756,0.02505575168269668,-0.3708041892200238,-0.1942448654871004,0.06583615983852152,4
-0.9015253030524372,-1.008894768731349,-0.22290839777150614,-0.2044005918320085,0.5584945852886238,-0.09869437795544363,0.42165905843335927,-0.25514908952820003,-0.08219434021297206,-0.2586700416312734,-0.009389882643208223,3
-1.177147902616327,0.1586113923583839,-0.8687249670190623,-1.3796001531759965,0.2146207381436881,-0.28656206147372754,-0.12887332979230826,0.23222845830827354,0.33529775814532436,-0.36080474059075973,-0.7688091321883499,1
2.1771116927116108,1.529930605665955,-0.22855270081890192,-0.1490363809576704,0.7565961390432607,-0.15317319022398573,0.1945866358037534,-0.47789553269024065,-0.360264175528471,0.24523542725443928,0.2428316242619045,4
1.9763830107554334,-0.3858977035007326,1.3124468571793122,0.039465372004820816,-0.7215066839899903,-0.2093030403245322,0.41269611141246515,0.28677476015698133,0.2480044693658158,-0.02934440940091748,0.3557487403896787,0
-0.7355278446674977,-0.4545096239863635,0.4458631165200819,1.072925439886218,0.26463101834222114,-0.5236192233661258,0.24572515339930573,-0.4983564552877094,0.6878126571103776,0.29292960705630855,-0.5651360273151222,5
-1.3835363706295472,-0.689695145201386,0.9285541773652018,-0.1365925239542127,-0.41379259647416644,0.2690531066075632,0.24746328031217524,-0.13227298652827668,0.11603361546120283,-0.37641663918277346,-0.23606140336554318,3
0.6586342255962325,-1.7581628868620254,-0.7615747304287932,0.5369588439461186,0.7097665243201636,0.7213103365635896,-0.16663644737484334,0.06729166266263442,-0.2127336325997402,0.2050285900269069,-0.1455549212041881,6
-0.8144036495047313,1.9159157373721787,-0.0987297765159186,0.949768033395956,-0.08692921166690235,0.25639503924249984,-0.2723626205540769,-0.5894293786227415,0.04634013084625655,0.13938305996122916,0.19738569982344276,9
0.6606444342754573,-1.7070350022504563,-0.4653952008835696,0.6409742060594336,0.41512619378847804,0.7051667780725926,0.027825853666726918,0.4945622351753056,0.036623830797778534,-0.0781382213619886,0.15066332972101917,6
0.5545231617028078,-0.4382404773106523,-1.3182612430487997,0.350614316686707,-0.5923508987455961,-0.8672698335670327,0.48295735270743745,0.20089052249333456,-0.36887273468715875,0.7972340785790877,-0.34907315833198443,1
-0.25792533786351857,1.494583446558096,-1.3721645371060855,0.39900391486567816,-0.22059496802653583,0.9765010792626001,1.2351929618447046,0.708305153901791,0.02563290299252978,-0.017102068931474257,-0.1420474581548307,7
-0.7288421953285377,0.008063625995895376,-0.15639612920220683,0.807428721950282,0.22652103255504394,-0.8381652239402685,-0.37323828547404986,-1.0336953721970064,-0.20576733698425728,0.1609954032444437,-0.3562064925905186,5
2.620574669670846,-0.8356601664893503,-0.7889060442157665,-0.20928816303580308,-0.053395152445101915,-0.6834075000469109,-0.2592626379342281,0.5217272402145412,0.491269905679612,-0.36724693754346294,-0.28946191800348536,4
2.7764072910969184,0.2334895557677318,-0.4236136240723382,-0.676516366761309,0.7344777824981364,-0.6246351122862563,-0.06847052717440248,-0.33514541825764194,-0.23519050361018806,-0.09904013619495292,-0.2514696480539656,4
-0.9619418742328288,1.926975603767268,-0.5886210930979937,0.5595686281560976,-0.26808941911256495,1.0922918421653123,0.16949818292776225,0.7197411266409504,-0.5095069767729951,0.005720476814060047,-0.09016083891615377,7
-1.2070573468168062,-0.1625009209272303,0.12193716057853123,-0.036236661687406344,-0.18957389845562292,-0.4773193634695723,0.2404059929891213,0.8614338710557101,-0.227965337621213,-0.18521447409353678,0.3215915414080784,2
-0.896663579477825,-0.4693967638691556,0.06674478873552757,-0.11001256367564832,-0.6174725924019483,-0.17849069744841362,-0.606429816912419,-0.10399763553869779,-0.943744132836468,0.6603512080102862,0.39334161132202644,8
-0.9742106509910613,-0.4062215503688734,-0.01556700679967699,-0.1641733420547677,-0.13179019025124503,-0.4289654999118804,0.3505864854627348,1.2579121599157534,0.16474177241356217,0.062017305231153036,0.3549065603534301,2
-1.336824340522953,-0.2162130686814002,-0.519112388603236,-0.3868819897199656,0.20951772634173102,-0.7251986068516016,0.7759919478294894,0.6791706659462738,-0.40584011129317593,0.01315714792512984,0.18611307270802646,2
-0.8778296793398315,-0.6879664734739281,0.20736113017562935,0.8402087726685536,0.556861615538344,0.067065262726272,0.40003630312484645,-0.9825796603302115,-0.058946524409802546,0.03154285452128654,-0.2036834507657891,5
-0.2898897845916204,1.3198045660640247,-0.013725948115272906,0.22634512813939153,0.009884546706572515,0.3502642791859555,-0.4983034451670092,0.5527426808389925,-1.2688973540238822,-0.22432993039499213,-0.37139555578197836,7
0.2435320417446693,0.8366299591337044,0.8625227356877433,-0.030448249390217452,0.49853569720624297,-0.49940405293559237,-0.5536150380801487,-0.5471112264328992,0.649445932604248,0.33596922741435414,-0.3033265633408671,9
-0.40974931364732897,1.0827788677942534,-0.30757455046501453,1.7712986775600825,0.7177362309608056,-0.43341482332446496,-0.2306418160945499,0.31612721743412914,0.2347981553313971,-0.4804789142666516,0.1034154861308527,5
3.916773000297035,0.6870012613500779,-0.061760410933949704,-0.9799602227661346,0.7169260801300124,-0.7299500497346371,0.5277272434696775,-0.140891899645538,-0.699843003532678,0.05695473614681079,-0.012574909271462684,4
-0.9173546550518276,-1.0176322484124416,0.14740093333776874,-0.06985537524288501,-0.04759721360293118,-0.12502921969515035,0.24244257731025295,0.14185683793218046,0.10906333398901531,0.40053274095763,0.14226667610642763,8
-1.0381513696068505,-0.440443310275693,0.007942896197848753,-0.06694572326959193,-0.2578065604729167,-0.4445092482609491,-0.31798744251386074,-0.3848742729096676,-0.8797758505681762,0.24144384768506416,0.22648953579650224,8
2.5970235552916447,0.20153160873765555,-0.16693128272362137,-1.123797702430045,0.8633601420341489,-0.7718218755874374,-0.0568669682096376,-0.41365561686138824,-0.13388853254511965,0.09129905637748612,-0.28090391487695965,4
0.7488005968997491,0.3138396206159396,1.2347689320668598,-0.4501263202048815,0.550629421113314,-0.7108181047957741,-0.6077214614961998,-0.4205248900885445,0.4555756357687511,0.18185756426013783,-0.19710443165498204,9
1.2082160006873601,-0.43503053616236737,1.321434998190526,0.7205817623266505,0.0013865707541935194,0.3713099679517712,-0.19613526178440163,0.5393214355140966,-0.1463015258362262,0.18513809823070398,0.18287765600755135,0
-0.634803547152991,-0.06212521859118273,-0.1455053664709674,-0.005448423391292277,-0.32649815496762397,-0.31504884069507444,-0.7162884225704438,0.23897699696054606,-0.35623595931795077,0.34459360306176806,-0.615116679800035,8
-0.16163313271355925,1.059436571488105,0.4894899318975045,0.17964271085551875,0.0986938219536443,-0.136567905955712,-0.8158902886496865,-0.8833715070642885,-0.11262582268174247,0.2580499882253523,-0.1578766911045082,9
-1.4420955163633649,-0.19685013703935889,0.4893690029552977,-0.537152427430827,-0.5657721011107534,-0.0826293658415538,-0.2506359313459004,-0.4742311835332774,-0.43563689546601253,-0.4801969410280888,-0.12641008126447542,3
1.6342490504870126,-0.9039788603203776,0.8878957897398109,0.415944032464275,-0.7575032369437823,-0.08797779512361702,0.5903708813890998,0.41448138685320324,0.17744091118107375,-0.2151121942666534,0.03855330324137963,0
-0.718493347559293,0.276130675340994,0.7411935056708827,-1.2558501233301649,-0.0908002143241554,0.4830176186748403,-0.3249992491437695,-0.46460013770404596,0.5909858430846123,0.04910920900765165,0.5047733908079093,1
-1.4907108965724185,0.07242361776161298,-0.4729267626140807,-0.17094230633679178,0.414650753610511,-0.775741310373525,0.9209263804176144,-0.0393769497273244,-0.28556596253510635,-0.27843522775353724,0.32551923002918537,2
-1.2525488938815021,-0.10744603755472958,0.6762408288137294,-0.2451657149901699,-0.6236148269997418,0.0439906951803009,-0.16620215905929994,-0.039737645940175786,0.09216145691080471,-0.3778686282768531,-0.6888104997434198,3
0.36807875534707307,-0.36058183666835186,-1.3846486838575507,-0.7918649553978747,-0.3379464384068928,0.31574194181862425,0.11898808469082169,0.29369258898791634,0.7059152472407587,0.32051337758179793,-0.44964884764367186,4
-1.0474756544443626,0.31188777280190666,0.08934641976376843,0.5040530699833818,-0.2788505401416892,-0.8089326168679182,-0.037868471783680864,-0.6617172269434596,0.38369530282756376,0.47140664649353214,-0.3041518332782367,5
1.08322540824723,-1.1485647424648182,-1.4097948297316503,0.43357613045398996,0.020771778167227157,0.284492532964835,0.2010428916339221,-0.23396527602378142,-0.4207693103743861,0.09256443668499384,0.046966626239604056,6
0.010707802743930676,1.8052954255162323,0.2924375079974638,0.7059274855194365,0.5295000244409941,0.2527300199671698,-0.8541080538748366,-0.18605057159625987,0.08204334079299866,-0.5017124314623901,0.173786974931625,7
-0.8896696428784865,0.6671700070872768,-0.3771715321687593,0.3525433268824168,-0.021110463762596645,0.10408397131058006,-0.27482585040715124,-0.11179704041255978,-0.6498928874683259,-0.11231772618363148,-0.38594714915768746,8
-0.6887975164276366,-0.06138257973349435,1.7090521571666808,-0.21462405522246342,-0.4210034240440792,-0.350971180369421,0.1088051552037462,0.2900495140973067,0.35772092225518237,-0.05465097512545065,-0.05943632974041081,9
2.172571811935066,-0.23573773300876283,1.3918674380585394,0.378104598174537,-0.8144711338319576,0.1896201610693051,0.23751789760874578,0.23716188025753349,0.020194552989962054,0.08765443788397854,0.010389733895694583,0
-1.1502087356528996,0.2527752108619148,-0.4936488773428116,-0.9970842877720735,-0.17267273732947377,-0.09546262054939703,-0.5111701276731416,-0.3024830769447669,0.49662024131934884,0.1933888523352304,0.13015438637040597,1
-1.21639143809063,0.531086669331977,-0.26859104384441124,0.5043406405698508,0.45658446703593414,-0.06603240505051527,0.9345513582908002,-0.08469313666524811,0.4531242564745173,-0.1250169755298284,0.3875336651009541,2
-1.3011970984250338,-0.577347307015794,0.2731380232294546,0.10269067493911503,0.08949263361225158,0.088154622746963,1.1380699953988358,0.24064596363175664,0.08542858780688432,-0.11770428505014169,-0.2411766296190226,3
0.8000595636828199,0.5508112562261989,-2.1056992295188235,-0.4963176769234588,-0.6177445362113912,0.2837511866033475,0.45793915112193323,0.17357445154227677,0.7293208269823709,0.22294395943850648,-0.11068086513450695,4
0.0703208689209029,0.5496702288653585,-0.5625156729836037,0.9404289321320244,-0.7048944820393673,-0.40056516198765196,-0.04601178804197536,-1.211157941281047,-0.06013711922716332,0.08673750135048221,-0.15188193852757342,5
0.8431204793985948,-0.9090499013632517,-0.770889982991892,0.07891460185860852,-0.7972185137404103,0.5269775417626911,0.1406150042543092,-0.38706035355405394,-0.7386127825182953,0.6287762354024398,-0.181171702179437,6
0.051978053059690506,1.6830507970684803,0.11773784974946928,1.0081631757822076,0.6038057165202328,0.22703071151644647,-0.9499718046010381,-0.3585122693190397,0.47129676897490036,-0.46094822637508454,0.21891453430329216,7
-0.8816395587233181,1.218641536228952,-0.0558796359290931,0.5602697357685731,-0.678686361374858,0.32056831955912934,-0.27878673477591853,0.0543478049434916,-0.4180741157605761,0.21554235008979222,-0.35365551414310764,8
-0.5465161124698361,-0.32297807310446486,1.3581699923996506,-0.14070193484651777,0.16094428807380412,0.9707843337360667,0.35709235507340653,-0.32179637532392336,0.07616606804580907,0.07219761210528655,0.19259398395581045,9
1.4868374741027495,-0.5975888176199597,1.1394771324753565,0.5063462926756724,-0.2084770663147874,0.22822891496095538,-0.17025620437332437,0.5450209697905924,-0.006524821603897714,0.48422285632949297,-0.06398051339901231,0
-0.43743831655734255,0.01043174186610544,-0.45369473968204016,-1.2613059549375667,-0.6980598637644393,0.19468880592833002,-0.5429976207305851,-0.45859571220968914,0.4479527055333006,0.3364427916667393,0.5691999375904917,1
-1.2478147075488184,0.2741530766131831,-0.6307362091563472,0.2038878646543971,0.47446952270028026,-0.5614328136213185,0.8155637815132805,-0.08461339142272731,0.06374597151771197,0.29296196511962397,0.644874337897937,2
-0.5249300240164191,-0.546156974535393,0.45970854859567417,-0.20344943760730996,-0.39293444219311435,0.5747159840445499,0.7097890324133785,0.6021225234772941,0.5080248401595151,-0.13588285658591154,-0.42921845237162576,3
0.5815696224750098,-0.13238759207301423,-1.6028450761180206,-0.8570039024583812,-0.701891320435935,0.1626464913891808,-0.23771722409709523,0.3098119418584388,0.5064132026167125,0.49300195552763676,-0.2584317706467981,4
-0.5250063403233401,0.6584579261581248,-0.2971119846513036,1.0403724431366648,-0.14559303553796088,-0.3667518134547656,-0.26568914965401097,-0.7261810520416213,-0.016444602500906538,0.3305338101995599,-0.2609451670346025,5
0.9512681649291185,-1.2591697356481912,-1.1402077851088959,0.13837355663859346,-0.09455368982444999,1.2073072248001238,0.39139303768367883,-0.6609443944928032,0.19401613140926596,0.15204324838078487,-0.22182502811769253,6
0.05390252657403901,1.3407606290743965,-0.161326680406295,1.2348530804026403,0.7693489072134793,-0.0071435729991851105,-0.799226074971455,-0.32748475461406124,0.575187180328855,-0.3300824880245098,0.1448015142486829,7
-0.21086929632067927,-0.44301480933667603,0.005848188465821247,0.25631243879485127,-0.20357641261022277,0.08506924986472857,-0.6529225624672513,-0.2895970953854966,-1.1228411042805762,0.5475634538914147,0.06841079542005954,8
0.0032885256596313027,-0.15554223831972755,1.9661498621406097,-0.7356696682339822,0.405330419429194,0.8059724731595362,0.14034625152850758,-0.42930346013918347,-0.14928982373186725,0.044044704346950174,0.14376440337519583,9
1.6293734799498738,0.4849057119953439,0.5445164224212024,0.7056040192056718,-0.7275016812955728,-0.17397108732964262,-0.3446725836157567,0.5743914851797166,0.24032246190594947,0.06155141667028403,-0.090452146079367,0
0.07279980142364338,0.01731102937934062,1.5763166605018932,-0.5054742141377063,0.36782842300358276,0.4488547441806247,0.2522568460538875,-0.7225259044861632,-0.7463738662803238,0.5887645028483458,0.3152622051580718,9
-1.2040443818544047,0.25934468291212864,0.3382446557453451,0.37020518632807153,-0.4361750942551611,-0.6841875933508367,0.0455658804357046,-0.16608741322398735,0.3233474178981204,0.09705305251690768,-0.1543939052243443,5
-0.33180019143751016,0.003197015846076138,-0.346933201408407,0.7539344079234387,-0.2692194507640788,-0.4849129610766961,-0.3515608146378773,-0.822755266631195,-0.37639958945009494,0.30092201863844104,-0.0683538000799572,5
0.8211928561101678,-0.6988962367532322,-0.7171127314419777,0.5720183692084141,-0.7669096237021532,0.6660895141075308,0.14629439172058492,-0.3659072011930725,0.06551792247079341,0.35239392369057465,-0.16914762673706707,6
-1.0159167637454023,0.6442049237389089,0.6090342029571665,0.5405615147315025,-0.8563423177003058,-0.2651767023710859,-0.10708764525918393,0.8330401368514011,0.4028633956361701,-0.0051013929166589915,-0.22060382685716026,5
2.0686081340413156,-0.024989502243497896,1.2100947934229231,0.328123107839322,-0.68932580854481,-0.5108900654766253,0.2768408121212412,0.3128838487575318,-0.07509513840134056,-0.23032543879251166,0.09112215830368876,0
-0.677941461805757,-0.7597737202938399,0.707210508460595,-0.01648460057539644,7.555640573564717e-05,0.31214870844669845,0.1033796337667748,-0.7622917502974064,-0.36059869900775765,0.6534597120638845,0.3173579683386079,9
-0.8655352670995843,-0.05520241188444291,-0.0005600115517133816,0.22773526391098028,-0.45535534240115716,0.3835461917619163,-0.34360677609809753,-0.26390402369949945,-0.7583070495605599,0.8462029326294037,0.016324022471463286,8
-0.9463309672597371,-0.7566171310550609,1.3053020414288103,0.0256558182674791,-0.5736011580308772,0.12579181794671077,-0.0729066345493462,-0.07219238227444257,0.731404941617688,0.38726152505612293,0.11331506693445403,9
-1.0061145538966807,0.8003176580002289,-0.4132036421460668,0.3050078458547111,-0.2593960769678195,0.032522587851034464,0.13565312202946708,0.09058891150985983,-0.4305668756298753,0.46759497535792266,-0.06495535002967386,8
0.695065173359071,0.05434703300991458,-1.2300988389476681,-0.4574888535395555,-0.7472088604980278,0.4523459159244745,-0.7826707170015667,-0.4678878148965082,0.3567320086207509,0.08166535410082298,-0.34630457937691117,4
-1.122812395117184,-0.33449519903113784,-0.08956890550280451,-1.216426612078498,-0.35382955700688096,0.34760473526595403,-0.8191005816159389,-0.7160167004473986,0.7474713255563872,0.2386491820608221,0.3735597322183467,1
1.0677740814915437,0.8822344426614938,-0.06709151913066486,0.46706264368241773,-0.0323683172245858,-0.14037094945056253,-0.6147696601334847,-0.6178341026019925,0.36984746259664875,-0.5270991428739588,0.041981575616117615,7
-0.7632403782672068,1.6839588335358198,-0.4556683467594412,0.7453723865494981,-0.44608091351942236,0.25668102961427397,-0.32613701043741683,-0.28859970382059696,-0.11907208181011202,0.4067243971043048,0.3056764072917442,7
-1.5038737283237456,-0.703729284441682,0.670823355710711,-0.20021114322691708,-0.3716302850758207,0.002607872708238545,0.7096004526206744,0.00781482138444115,-0.05696851647631675,-0.15537837651032538,-0.11432953240246743,3
-0.4122831883383093,0.4423557199780375,-0.26584326559729504,0.36291414554072027,-0.4336789260967116,-0.3183710416571991,-0.445191715940141,-0.6295654175491681,0.7872142761266199,0.2631087058016061,-0.22756440409882306,5
-1.2617934110961078,-0.1943258137427701,-0.3937609673992526,-1.0772232807170377,-0.0014380324083021645,-0.3373479270966384,-0.23061075514489984,-0.3627292813908893,0.417859392611504,-0.09284180201240552,0.17674167725417808,1
1.9532886556208857,-1.0761933540807855,0.8773077476133381,0.525177655135646,-0.7697532246780041,0.11746466687177519,-0.07410171669607507,0.14774704881671574,0.015493571755600892,-0.03610289726920906,0.039959699949008276,0
1.792453162965246,-0.13705458723277272,1.158953955970959,0.06934585294739036,0.24471263405989901,0.31319385344253003,-0.4284881414702014,0.37653597784468995,0.38960795328493747,0.13177904967009055,-0.03805701821021206,0
-1.447900729097536,0.3565883411041902,-0.3542238131940952,0.046058136078730834,0.331137770699436,-0.3928706270609937,1.119111046469664,-0.15593322545631627,-0.025461616934107655,-0.22896339366647275,-0.16746782925707437,2
-1.430744205829707,-0.1909546296908278,-0.2982242278263737,-0.24521778908300473,0.3781803135512175,-0.7783525391800548,0.742649793026091,0.0636054575159597,-0.20741412102328016,-0.46794779960984245,0.5296488958906076,2
0.03572984542782241,1.3962267973029199,-0.14096337066614745,0.9461366039055873,0.31622511215965987,0.14149790908296653,-0.8702623578699968,-0.5342574031777182,0.31309289678341135,-0.3166406733310874,0.16265638170951857,7
-0.25599802626145257,0.1871189219719962,1.2193336470672043,-0.7145813849749791,0.3837027655325018,0.30084990843970255,0.15275948366199052,-0.31674833410067493,-1.23323254299591,0.1574477047726599,0.0710413117333508,8
-1.3430491288526532,0.5274950005435056,-0.3350233023076086,0.16090463222329646,0.2879743549657117,-0.5333928240315639,0.7585816148855177,-0.12901269696958814,0.2382478316805635,-0.25412825243958015,0.43061614139726556,2
2.067803511862528,-0.7394745364483257,1.531235024785821,0.24582943282554753,-0.5921285281389246,-0.013143967145897916,0.2510287842474292,0.15890372873656616,-0.3242169615609699,-0.40207601319949443,0.014443138324538985,0
-0.9231362984769611,-0.8468657941349074,-0.2852870292519247,-0.1652376109283613,0.6606451571519663,-0.814152432413448,-0.2201269476885374,-0.5563143411211122,0.025600832728663068,-0.4778046299368019,0.4267135706850284,1
-1.2309797560909845,0.849178297011772,-0.21978784349857355,0.4602444898578035,0.17359140456108518,-0.4557142414992929,0.560895396333333,-0.016393360702335595,0.07760161559279204,-0.4262315636099461,0.04557055669853059,2
0.36245522444296535,-0.9205594819130462,-1.009374152563175,0.01431864505783729,0.08880648490640394,0.5554524119362644,0.31849324113279537,0.10594114434637895,-0.7025043173283096,-0.6065664652768245,-0.3284890415285643,6
-1.4629473074798613,-0.09359757997049452,0.3780726459460186,-0.32860786681623283,-0.4978127491488468,0.041151692398637085,0.32408549404624615,-0.14568213227943494,-0.23263914438746008,-0.23114783391115823,-0.2490103360628353,3
-1.0346793758038608,-0.9950222350403236,0.5055290154691718,0.07369834615593696,0.2120107128587263,-0.311788935574776,0.9516383456208017,-0.09670247873778133,0.35476297658906497,0.3514395726759909,-0.09305045532498994,3
0.643617770347971,1.0138151089323106,0.5354980326682227,0.5735078872019317,1.2362163959206318,-0.4285360114521587,-0.719380242263621,-0.19013046222570681,0.7030971666578859,-0.4667025995575726,-0.09140083611804292,7
-1.1940384727035105,-0.30474373761291546,0.35682883340035454,0.128857686924106,-0.23779677916223016,0.10720775526732834,0.4905405420071096,0.23795379152263027,-0.031971930507770044,0.0037209772020947046,-0.25737928884141825,3
-1.2104205419687981,-0.8603697061468999,0.47094597804833116,0.2946173237804453,0.2534930011813106,-0.44497043690325827,0.988870690634873,-0.03840793928418549,0.5554660271933101,-0.06125981775081637,-0.1743948986367525,3
0.967537503600248,0.08650769698123378,-1.7164599092206265,-0.4242997062544532,-0.7637321871969378,0.4539284965963069,0.051934706741179996,0.10687205071481147,0.4996199833968339,0.20135623601591196,-0.2774881534916126,4
1.063402104684163,-1.3760541981307621,-1.2515602327076452,0.20084100160894275,0.09967493519626161,1.0106009357589658,0.3893108285024329,-0.1127039530314946,0.23460109989704592,0.16276919488535938,0.0887456718824201,6
1.0051800007658525,-1.1350448783417326,-1.2910495835199263,0.4395132309942088,-0.37223190933368083,0.5044729752632694,0.5921172197284438,-0.36197817081428646,-0.5478520627374212,0.375191649916142,0.09250550268331716,6
0.6341504849661006,-1.1718877284231257,-0.9675983804163841,0.41167127358723704,0.4461629928217016,1.152806226492335,-0.004240547525254819,-0.11658566185096432,0.03918960305554909,0.269763747093683,0.05110818916089086,6
0.19656377114255044,-0.8576927681842226,-1.3585296875501431,-0.9339678480526734,0.017713681172253033,0.2609432421071824,0.2200415339454964,0.05773378816396638,0.6039046140012192,0.44511759368931086,-0.5986703943612052,4
-0.6017182911344946,-0.5608288042592362,1.3432803026396813,-0.13147545054034862,-0.28563712571801547,0.009166223365454513,0.07231013533924834,-0.269245685411645,0.662694517397951,0.6534187835207868,-0.06892564525811933,9
-1.1482343472931562,0.010516839957638437,-0.3370691335631566,-1.2286957896559774,-0.2949431287903289,0.1879552375589369,-0.9072664117687365,-0.49096706284996045,0.6824070069655508,0.217406230153543,0.8035268697586095,1
0.5848225683494179,-0.03369406644496856,0.28706694106275166,0.333744918660427,-1.3005047570257844,-0.6898867456997513,0.5093873202934124,-0.2587536849600641,0.9304067645879923,0.3117030789902024,-0.060508091317059864,5
1.6273453582060367,0.5138603390025521,1.2584994262935596,0.4577326337786633,-0.17828286080079714,-0.03666819832168418,-0.3609059933834913,0.6586619206369673,-0.156399357895325,0.14346575575580256,0.004596069446247907,0
-0.2500954676170774,-0.0029239106712088277,1.12008302987188,-0.07656959987111264,0.10870081556843678,0.5010323421377315,0.1407241361154393,-0.7968174010231188,-0.38501576847260427,0.7032662938462361,0.16110584838041217,9
-0.5534010174245311,0.015181257371219063,-0.20527012095494213,0.7392141319603274,-0.07404880353085475,-0.6468210759609174,-0.4690986803856026,-1.0897930357249488,-0.34094929618369607,0.21393152898313728,-0.19042887904493921,5
-1.38400300614214,0.5177850555582652,-0.6949072142632787,-0.1893192921470874,0.48270174102931646,-0.37820321678586644,0.852953853199459,0.10807002694885211,0.1014203969054494,-0.3875712823487614,0.34016232387751405,2
-1.0832192839812484,1.0216438145320075,-0.06815008951132957,0.014797928247726178,-0.7343899704123147,0.26853002278085397,-0.21907570680329067,0.2692876632574359,-0.30767120625846234,0.07290296326278636,-0.3794267956875675,8
-1.366024875090137,-0.3102287292808989,-0.37219512403273874,-0.17365028985980266,0.3387338250387547,-0.986506105289967,0.7845602759666989,0.16522033201180414,-0.030021846558729116,0.1404227117677286,0.5292570147793356,2
2.294859237738807,-0.05104253885399548,1.2258653784192501,0.41210656200648826,-0.5949286831619418,0.24448944905469255,-0.022948935325914542,0.1948494637085879,-0.007283997627433965,-0.28905575167912656,-0.22279488620325624,0
1.4622166562674415,-1.5498705432209317,0.7083024352342291,0.6555587415584588,-0.845633935336094,0.33128808478656135,0.4267468074639479,0.3506616271422061,0.14412867766706372,-0.011887908883611758,0.4504890830713356,0
-1.0209198378781714,-0.15292133039639363,-0.7672767860068611,-1.0022561053324615,0.2947500708575805,-0.36904083995335757,-0.38077689247121077,-0.46893391534389317,0.792242036673054,0.21809247199227308,0.18481043893194593,1
1.3520957328601664,1.0440819038605267,0.76408987858649,0.44500218998850577,0.8850464123920396,-0.418843602066541,-0.7273843221637227,-0.25588361522027514,0.5715665357189923,-0.19270448991719563,-0.02823862850088964,7
0.6094943097498757,-1.4273993024231546,-1.189526624497855,0.0495813991274594,0.3911542714800152,0.3357182361863248,-0.43434173779391716,-0.005870265946615079,-0.5355921228277186,0.1680141643501843,0.40677477417764757,6
-1.2301751471938085,-1.0900833553414382,0.37229219544515557,0.10038628357899128,0.20322736049102355,-0.16831912766963028,1.162921511795413,0.13311670589644053,0.2561644046986952,0.04648401324155025,-0.34801241890048934,3
-1.0736750229473073,-0.3916516828090475,-0.1379441591649227,0.473518345050902,0.6665613362264594,-0.380859956604216,0.729585442721599,0.17028364079176234,-0.039679845207823,-0.15584889524189288,0.30707176954541393,2
0.031025540539168974,-0.15624352589640123,-1.240310034104208,-1.0266575199498031,-0.5282381200599031,-0.014840686404964172,-0.2800024082687739,-0.5719238373398061,0.8256498615442179,0.2742388881923598,0.4899258251681829,1
-0.7051375609094691,2.0020648871135673,-0.3718570795864797,0.717744080228924,0.32618061317504876,0.5046407259434259,-0.4164853379269724,-0.1404999834373551,-0.08543029577132251,-0.7038772127086684,0.0986568684519398,7
0.7283737275131228,-0.32179396913197944,-1.0137629500046932,-0.1687878350539668,-0.22826937519757703,0.6478209796483254,-0.6902876381850598,0.2888256603104667,0.4269058773950769,-0.2543299222635478,0.06716885634233695,4
0.40896836400737274,-1.599672844561599,-0.7826866674836475,-0.2044811737033643,0.26484877965430487,0.782915212686469,0.25689659495054823,-0.028855668581075702,0.7942698231376679,0.4708777000088687,0.06184945751890767,6
-1.2226352449318814,-0.7781504292998188,0.2659442912777878,0.2795472045784763,0.40504023421787516,-0.3384610869900522,0.8759096446473194,-0.43273693051114004,0.06265068536744532,-0.26123684375240586,-0.2897355420434103,3
-1.1055358687795325,-0.12735214766995884,-0.33142960595358834,-1.228654904946551,-0.2717744434500113,0.10098886887687208,-0.886634000328495,-0.5620621406149507,0.696309268684984,0.20531149961801728,0.6103940535054339,1
-1.5623795488021877,-0.8971216578836687,0.16670402076412777,-0.3125618586218835,0.280174028123114,-0.23509448094098148,1.18976241438625,-0.4478108057049734,-0.1536896272315711,-0.2607122953757964,0.10370907207545814,3
-0.9248478606839791,-0.5677135776349059,0.7434704587467926,0.21518983345772197,-0.19723868219686208,0.07917617156045009,0.39672181203365864,-0.45304334853517175,0.44443482279452495,0.7036706736029539,0.22753240617768927,9
-1.1141697519605462,-0.23235672442353122,-0.4113595528123962,-1.3690204053689983,-0.2842722028334304,-0.06995580383448317,-0.9239498216392603,-0.4218087287440138,0.5568376304642618,0.34516926335315123,0.4041542803782881,1
-0.6502364886239832,0.36548586926659676,0.4289247725505992,0.8482799278193986,-0.49044257449271694,-0.3907434810552342,-1.0443153101591909,-0.583751820619046,-0.2674912725531048,0.098366383508384,-0.1873894964769061,7
1.1328150588119326,-1.4823929794368267,-0.4425577752307728,0.2862966379786472,-0.5343419159616636,0.8594718009480221,0.5851719551004698,0.05077417212470579,0.45519273884715217,0.35092999507593203,0.3400156939373649,6
-0.2800891126666911,0.04892130227616953,0.06443372472144915,0.5987644664508763,-0.06555314198601318,0.444309547096853,-0.7380000467843663,-0.5204369266142403,-0.6409427792245496,0.45738917639024124,-0.034285776069654356,8
0.9978404986769137,0.14615672284804862,-1.6696362135199103,-0.24878428577756773,-0.6907531318053216,0.401587439044363,0.13957090435934766,0.24012083942135734,0.5528813259489328,0.08626125421548658,-0.17214153711702085,4
-1.1811050448867084,-0.6430989848692525,0.006751421522342144,-0.06302167278448163,0.4433789856299044,-0.12378483685826963,0.8528696011072998,-0.33406568227669453,0.3888242719340985,-0.18657741442784798,-0.25788404234932133,3
-1.219818823451559,-0.29333463410657346,-0.26619441536097593,-0.8269240237663756,-0.18800550996696083,-0.36224209364914306,-0.40036333504911253,-0.5400545505277801,0.344254422777595,0.4065372503820902,0.6771099425082576,1
0.3760869563776041,-0.16767855354375918,-1.1929247793183246,-0.8084011062670653,-0.26295229778520174,0.01991567924554389,-0.2823847145994046,0.010652624751392363,0.5092416172133707,0.5520561381639797,-0.4702585695697027,4
1.2053391787404215,-0.9920213907709985,0.19419933508795345,0.4453918192855675,-0.65833610051536,0.1244920828339442,0.37776135247458414,0.5053606456948684,0.7112609990473215,-0.18990445660196262,-0.21373821151483993,0
-0.7834976852529794,0.7797601269536281,-0.25487066737136677,1.0387480982995294,0.10976249213807267,-0.4793069052795904,-0.06292602270840923,-0.6987889169094288,0.2785984620623564,0.365407221368428,-0.19677390705620185,5
-1.1257962649126163,0.1762371813315043,0.3076846422795001,0.7881376798175135,0.2478316850883247,0.018173197720652852,1.3071861435983625,0.456316065307513,0.8446895953416405,-0.22624055415470393,-0.7144752432917058,3
0.7879932606344563,-1.3463592814842706,-1.3691998704261792,-0.18247319481485855,0.3741188400807026,0.5914289596646464,-0.15653034152814627,-0.16053249677375106,0.16050651532276003,0.18836220325752312,-0.07911312748490891,6
-0.12161735772238293,-0.35080345366671456,1.102219021094343,-0.028156612671245702,0.259958144114507,0.8960206811562688,0.2776785337423847,-0.6745685161957482,-0.47916104601608,0.8720163652131078,0.3465000055358069,9
1.3879390103410865,-0.25869853679238647,-1.0278744889865177,0.3542742009387562,-1.0904122536829883,0.009741441981351674,-1.0449998598066375,0.16874311969011652,-0.04108862169892347,-0.23568494095557013,-0.3007831761917737,6
-0.7400466553147153,-0.3684711367040319,-0.34940992164244017,-1.3347704190310619,-0.7476666847074813,0.05547702236601589,-0.8522461669226579,-0.6477005668523452,0.5641337357265898,0.29981123139162563,0.6241968189410574,1
0.2817364095537678,1.295401350309221,0.20723208534628165,0.8811569190966417,0.8174586542209902,-0.12706540254889992,-0.8155999163699141,-0.33227957280751586,0.3898921827116777,-0.23398097513887448,0.10167432225597821,7
-0.7068883554410724,-0.0191250030030052,-0.08331258648655786,0.7933104005180056,0.11294766601870004,-0.666053079553312,-0.6070607890402167,-1.0122823948449247,-0.38823042522224155,0.10870540743139336,-0.1099956718228086,5
0.8983291463001654,-0.26087983210378296,-1.3526299710181837,-0.8460547384778933,-1.0967108309079565,0.07746862674365791,-0.2513557981925878,-0.5581115060907981,0.5789534349947562,-0.4047664160525125,0.32349923624450627,4
0.4924063271197455,-0.8261994789943599,-1.2907662361085577,-0.8218447836330214,-0.22613428675197644,0.15440747189451254,-0.2936894660700923,-0.10553774015530398,0.2761024491649792,0.1061749482953635,-0.3263923792068763,4
0.16166030660714983,1.2221644618141823,0.5902470938661495,1.0427357501697712,0.5283087483457456,-0.2595914774828806,-0.8211718074962556,-0.32008017157732577,0.29983535084689583,-0.23919869853364464,0.0892441965600793,7
-1.023040309509607,-0.2902137574249063,-0.28929107723109465,0.29025453850026933,0.4924213758081944,-0.9254771586628389,0.4316965808416396,0.46758571055270665,0.27355608065755344,0.07275546822842663,0.7916596240035999,2
-0.5496396843383614,-0.8727234464364357,0.2692725642877385,0.09604152792115973,-0.17916596241576976,0.612018189353351,-0.31377099497142963,-0.33754163436561047,-0.9330805059531295,1.0633060346029848,0.3808379374648548,8
-1.3075373365813145,0.43877213507309526,-0.3744586015484017,0.3470055853986746,0.517063563900701,-0.6180621947982313,0.8292332872047901,0.2220907937265283,0.0632189830818677,-0.4084577288431624,0.5242787539124485,2
-0.8286861958134759,0.23860801563967673,-0.4378206232013769,-0.7509548433396335,-0.14143952918823494,0.23994114195556035,-1.0961662586434866,0.25939965565039264,-0.17794672549263252,-0.2991887507432998,-0.14138523665022973,2
0.13176549320106756,0.4659132078729373,-0.4746418559694222,1.3936312781946825,-0.040986423643149514,-0.502470143490634,-0.36407307266340366,-0.6932812198768021,-0.018545790343699558,-0.13001368893425314,-0.05251205784980545,5
-0.737462228527898,1.8738434434574047,-0.3678818133705472,1.1181455247191412,0.12620380581393437,0.4350060348747298,-0.6016941862409865,-0.3342597959231152,0.023009532063668844,-0.41278620973712465,0.20260218363279373,7
0.008506571008459363,-0.23570849033843266,1.720409882551302,-0.024640273813650648,-0.10155806064780964,0.0762493775280961,0.23096897789519844,0.19540167250072124,0.36320023772019505,0.9890447199247253,0.1248734216739451,9
0.13381055150337712,-0.10561964049724441,-0.6185696950850408,0.6408860468760966,-0.3470427419032112,-0.3951883737203458,-0.593107129548867,-0.6026709928895277,-0.31343638619648717,0.3522577749376794,-0.3171863091877119,5
0.8312798395607836,-0.4338956504217691,-1.2295803448511018,-0.5231176490891059,-0.48170035299376623,-0.09021541512200629,-0.8664817280238053,-0.04798654844545157,0.27981451819032416,-0.14815892392333485,-0.186140485712066,4
-0.6991069051571099,1.1528852667816383,-0.3042250959670458,0.47623743080414027,-0.6684236915775963,0.36232705176063645,-0.5576945140016842,-0.3087211357209124,-0.11887975753362026,0.8712972090147342,-0.052961980645794327,8
-0.7891598770492746,0.48454816683025237,-0.19443362739103906,0.22533029502676946,-0.684007768809005,-0.013798199494969252,-0.5961814145352933,-0.0487478415831421,-0.8496184391471802,0.7503249431990087,-0.3727135546784811,8
-0.1430711729234528,-0.15077007275761226,-1.50805840330599,-0.9397996345814971,0.1876900604759082,0.24499692222420916,0.04550971774056702,0.4058929392518481,0.44996859824571156,0.5318760187610356,-0.7418965208752217,4
-0.20148097486177008,0.4465179005219561,1.7469215834273617,-0.1030253205235861,-0.12901033071271353,-0.28244575758735535,-0.16364852521871082,0.15187527878325127,0.08756975183836807,-0.0413269460521692,-0.3073598067540264,9
1.8438657820696502,-0.16804158276684938,1.542229555348067,0.5016228789567971,-0.38388663137233936,0.16890944233576186,0.04332442104751138,0.24469262197301517,-0.1796997747131855,-0.10149045584272322,-0.20606165697838982,0
-0.8090949199097079,-0.6360291432799107,0.3111207108016105,0.12670658674822663,-0.5578619591077987,0.45891562640653777,-0.36633973458851316,-0.14213984488791445,-0.9271932810457938,0.6076237766451819,-0.21863926435149253,8
-0.7594916577290215,-0.6462569413542011,1.0610814481933823,0.23179070015589032,-0.6147983339624411,-0.1571433742131941,-0.2511935529857932,-0.10931817151054,0.3163812325428421,0.7067151818479732,0.18592907746595205,9
-0.9229870347626176,0.8490341208246558,-0.14623274276083262,0.35717381688291144,-0.49013023627594127,0.09755387806402246,-0.5602128778450126,-0.30569890050529275,-0.5960185654156007,0.35843663370151235,-0.031475572181986614,8
0.9429111756579595,-0.2905983338702897,1.0922706052453324,0.6533509085421196,-0.6869360151100947,-0.21225258464891772,-0.6041283768557641,0.37942229058266763,-0.15622170385067802,-0.08881261524510854,-0.08484751187814442,0
-1.0726169810814818,-0.731736534412961,-0.6036377107442712,-0.9604287386899232,0.7436108187181776,-0.502407690667309,-0.16206310743408275,-0.3816007604771396,0.2642484360207224,-0.7978589318655123,0.21642382709842573,1
-1.0813268021056994,-0.5203872467268532,0.07910965031662497,-0.3263085498095973,-0.02287677073129005,-0.46290029331599397,-0.5324155539478198,-0.32169325108235486,-0.3643181403569687,-0.306386341350939,0.5766503505757098,2
-1.1435629277662318,-1.0043454897150945,0.8947283410761893,0.13622103380805842,-0.16408360570369865,0.5205991396687837,0.05518137185302367,-0.5292932746798719,-0.17889609495612027,-0.21415175629940397,0.1326768539189174,3
1.5876371254617927,0.8065759395421165,-2.155335865945649,0.10581623054889883,-1.547157394037478,0.22617568154244827,0.8219545954646705,-0.07338861004026002,0.21793794403472436,-0.07255100413896738,0.2302041204447375,4
1.0048789182402778,0.5263504960874217,0.28725759780063276,0.5801802418252962,-0.4935148018581356,-0.59122180175649,0.13105703367821903,0.16494976189400065,0.8196350267630905,0.346693903162576,-0.12089130590614525,5
0.4730251244203457,-1.3067268778701007,-0.9382762564836942,0.1924374167329646,0.12437344787417623,0.04372140078070452,-0.4073210239949759,-0.2967653784470442,-0.5464866988971478,0.15838616459079008,0.4162040850099523,6
0.07877014603626711,2.3460689561108903,0.3184383418261969,0.07369555224473981,0.6177166732188282,-0.03959510106549241,0.49948636107055855,0.3792215258863588,0.5171208392860551,0.734944828759654,0.4831446371710587,7
-0.3470200927123733,-0.06059581097225429,-0.6068684506361348,-1.138983606510932,-0.6986205020034153,0.4018104208019681,-0.4920020259685782,0.17405536679050468,0.3373104421449649,-0.3854742655072388,-0.12562231256875414,8
0.40682779901216465,-0.10763149167470618,1.5742279892661044,-0.2444520836094605,0.08919765407123703,0.36448283595361824,-0.13166047395996244,-0.5231457859581095,-0.42262336423146923,0.383563253759928,-0.11630433937268408,9
1.5941057611186773,-0.632740673453844,1.4785630991054461,-0.12879153937189344,-0.05327297246748111,-0.1295730688981774,-0.35196850541543834,0.33476411308178494,-0.1660462674700042,-0.4616197320898075,0.21081867993906134,0
-0.8711855323736036,-0.8916350792564437,-0.1184051620139608,-0.09605803145822929,0.7420981516578068,-0.799359320300739,-0.2834142082713157,-0.14763042166018056,0.04597103245596683,-0.956207601158685,0.307672962287578,1
-0.7451697971311784,-0.20361170000730822,-0.5034556002261013,-0.32767484152575616,-0.4583096650577018,-0.6865010233744302,0.3745053970902149,-0.23154596111408285,0.17384083015491025,0.32616156778992494,0.6170152269045287,2
-1.5126292287326226,-0.3250940844804706,0.5108148875001319,-0.3096378502404595,-0.5679691263157973,-0.36740494553964137,-0.08058628582911212,-0.5620672350429485,-0.5301404047888482,-0.1808070036213059,0.360339160237629,3
2.256432953353549,2.073305002855341,-0.9878715126483723,-0.02021132089401027,-0.9211278450839259,0.24938500506002287,1.194617540206786,-0.2808596951044756,0.0866472606866273,0.28596990306981207,0.653059581640018,4
0.5772056384321506,-0.8288154697485625,0.5665002983864129,0.8416647074259037,-0.5044272387206762,-0.18520023287557644,0.46212109314941746,-0.38161074808935536,0.5153564334823671,0.38754588279093394,-0.4271228950042699,5
0.26956169444436995,-1.0638156238253027,-0.67393399997981,0.7347983447151076,0.6633536338039461,0.4195825305222526,-0.17746904472420355,-0.1032694586357853,-0.22899586244470133,0.059463772541406626,0.33292998975475097,6
0.5651877049938432,3.011631744450132,1.1227694749032735,-0.4262129940268825,0.724103390433854,0.22131260278287626,0.4695189813751641,-0.015577584805642431,-0.4282300819178707,0.6458453807040044,0.3473285072884043,7
-0.7587745682914058,-0.22344201053015017,-0.283188298715038,-0.6923022250726323,-0.294259482745609,0.3243831513574664,-0.8939709464218909,0.17962011493398178,0.012711556904667489,0.09228014833105898,0.39290757280122207,8
-0.0075059998738564405,-0.3712535926144879,1.5292032938419882,-0.06402951702511145,-0.06468659760424011,0.010161987842872788,-0.619185280474184,-0.2942359957030925,-0.1479098947484813,0.3943074552232015,0.055849826562007765,9
1.8893181525828564,0.21315246677061883,1.3779379104646436,0.033090542858335965,-1.1449958699896943,-0.45316380167580456,0.0626767720116991,0.46153396604652275,-0.21367154389769352,-0.35293073179705964,-0.3112286997584695,0
-0.921130082561219,-0.791608620527295,-0.4983759310223142,-0.4069058404891515,0.763238736357788,-0.7127592539400801,-0.19561413325603547,-0.257027154542351,-0.013869154432290193,-0.5361634412473022,0.39927340306369086,1
-1.1629969753175813,-0.24063443072879542,-0.12168862869283799,-0.3669791113165425,-0.42515158249617313,-0.6929053600237521,0.09349312359107065,-0.4320275855278859,-0.32558971382426444,0.2510729440154053,0.2728576633469234,2
-1.3268145337391495,-0.6291841111743395,0.4193277918740466,-0.21288360672787707,-0.16740633559680354,-0.6811893526225856,0.13752380815331638,-0.10864196082309827,0.10751425889153265,-0.2525137144968755,0.4537927161489665,3
1.34766575075705,-0.3129457301680963,-1.843480250644544,-0.246667783510717,-0.7300968909514854,0.6113292124184516,0.3988131686594192,-0.3127433784519822,0.2729507548011581,0.012380068289491487,-0.41153733158663425,4
-0.2724627482516172,-0.14629417942112302,0.7422427146064569,0.8283318239877545,0.20558173156529796,-0.9106604170850747,-0.15859538227628645,-0.036836467956678144,0.7897436808279164,0.29273195769385135,-0.29603418619684735,5
1.0676337887075915,-1.6288232335354027,-0.9969471935106359,0.5134968285776379,-0.35011925264580085,0.2758824047143412,0.3722597689564785,-0.42109471722946545,-0.7053197865340863,-0.04582712131099599,0.44482704343614493,6
0.4391607821353116,1.529967184332983,0.8955869086604068,-0.9968620239457969,0.7486341868714408,0.15721293782191184,-0.666697901843727,-0.5423208649736034,-0.4104617126044694,-0.4547287850447688,-0.44290748142301994,7
-1.010495609088091,-0.31774840141041133,0.018047558773809733,-0.5250839231025232,-0.47132448097952684,0.1071416677451297,-0.714215542495076,0.1764850721526664,-0.7371173853692926,-0.06276658435785674,0.31391879519816357,8
-0.6660540934404479,-1.0016880979703855,0.6714879106872481,0.16437232242621058,-0.3669240171230195,0.47946730892497486,-0.1641083403983536,-0.4142974196673506,0.20917025995975136,0.1745959872259097,0.07209384009325248,9
1.4523474305237059,-0.21031435408411323,0.5719019897578117,0.8860028204314192,-1.093188591611498,-0.026221033402343427,-0.45929866919626516,0.44699108348203354,-0.06515602459438474,-0.3201668244801392,-0.12450010189233922,0
-0.9489596812469938,-0.06671985078068243,0.2374340271421172,-0.11333352247222238,-0.708826084851042,-0.43729912034232965,-0.7406485396888307,-0.7236697908704314,-0.12592567323367007,0.5541468308393716,-0.3003104033718429,9
-0.45897274824393985,0.3648702675128968,0.22527742258642597,0.9067542363798035,-0.03707458143198623,-0.9251831667780399,0.09537878289755623,-0.33972859420344803,0.7552050078020706,0.3154062726611548,-0.21187782181117523,5
0.36697365268475346,-0.8573481764229643,1.1129989622127485,0.7089416427246498,0.3665072647806399,-0.22658690533339104,0.45439866471713636,-0.29994190855766756,0.6853166893571682,0.36514644142009783,-0.28908039879461217,5
0.7355398472667586,-1.253244463717498,-0.9851116813414044,0.42615305966767786,-0.016869984826325842,-0.5579245452572368,-0.4752525258544823,-0.046131835064167376,-0.5366085590045495,-0.05103071121636189,0.580049882184766,6
0.5728578996693217,-0.21579521459653123,1.0205373456436742,0.34956680788704975,-0.04415715794590504,-1.0292357894881554,0.14935768114521034,-0.11391883584213919,0.5611854557201347,0.1710235352317125,-0.24153341309414764,5
1.4255472822385793,-1.0219411916557144,1.3783434696342254,0.3819797951986185,-0.8345537136224364,0.5462379732047619,0.1513126258639878,0.316621754036633,-0.2193696065830605,-0.50393905641429,-0.09676630422478201,0
-1.0886753767278157,-0.5435631062848525,1.029566945705414,0.015881724450748255,-0.9211917136255877,-0.6267704071682404,-0.5941420493275855,0.2561241883243754,0.6027704169795475,0.3092318382996445,0.6291079041705014,9
-0.23885494781322245,-0.15746258113597159,-0.5264305536378904,-0.4344380760964856,-0.5226914434700236,0.47111078688681196,-0.6784451368198471,-0.078168054108142,-0.601803169934363,-0.5397466205624998,0.3375907666026191,8
-0.7001571950822882,-0.5946659859776426,0.5006327417771939,0.04937810736478802,-0.8151914613411693,0.0750163513637072,-0.0678988161849094,-0.12895989944395955,-0.032696540838993086,0.19209663608773583,0.47554937274416165,9
-1.0499703313396713,-0.1970915939184449,-0.2812605897494031,-1.0468602716462356,-0.29299024771988935,0.3568918995218875,-0.7654120298530069,0.4408787292054245,-0.3433329045084445,-0.36486279498506874,0.2303353520723316,8
1.158515029382908,0.6819371066155818,-1.6647373397842948,0.0013657335624464512,-0.564614088480981,0.26565404735090503,-0.04584315095519377,-0.09419466206248688,-0.08156715331317131,-0.049241156614168294,-0.08585624506471304,4
-0.6047197872923086,-0.9139126120587613,-0.44561706807133994,0.012664897531710696,0.7426026985737504,-0.7902521510615446,-0.40811856739985514,-0.2587350509094876,0.08079337046291796,-0.06672215666445273,0.508897517218231,1
0.2986416127911412,1.5909262763157743,-0.64329003669402,0.23843000330920808,-0.8178697262332334,0.5195967859520293,0.086390886449084,0.0629338988941476,-0.5809646234291247,-0.13203668289779313,-0.04322881692292041,7
1.0082164467939867,3.059298913728583,1.2253631129537303,-1.1795296069315488,1.2762732284245482,0.5731667860475902,-0.0815518865943898,-0.23201525389354763,-0.02458029475055168,-0.1792474158415787,0.04284175068806783,7
-1.5263383736217973,-0.7898475495884016,0.5754150897693814,-0.3411957398755172,-0.09390334039814881,0.5654514474698384,0.6787514253350057,-0.42918427554456473,-0.09385075443666217,-0.3446777277396272,0.12789188898881443,3
0.055827616346949625,-0.12533129379612767,0.5501451510201956,0.8813894290582479,0.014126880920791373,-0.6524025871008657,-0.012839479993806744,-0.24207983051606227,0.8017025638098109,0.16916778199173327,-0.28120069717052953,5
-0.4952192073842149,-0.5468195837126045,-0.9535695398967924,-0.35972094820826006,0.8345551742895412,-0.23393725310843352,-0.4062838886403231,0.0788102905941188,0.13448264688453754,-0.10746900821632702,0.43549663740803135,1
1.2944338807363345,-0.7244375693513659,1.1576527880462455,-0.2829868648603319,-0.5008432740452041,-0.15390988466654662,-0.5244193947999232,0.5034754951497145,0.10747148606914927,-0.20015883908722837,0.5483105714619274,0
2.6202575908448678,-0.9828591630119808,1.8334372328619466,-0.0011382126718938936,-0.706559977607481,0.534872666893436,0.6568456146932088,0.17267289316890896,-0.49100742137555875,-0.3978246525429534,0.3596663151586742,0
-1.3562966296541108,-0.04829780067861119,0.015058234833563805,0.01654407447148407,0.022564700060630924,-0.7281158882024086,0.4073690946165164,-0.04933808448600681,-0.10182183977665332,-0.13273176086934432,0.3386399599100178,2
-1.0320134524642635,-0.7325880070043035,-0.2406735312072489,-0.21001385128728223,0.17756027123277124,-1.0406133273176206,0.49805794344506726,0.02238098842184539,0.17059148153409603,0.009127377973809962,0.5989156628080097,2
1.46519154206721,2.8934969471958945,1.1720246199491993,-0.687638873541086,0.759617194147859,0.117360907358461,0.4984923210010002,0.31426486234854484,0.34406848196572143,0.836852676611526,0.45434779414721693,7
-0.721192330372774,0.16027484787571927,-0.5239732008565119,-0.3278541972954964,0.26428307931496237,0.46629525505407504,-0.9812545570378818,0.3353773224095766,-0.6068290873592727,-0.8168522629104609,0.45637889125630665,8
-1.3320776860292516,-0.3639861244129403,0.03554067308636223,-0.27063576101582576,0.007375684225044629,-0.6906521600968623,0.10321940961093012,-0.07406282616414596,-0.6091586396495023,-0.39869865882205585,0.2567675359877063,2
1.6642089026594522,-0.04771938502380727,0.994071399287394,-0.05544895658035814,-0.29627239392029076,-0.4130914223497021,-0.9150761771321152,0.4153053204618431,0.09963559590547766,-0.39167338909847627,-0.09108570067330776,0
-0.3625793776096324,-0.9884504443541813,-0.5349992947111617,0.13797202814659507,0.8744951802709192,-0.7093349554379571,-0.6585343493428298,-0.10237538228357676,-0.006998540385086072,-0.10338085831711608,0.49064158658813295,1
-1.1519113042637956,-0.37693062242471603,-0.28516522798875105,0.05662356355200098,0.3634184162748914,-1.0210043761175076,0.4498658938650872,-0.19030887217835812,0.17456359367925725,0.1627921217046234,0.44092545156612245,2
0.948932484576794,-1.1531557451250551,-1.1145489726926538,0.33094193722907855,-0.6006565554635439,-0.5523411708503931,-0.02151811448849631,-0.36063899526007825,-0.7748512771013236,-0.33452182879729686,0.5241236520766126,6
-1.3015454805660367,-1.095550991140188,0.8253071307869633,-0.0009586356817956854,-0.130304051264017,0.25904738088682083,0.5500837052844115,-0.26900049453136377,0.37944549596463795,0.042333804834582996,0.2245194491384632,3
-1.2927727312348276,-0.7518693472833808,0.7490661499680318,0.0590557770201049,-0.1848173921071006,-0.10397168644185242,0.20779521505421153,-0.24835470689094538,-0.3905582566320238,-0.45452352354163067,0.09331135205588212,3
0.16004213766130468,2.009367206670595,0.6907928508935811,-0.3202741995500351,0.5967258354632411,0.15544373523622482,-0.06175115834735471,-0.3117570952774159,-0.6537971342973923,-0.0746651811921386,-0.16577687506819294,7
-1.2703738656331727,-0.5613424678985375,0.5379564356486984,-0.30294121187911494,-0.3731187752988968,0.640984428305323,-0.24680532653234158,-0.6108202820655105,-0.5672780228748271,-0.20253930539477435,0.28255164265927374,3
-1.2568313251192813,-0.7159643297518725,0.45714855804505117,-0.302845192004874,-0.0889780156041508,0.3737763999680925,-0.020513779144945475,-0.5874062178745636,0.03865844629974217,-0.2591570775074179,0.2701800704300961,3
2.808089225194646,0.5721136349659783,-0.35092371727073063,-1.2498962992049025,0.17137759587672602,-0.3657913522617198,0.16757423533510227,-0.21266359301538354,-0.5501435311277075,0.349146270848705,-0.14744398801636122,4
0.8048378406086594,-1.2819033303785397,-0.8056385052317507,0.45978533373943675,-0.14039365775281357,-0.6386660802311729,-0.24108701611335323,-0.05886309755515935,-0.3917824918029888,-0.5947004120785965,0.38440845298285115,6
1.1785805877105149,-1.4388361996637966,-1.2331836319806784,0.18629358359971082,-0.36465132390979227,0.05083767117329519,-0.20205669087507666,-0.3529187394337057,-0.5047685300731065,-0.23404873970090395,0.5336536239195951,6
0.709687941125856,-1.3697786553797309,-0.6141173437944412,0.6611137008753294,0.33890104528985465,0.5153372429319103,-0.07559131126156464,-0.15970477440516626,-0.1308839515400807,-0.25737076132913345,-0.6156116578183767,6
1.612997562652494,1.357605794872355,-1.2900096543309783,-0.013934811418840244,-0.6500061178836544,-0.2488285372823927,1.421178849555658,-0.12419125791064653,0.11943422114994222,0.635648469324321,0.41026070819018723,4
0.2246807443791883,-0.10683387279114011,2.2200477138374257,-0.2730601488049823,0.08062748703582026,-0.3043527125981197,-0.1719769944387226,-0.1688425665614976,0.28824183000348647,0.5051753424231028,-0.043210757652456654,9
0.7721462889579559,-1.129900504114154,-1.2733440665431925,-0.4061186853704133,-0.4028829939533935,-0.5421531224946085,0.12230251939138245,-0.5415504481082007,0.26282975937692155,-0.4542935030453056,0.5772095447026657,1
-0.40027905965395044,-0.21451349002975903,0.09040165749128998,0.9342985012777475,0.012895885180997971,-1.092967552748811,-0.09161980112692399,-0.26203347698545276,0.7923233286914078,0.3333198767450353,-0.3446864511632756,5
0.2723200492050698,-0.5568117533652099,0.23024795540250456,0.35099566094121964,-1.106303708322036,-0.42639310435973976,-0.5115188376110842,0.7344558600925609,0.5547012452596247,-0.00996643347419278,-0.26048403968116296,0
-0.9723749019277649,-0.49096508656382404,0.8774709585936874,0.37239535436717486,-0.4996475503566123,-0.6400266083196791,-0.47914104214584025,-0.053250936130635175,0.6107112419941382,0.14855653051482337,0.3174561222560855,9
1.492797603052506,-0.1921064902668375,0.938777787895294,0.4684979347187664,0.0676949020911565,-0.328800014684429,0.7237582956146272,-0.2846956352023915,0.3894891975610071,0.15363686451115038,0.028158705497837912,5
-1.3726396113963202,-0.1434926868686055,-0.12413402280519413,-0.1896242009033875,-0.020198696090230808,-0.7448707935237544,0.3872323482700022,-0.309291708822246,-0.2322775123464292,0.021920195345365705,0.4136974055155358,2
-0.9184352444854835,0.058740322978742314,-0.3070349061067423,-0.63352778835008,-0.018525970127089855,1.0572294071808956,-0.5475382831249331,0.11878433156904976,-0.30973483239734184,-0.4889404129340126,0.15308269133310168,8
-1.1144558549487593,-0.7414814098635601,-0.08450754103560508,-0.058564195416954935,0.3654057901620819,-1.0795016215728783,0.3080095922719355,0.4859480879764165,0.14622295052303277,-0.05852089375443746,0.6027602771074771,2
1.1370546476774308,0.10443698602605897,1.2044804333800494,0.21628927069732812,-0.42831787515365377,-0.0738090158860715,0.1008032763802731,0.5033782990754261,0.2239303122504582,-0.5546869106793982,-0.35365593816534185,0
0.3477115428911891,-0.7070152570345929,0.405222985865008,0.5696059717515266,-1.0607735434537087,-0.38295918285301433,-0.8629899138940579,0.7414784522113119,-0.21179462515556302,-0.4673068518437978,-0.1833198641751516,0
-0.5936867157105312,-0.9016756885941464,-0.5912288357803298,-0.37911900588777964,0.9037216895069062,-0.5662411494554153,-0.4967695860924895,0.2179975431237018,0.10355833581637477,-0.6201341525814521,0.31193579003311256,1
0.6370302558687554,2.929584421701514,0.8560398817003592,-0.8576531884222987,0.9421201580752512,0.3466907591770937,0.5125406814221265,0.40354241350299025,0.001810154826642533,0.3901377678557075,0.14325566703189596,7
0.5974413948586138,-0.9780014370739393,-0.9135875193978686,0.27190322846852294,0.10741198376741598,-0.3459722203743427,-0.7314858910638841,-0.042693110703069706,-0.31052037003933974,-0.3844120919406865,0.17149645681476292,6
-1.4100859493038653,-0.8011587724199604,0.5987795366302795,-0.024154110096760367,-0.11591797484591346,0.3300403273416742,0.5805023387308452,-0.5760892770533715,-0.21444876542655805,-0.07352172326224536,0.2895104286048894,3
-0.850243145766555,-0.9073857158103312,-0.07993034860136507,0.34662685660616604,0.4772336846529237,-1.1388674151221159,0.15450763607444515,0.6491538940373187,-0.10880304329110363,-0.03093984859424963,0.6097587431479906,2
-0.7862723259665116,-0.8065359568745218,-0.7766908395662565,-0.7604855415961224,0.583374808851204,-0.5348673469870138,-0.24769167443177267,-0.6017067118698288,0.48941162488879153,0.2697081075203233,0.4065556815442371,1
0.8684029553930973,2.7995721019760604,0.850593781870819,-0.897071503319947,0.9277890857444487,0.5329461993109651,-0.16247363696592737,-0.43095294066722856,-0.035658451922622916,0.5268632167642449,0.14750701790760173,7
0.9315605059254716,0.6145558621129179,-1.5525718153264174,0.15043228159434582,-1.2395587723210282,0.37050695267163575,0.48335922575511575,0.01444392572842425,0.020217532995539685,0.38695058071770316,0.03036121441472642,4
1.3419651871396352,-1.1180811821582428,-1.0997853564796167,0.5888565517689792,-0.8259708028175982,-0.5968265946371276,-0.23821813724983004,-0.19866179776891962,-0.6311466303018107,-0.2650694487424743,0.3781091394451363,6
-1.355821163297107,-0.04376938413408214,0.3034116088639176,-0.39039497887785757,-0.24303554158465504,0.1818350203669154,-0.33495826148636204,-0.49013372240415043,-0.36719823291949377,-0.6952522237116812,0.3035386259369335,3
-0.403850741957902,-1.0008886530572463,-0.49884142313215046,-0.1236913722112078,0.8323168821451091,-0.7282309199991588,-0.7199760438423417,0.07848088435055592,0.5527811708918,-0.13522306915540266,0.44674258302607256,1
-1.1920505971248143,-0.10224906213770447,0.13374604248184538,-0.17145485225877946,-0.17473816357805108,0.010164053157239492,-0.19061922847676935,-0.48207924163936394,0.03819275329067188,-0.10163869305768952,0.5268280295792035,3
0.08026256602039067,-0.5935747757835099,1.2065569113992294,-0.0750803408954118,-0.40291325909304776,0.1941587797781079,-0.28388987026709356,-0.4708851306580712,-0.3501248450287158,0.29896700127942116,0.5196222829056453,9
-1.1842946370385856,-0.6736449772255512,-0.6125059817835065,-1.0346976084138009,0.6939529143769896,-0.5292756890485112,0.03202666882696463,-0.23918602032741246,0.20395165405469484,-0.7799010618120714,0.21477772697663852,1
0.11418241706222697,2.1640595470331054,-0.7602266702409194,-0.22615585863576312,0.3114022290350237,0.6792669261762662,0.21398823928772093,0.28367425028464155,0.10069719692846521,-0.07367230064567613,-0.024018603340428005,7
0.9955936908723086,-1.4912779235441733,-1.1504686518331453,0.26134571285058095,-0.13444254010481338,0.03958477376304653,-0.04203575720769634,-0.32098243247657837,-0.44048951541510917,-0.07178170892327744,0.4851358490796647,6
-0.9877642239696853,-0.30786714786963254,-0.44095989323995977,-1.1924021660507427,-0.24038113503328634,0.32853216748250114,-0.7895037430492755,0.30303256704455744,-0.34790751160198363,-0.23464521371485178,0.10528222987259973,8
1.8463821101522861,0.5299174635462086,-1.3582895954982626,-0.4039789967405708,-1.4154823641052423,0.04731790750248454,0.40598774606434934,-0.17438813141441373,-0.3389840627144498,-0.001454261885307379,-0.014566708708058757,4
-1.5286048445965088,-0.5058937315098943,0.5672201858447785,-0.2574614026338292,-0.25173128958482865,0.2841320567740317,0.5120159952741421,-0.27330354516487587,-0.05548151647648597,-0.34173222562618455,0.3236584956551466,3
-0.8263606622921713,-0.573082612679984,-0.9092069423405826,-1.1308806066683543,0.09826666532253979,-0.16893873340401955,-0.43197484740696,0.2216732999728143,0.08068820550401398,0.7738947937852162,0.558047652911851,1
1.6156451199035275,1.0938872970867817,-1.4768815972082123,0.016970583135976863,-1.140215043361257,0.6108224219484708,-0.2358373693923591,-0.0639819559489905,-0.17591942814997039,-0.14564782013930613,0.14480888257665067,4
1.3723873099845723,-0.024707780448787745,0.8221935264498026,0.4732753788997912,-1.285641860549801,-0.5476267775069391,-0.33734482651333747,0.40643662096999583,-0.2499647051410142,-1.0061307630022935,-0.33774667871706154,0
0.017011787943406874,-0.6530140165730203,1.0119312749125893,0.38060943880635295,0.6316918704654166,-0.7585107320617218,-0.04895627305069225,-0.28476824532471195,0.7566054244805976,0.36418270475293324,-0.41002174163471783,5
-1.4802927527258076,-0.6021129114247953,0.6554137386903847,-0.14941223329351325,-0.22371985436824152,0.46633969042528667,0.5756296321548495,-0.32105954638399536,0.03160882083956123,-0.24698717163827738,0.2010082852693554,3
0.7431420618771695,-1.4587528990408687,-0.8829566149372516,0.4952408682725088,0.07949252806174661,0.009532384614570183,-0.2826249726980664,-0.09741688574535609,-0.609102786235037,0.01548176229165054,0.5007179590022943,6
-0.4478180696643793,-0.6794975061683757,0.4359591415159694,0.07639278549342386,-0.8022901424653504,0.23665427927283117,-0.16037898606583403,-0.4075993170513763,-0.02022806291832243,-0.08269517778650057,0.3560543134968342,9
1.392006152090797,-1.3389615990385708,-1.259542755344314,0.16726689537682246,-0.8586718431489871,-0.15701341698253485,-0.11935803858193217,-0.5569775900728998,-0.48471628799226757,-0.3657512133188583,0.6038731197273052,6
-1.1684370185426507,-0.7242757418236117,-0.6060891509915077,-1.3107279390613664,0.5271248979998189,-0.3135627430272165,-0.002547626512385603,-0.42995602228610336,0.7019319596645793,-0.4357613899476768,0.20549762123165033,1
0.04610905752679661,2.427181039909123,0.5516323424217181,-0.28320140211844397,0.5234371629460687,0.2784472041332182,0.301058271735194,0.06914375879010456,-0.4296145689219181,0.10792339365480302,0.012400732328339948,7
-0.1670423670356817,-0.21413264958989991,-0.03098426399688335,1.0115264004906543,-0.08885435096147366,-0.9870973749837656,-0.17149905818933434,-0.5254381723035176,0.5898465757131814,0.3232948615890029,-0.40480843767936325,5
1.1675974250752295,0.5304755334398225,-1.5729531533487304,-0.10791144545418456,-1.266903822200922,0.3941474719708674,-0.11247654051156365,-0.2995778086143877,0.19017364631780473,-0.27868766191877187,0.05197346370953138,4
2.4117234359372928,0.12084272231584135,-0.5643635610228906,-0.9955966113091417,-0.16076795780148184,-0.37210506197119336,-0.13301332433638233,-0.12413586299212531,-0.6088513510004245,0.05499970984796558,-0.30986292264499127,4
0.8379811538412804,2.6848127680331464,0.6293028745716637,-0.5015514026483626,1.6514465469632853,-0.3139865712962421,1.4056448702056097,0.6057284995646479,-0.01572448073339109,0.6153068254132487,0.15590946020413565,7
-1.3389872656425696,-0.5391031013659333,-0.4039057357268952,-0.38874039711105857,0.19466689238988233,-0.9552643014592513,0.5374527429680563,-0.2360820410315947,-0.23339249297345685,0.4810707497781831,0.7068737423855963,2
-0.4248873295758761,-0.5880285749513461,-0.2159206558814086,-0.19078530527911786,-0.24639803052197556,-0.1096841004073788,-0.8099655970363343,0.2865725468137468,-0.266657864075343,0.10815187328634314,0.22503225538000832,8
-1.5654362678490772,-0.3570459561092995,-0.00976968880143779,-0.5175657514611811,-0.11386283185840683,-0.7288173475211879,0.4860487437032352,0.2347127917092722,-0.5084151171967033,-0.14872663464594768,0.49540685842548715,2
-1.267752079535223,-0.6836521784274581,-0.07511289570444908,-0.1591379682417053,0.21021932705642857,-1.108480017407012,0.4794102964711102,-0.18353437248232976,0.22382470513174638,0.14319675644468033,0.526314693073215,2
1.3919911734580779,1.8615317620230254,0.9230387104184137,0.7894754428772591,0.6255317058280694,-0.4228255518214858,0.3964968708864866,-0.060557630663045696,0.9572715312709051,0.35143096759942516,0.34299651430479755,5
0.8217644457418395,3.169561730798668,1.4644714408240296,-0.7571962054871331,0.9684747215127947,0.34094585464203625,0.3245951208479329,-0.20778069678506625,-0.5388772283736701,0.19779646107235457,0.21992854281609453,7
-0.8903286695203558,-0.4682854549363731,1.500745885784172,0.036895869493457314,-0.5799921575864084,-0.2084069836025286,-0.23005378218678474,0.12507342501495256,0.42494579189876364,0.10762555106895012,0.5979977630290222,9
1.0213292562033538,-0.4806939923245606,0.8500885628679657,0.6566953907011843,0.005767570544413889,-0.4371144997649731,0.5548529670278647,-0.5631457221105455,0.5657421906619144,0.2898018190690899,-0.3575924425141167,5
1.511689612742684,1.5086927717906453,-1.5119015494606631,0.39325046654334106,-1.4243286326152702,0.46740203654748425,1.0755225425102621,0.09651120559085459,0.05082891793376632,-0.1253270604535646,0.37496959165332544,4
-0.5688286646080971,-0.18795038626498864,-0.4378168237056359,-1.1530288168521088,0.023437842742374593,0.32429405511122306,-0.5540083437324315,0.1530168906267371,0.018075573364572974,-0.6063548445506276,0.12177023036285017,8
-0.9412872520445383,0.3649031958884439,-0.4944765016623257,-0.8134869355939213,-0.12307878947594202,0.592201220592395,-0.7445085697314319,0.2959997164868894,-0.07426757087784998,-0.5579053679437345,-0.04918220353260028,8
1.854894328280277,1.523291890068833,-1.180718787492676,-0.06750811397545058,-0.797052619590719,0.3455653312301923,0.5381559948829353,-0.0795055153550868,-0.15075969140297354,0.2349861136886641,0.324976294664297,4
0.2764268907847763,0.38352344111240777,2.0492188347346447,0.10440730336481001,0.2379705944548198,-0.2940617093254088,-0.2317829045537294,-0.27351477404764385,0.2623701706880579,0.44073470324516634,0.2959917032521622,9
1.8235604477104015,-0.2214740254577561,1.4808948463752525,0.31480633587655393,-0.5082239347550626,-0.1427175492365208,-0.14335989962575485,0.361852462667671,-0.2632700873466556,-0.038095639032833625,0.05580261240020298,0
-0.9370264074405221,0.24864530311503116,-0.6060424491504093,-0.9499287892100015,-0.07016945974844474,0.7524742646563215,-0.8030780557716355,0.23464239169210416,0.013597472552968701,-0.24693893152181118,0.3932332768286868,8
-0.3021194074383795,0.03651154915989847,1.7366927433584938,-0.29938701008776303,-0.030118592126431486,0.7009537394316688,0.3134907422573736,-0.09906285713299098,0.4999241600583808,0.6743276373703684,0.7200362753688624,9
-0.5442988672581152,0.07224421385434246,-0.4623590814200201,-0.5284161720407852,-0.16703311810980154,0.5245361471616751,-0.7324892050811795,0.14011832138689176,0.04399311064517438,-0.3450247805764583,0.43558096589355916,8
2.4031291299164783,-0.15676160183557683,1.5798039839798634,0.27739556385788633,-0.3285456101597331,-0.14646425024542134,-0.06892082259385417,0.08037646532171057,-0.1403753581196648,0.12457846831318001,-0.057692961919961504,0
-0.767885931845125,0.9151006614008538,-1.0048660588726253,-0.9226918000010207,-0.22239673273151664,0.4895290101572775,-0.7203289807040217,0.3492921339272805,0.4371872347889451,0.45745850003283334,-0.33796293467447286,1
-1.032710582397334,-0.37160188178942327,0.1536596304804679,0.3408791424352379,0.10316832681871951,0.2424975036733982,1.0539538535266426,0.9748059355091294,0.12382401353289625,0.14992392447547076,-0.48059344025746364,2
-1.5862467216783747,-0.4912473401052693,0.5044400954850183,-0.4075835108220218,-0.38025513001779376,0.2611733181150943,0.6271460552686328,-0.4310710179941129,-0.3261580774455451,-0.15647770736453462,-0.2876979903806716,3
1.0886735682672037,-0.3185890087555714,-1.6559112748051956,-1.023524831377102,-0.8748378694987852,-0.1773256993901785,0.1496344635279331,-0.3403485253711283,0.5725016086755146,0.2032299948908536,-0.4168222837060739,4
0.8820809917733164,0.5300597779674726,-0.9595697709915116,1.139542675614941,-0.43900241772834614,0.2859685625243802,0.10945091890600644,-0.43307805832422597,0.40947063046303317,-0.4917369338256634,-0.19998272433600395,5
0.1755971504365127,-1.6813841635833344,-0.600406663534448,0.47427934111023873,1.0167453979006695,0.5845833163503901,-0.21429790908848995,0.3912784614673608,-0.384070809023216,0.1322780270263852,0.05774423307187069,6
0.8280235315307868,2.873243176607169,1.1881787594806534,-0.41918963880547455,0.9025309224736587,0.11312715354401418,0.5599770735500054,0.08641349543130926,-0.6126655321399611,0.6778359937567225,0.21215439693463545,7
-0.946557044493092,-0.086152425476879,-0.11117113028349583,0.05830080633935778,-0.3499287780154521,-0.08164622506284236,-0.2528007008713269,-0.019113645748715484,-0.7598197982014322,0.5332055931171206,0.3450278209439269,8
0.8497414360163741,0.4331337709883552,1.5578554111011,-1.3622741514060792,0.7570099283243011,-0.7353762061723123,-0.5751316521504456,-0.54268067966722,0.49180122994940995,0.6354434816617365,-0.2343766209710924,9
1.5449140409227307,0.8692197138985781,0.4616933909537635,1.1348942852506767,-0.9608122011989385,-0.21111508286047373,-0.20529052964222183,0.2710899974149389,0.22858402716999415,-0.8644962084145454,0.046231417706078234,0
-0.5043102180104664,-0.06463058946684483,-1.0464624859013476,-0.15215975930718442,-0.06477938993110975,-0.4373185272278617,0.17698915702358867,0.40063579800071064,-0.20167404544832415,1.0948328983906934,0.029641683382115484,1
-1.1569566061683856,-0.3179095518287702,0.13477030884855848,0.3355455784642051,0.2352071936537224,0.10846541191689425,1.1223397392096024,0.7075178499910577,0.2093072127824141,0.05907077334972985,-0.3814470220148798,2
-1.3074199582272719,-0.6647152190153819,0.8685211582224255,-0.0760656730216612,-0.05970487573868908,0.44806068439280466,1.0570803793619745,-0.3165226909946049,0.06363022300773677,-0.06465075267799751,-0.4108268378296433,3
1.7668687601674269,-0.2741514977051097,-1.828201492724295,-1.1851168506320524,-0.7398777786420428,-0.16490210021626897,0.7233868958661424,-0.11587605594098435,0.5679491009082294,0.35597936775208683,-0.3434627631788056,4
0.05609657344323879,-0.41702901375546897,-0.18630695815611859,1.1261184380266795,0.19636863267744434,-0.9492532605013891,-0.39081576999255146,-0.11950034678898509,-0.1630900777887555,-0.30013401067906653,-0.3247935850424088,5
0.46598899528371385,-1.4412689352536776,-0.9103011360765344,0.582188026674416,1.0675974347133028,1.1799334718482943,-0.0616221561469978,0.14418897918295784,-0.24520924657859264,0.20331912831820978,0.011881555507257346,6
1.0785485624796112,2.100695057642046,1.0729804303066568,-1.160355647532017,1.359034895004462,0.14620845122576728,-0.15768996889918702,-0.43439266263307597,-0.4804253412253345,-0.09310149925317239,-0.3150699947838282,7
0.01052797414191259,-0.37236329558296116,-0.12300827742577197,0.3913599884593183,-0.8409523065081584,-0.4176203065255611,-0.47828867553888516,0.25287243350007843,-0.007007276033640792,0.27273062279055366,0.1350241710631613,8
0.9743264743757406,0.7345486491802544,0.3043122037325248,-0.6691630797854615,0.698869323808574,-0.08047971308794698,-0.6189860149863233,-0.5997862814614893,0.9703069072324054,0.268370568209027,0.11345623796476632,9
2.5156295563853712,0.12531001876263537,1.4608508438946264,0.38806160378626764,-0.2936686644141415,0.04271106183818368,-0.14485725627832816,0.12304444651660162,-0.06769284841845398,0.1322933212696328,-0.14051512426153193,0
0.16611674033125276,-0.6441347934376728,-1.0780692597165162,-0.09259665312878913,-0.03903010465230343,-0.47666535837784285,-0.14590135215897124,0.7332151091345478,0.28393038343737664,0.6762327070473066,0.34929221468782146,1
-1.0581777172766917,0.2794911605811086,-0.03175650420579777,0.36934911080167976,0.2520626763546435,0.04916439160357969,0.4125054894394655,0.566786413795945,0.07034779812854161,-0.4099923093519918,-0.05424995619366431,2
-1.4463119068455406,-0.39429186581195297,0.49689306881820805,-0.027247202754805844,-0.17168712544349043,0.5782435307652332,0.826607294670211,-0.3633247911915646,-0.3027037031688429,-0.21710343298271104,-0.4362990998718618,3
1.356632629186699,0.23187139181572122,-1.5529839209567797,-0.5172443440622096,-1.574243445577066,1.0032089788580727,-0.2538041916995031,-0.09519437233174287,0.39912924945742434,-0.3081862679653434,0.5895956310481525,4
0.051540345197121244,-0.45928149310355704,-0.058385921068876356,1.0734796476486959,-0.04146162388684681,-0.8959712105895294,-0.684710390414005,-0.07495866518023395,-0.21385396526937792,-0.07693412928101773,-0.1781624104080699,5
0.16412737746612818,-1.433188716507666,-0.6567032606733146,0.5606221361078316,1.1308915007663398,0.6847747182941306,-0.38620586817285185,0.3046397652493791,-0.28341022701808954,0.3042342562252132,-0.3197638105931535,6
1.1725538566240756,1.6439223600318562,1.3905100089768394,-1.6129325436231992,1.8456381124213492,-0.3801451612094321,-0.0148691121385964,-0.7044869944735508,-0.34885517112766945,-0.5655141879318574,-0.6125553676748711,7
-0.6821956346941526,-0.266455283751807,0.010623824080287843,0.014361736904921837,-0.10992197185243868,-0.3288137267399917,-0.5231116153510595,-0.051347231336311944,-0.9467420940629687,0.3475721037117112,0.2199913777881645,8
0.19950022009454008,0.6247220639120151,0.648164576741547,-0.12656716516276878,0.777980484520335,-0.17242130847460932,-0.5908316224767295,-0.04576890867027752,1.2720658767070527,-0.06290288664445395,0.6728157752653703,9
1.5482558008566483,-0.07137190201146654,0.8314169491913492,0.28985157528147304,-0.08309790247055186,-0.23137830419912525,-0.9507879425046145,0.2597818537578783,0.3540168577911714,-0.07043006656609609,-0.2696375596610922,0
0.8153626993421509,0.11483194694101331,-0.5208833645181002,-0.2839674873113469,-0.27533927010558573,0.23314339440985501,-0.9282893314360793,-0.6490714125023728,0.6990084101133428,-0.19442007974217015,0.3753443384900209,9
1.930135393242298,0.2785014420878698,-1.410195451451579,0.4879042308632516,-0.2802709627606348,0.4076359685231673,0.5515160181784571,-0.46829792215819854,-0.08089084836615036,-0.061009841622253785,-0.17109692728293607,5
0.4996516613441514,1.3982829456995745,-1.2655003343652131,1.7084682843767038,0.10245476321431356,-0.014172405060740908,0.2028113204621362,-0.7504190830738028,0.04622426475499549,-0.20886874068809919,0.3451460670312228,5
1.6119648708868606,-2.001469826416593,-1.3439471128627585,0.477409634339592,-0.1399698248766033,0.9012924152971942,0.6686035075947787,-0.270540156959395,-0.5356137958929089,-0.1811478054514597,0.2890253766182785,6
1.0304703616230624,0.6450636047196834,-1.1415591848356346,1.3641038481770564,-0.7380715982256206,-0.13983647237401398,0.018296932335642176,-0.30686109772031106,-0.43245087522217324,-0.4498501381773242,0.0798951608410854,5
2.199219464841823,-0.40117226548764756,1.3533728809961936,0.3141218806692884,-0.5921485679225987,0.2630005599943681,0.12133516667245242,0.1797172624481596,-0.011780022548865463,-0.1808568786811448,0.2188783210128761,0
-0.5538828953980997,0.2638285990936401,0.3012269568381399,-1.0883456069697803,-0.192677792461895,0.048552279760765024,-0.8485665959949131,-0.6655827925670728,0.5492414800963367,0.4408673310565566,0.4799145387180009,9
-0.8813722737950374,-0.33895825413050956,-0.04679072200920922,-0.1674412315569084,-0.6483813582710851,-0.36962104082699515,-0.31657959169574995,0.5307890581841025,-0.5207338930452893,0.963838973510081,0.20874612706240028,8
0.4567071041970935,0.3600082569792867,-0.05045418918164826,-0.05388974248473123,0.4145383559745385,-0.13963506047226015,-0.7638891034944773,-0.46765313712859097,1.1904470476979894,-0.016000950266937344,0.07468442010786112,9
-0.7611867837806848,0.12867358404792087,-0.01840453180050256,0.20995736222552885,-0.6191047147018742,-0.09540530876328789,-0.6220335890373911,0.11718220053296888,-0.6477437449345759,0.7590091654569375,0.12339670592702104,8
1.5263723251962746,0.411966555999447,-0.5460031743169287,-1.3271828416072624,-0.7370697366720822,-0.1356218081191778,-0.09823198182896195,-0.4931166940928351,0.129066778898417,0.28582401790386985,-0.2882970607731058,4
-0.7007499500326977,0.1690059100467774,-0.7986435394852043,-1.1866613493902427,-0.5388196259482368,0.21690603775137768,-0.9155201982940723,0.4111206053510602,0.029104141390717916,0.8610746882098997,-0.5085653832085256,1
1.546031185366428,1.5075458337537826,0.9523973973647404,-1.4194758075617944,1.6605643333168933,0.022695417831679124,-0.5194797698488121,0.16858700798080248,-0.8875010229442698,-0.2645702574727859,-0.6024483098301626,7
0.541812794921584,0.5848641130088749,0.678737062323993,-1.266778213086124,1.0266569489716146,-0.3269126801585208,-0.5628022208706811,-0.044626925675859214,-0.8593561319327421,-0.48337666265029905,-0.7592516860177847,7
-1.05825014617301,-0.07019139692684065,0.4096807760221839,0.2437388722967122,-0.13914234214427307,0.313091386554953,-0.20237931038132653,-0.700995975758833,-0.38212698677365203,-0.44510606456535945,-0.462299734182473,3
-0.3023810586638029,0.3011648669959504,-0.31322309349215305,1.2702823766347056,0.39356987633594015,-0.5697774535198528,-0.6732195850293315,-0.5262510805972432,-0.26391020669243176,0.05921815602716164,-0.2149532822162655,5
-0.41055492318364634,0.0030778285492159075,-0.8322831469602152,-1.0778116222202208,-0.8783037614439566,0.07062659086688985,-0.6492221776505385,0.27339986596837845,-0.12257876335707314,0.876380136624985,-0.3842987115241711,1
1.90033113150764,-0.8139113214665753,0.9688173679248939,0.10535021576551075,-0.5590081298590447,0.21927727295458027,-0.315537904284236,0.4247933279994249,-0.06193585476723458,-0.3546841126273325,-0.27943806748473293,0
1.0977330590431034,0.5205185507249287,0.7963730898656419,0.5352357942193829,-0.2542257666691559,-0.3120343063864178,-0.6543359772404487,0.4964407004074548,0.14556272636685527,-0.7156811463390853,-0.36813243922803596,0
-1.3628561092991573,-0.1813938487142976,0.3048805681626517,-0.24256739959903104,-0.4023559054466875,0.12921243380865902,0.014957801554895938,-0.09835202835298555,-1.0159781403170014,-0.17325488901715505,-0.23994408089363709,2
-1.3096035508634476,0.11108713811973532,0.036940319678752755,0.10033009538388611,-0.008846718148116604,0.24107345952692047,0.8825541200066036,0.2792069277007285,-0.24605147974579636,0.049089282439206704,-0.6029453898219923,2
1.5243112335309073,2.5690779802359986,1.4063834149954852,-1.192594532606621,0.9541073802297918,0.4624713150569122,-0.1596202260569368,-0.22912079355387988,-0.7795274220717159,0.1174233814253077,-0.19313584759494892,7
-0.7122857232642089,-0.28639473948254107,0.07989728500455923,0.0675775020833332,-0.7232009729635085,-0.4597723600590044,-0.5822955812434115,0.30069233138395307,-0.24657748330017085,0.9633314944625838,-0.2013352259360699,8
-1.3423124102584703,-0.14599540869931457,0.3298154153997881,-0.2984881451993539,-0.6251410724599792,-0.14742391016492315,-0.04788926629928068,0.15156523441009812,-0.6228631385247386,0.2659004783026435,-0.015143750021948857,2
1.9870721706160788,0.14777824391972216,0.7651180457615165,-0.4228232874093392,-0.24661009427042827,0.06857086304701392,-0.6794185725587503,0.6400359898524125,0.13771694833975212,-0.008920111959726534,0.16103604207836605,0
-1.3536191463305252,0.05023103984473086,-0.4740329704596675,-1.4249091863683139,-0.18524259039622437,-0.17397828721407124,-0.2705343613963362,0.18500133435557659,0.020379600647628452,-0.27778809973897794,-0.2902583420094371,1
-1.2317907086751834,-0.3481047449583013,0.38083705984728494,-0.2660635362444921,-0.332849454711111,0.10308372404950948,-0.35834676680669936,-0.23206686954258132,-0.7035156934815602,-0.2862880300246905,0.06084351093449447,2
0.03835097339656636,-1.750851936984488,-0.17774805778133415,0.6932773380799419,1.1074038311734382,0.5346783493496844,-0.2912131921970921,0.4268139331568892,0.033751494470810106,0.1207728823721732,-0.04210706859472622,6
-1.3531887825549478,-0.511759503206363,1.2679907974965214,-0.1641699447898046,-0.6076416878869153,0.24619417298892685,0.5596782468045386,0.010822946095982814,0.11935017790775572,-0.11838092244042057,-0.36187764399731026,3
-1.5905136498608525,-0.07572387146817101,0.613952109245026,-0.05019454896614033,-0.41660750777013256,0.8179669357784883,0.851367802643433,-0.4755478553127332,-0.16525525960141127,-0.14246401308181553,-0.3129004080966282,3
1.105611273409093,2.8509242761525337,1.5762513576305104,-0.869367569990331,1.320977988163098,0.2458365234876905,0.15045404515973274,-0.31240498427371155,-0.8110605487843104,-0.23472445081937923,-0.05032515869033079,7
-1.3176260970869274,-0.584187474278382,1.1823673189286972,-0.03209494961145623,-0.3685512219788587,0.6589486411036101,0.7056668531211646,-0.24370479937049674,-0.05465523373825846,-0.15865605109465766,-0.35561865428180406,3
-1.5528658788384624,0.14983378700510055,0.5476704145855975,-0.05529239490097647,-0.5143430957685033,0.5325526708217839,0.5946803184166802,-0.48080614406628736,-0.25446208406286125,-0.19165730911503068,-0.3829757104300249,3
2.3139104829097894,1.1898061387871395,0.17255256582613748,-1.152445740905447,-0.5441273795531983,0.042910490928992295,-0.19649979570186282,-1.023022557766865,0.05191415374718992,0.06536461538642756,0.04352649144011159,4
0.9889716614648381,-1.6390640789026623,-1.0474170974819195,0.5729025418462194,0.13489033746680484,0.5992840791842297,0.4550878044261578,-0.16504219504980086,-0.6619941785758928,-0.2584383100690444,0.26559600504631325,6
-0.03022240603507476,-1.5781105953970698,-0.7755336333905197,0.09448891180656237,1.237313199327119,0.8782835320539083,-0.3361981082252367,-0.06144999063196142,-0.30292802173278277,0.18795092187963702,-0.21831291411304418,6
0.8924160342833771,-1.660626082691531,-1.0623980490539284,0.5064027430724842,0.41868782332983034,0.4784415880585461,0.020146614736204674,0.040804057182071835,-0.49749775497789034,0.14731327967272134,0.09610491372949583,6
1.1168489910329578,-0.6077745485413079,-1.8095065563023582,-0.897391149631077,-1.0310149444458754,0.495738626715053,0.5055900049347168,-0.13967594197679792,0.5830791871234888,0.3049589663119044,-0.3108358868771495,4
-0.03856413352335756,0.6381514115945307,0.20440851324581955,-0.28430058833558663,0.3519101753584499,-0.031149541393636328,-0.7467157845698364,-0.11873721812656667,1.4666863091054883,0.27692684694820907,0.17672061620808754,9
0.15766580273794398,0.0568147990095456,-0.8901469928867594,-0.4413176301816482,-0.9003503318097199,0.08828221780376103,-0.4893591617550778,0.7312168620157431,0.46969454350788936,0.6848072119156147,0.14717914552082015,1
1.0617297817558957,-0.8114138994284086,-1.0637960457595321,0.6797518100168612,-0.5026681943446724,-0.28380950431857066,0.0651797906857852,-0.7169995302752211,-0.48535298420741196,-0.20337825784387295,-0.19650529046780882,5
2.182262236790853,-0.29539482028406416,0.9397714321718126,0.03482944228978687,-0.7416509394108833,0.1509143213853993,-0.46488214376540793,0.41524633574270947,0.01137055223528876,-0.3442152395616922,-0.13109759699329013,0
-0.1486585702637021,0.39414881967925125,-0.37981724029900826,-0.2854964775689871,-0.4240309596235553,0.3050695012701782,-1.0112096119641514,-0.39493732820477756,1.2688222392532755,0.19517672760467056,0.20406807361704754,9
0.5997562930348206,-0.3067666431060006,-0.9676923350238504,0.370021562442461,-0.23700661608350654,0.044125358316743676,-0.5808103137370739,-0.6855997611347674,-0.08916986169785529,-0.1272034300382785,-0.3802513917742692,5
-1.3173628429948334,0.23393239910516464,0.1884276406678163,-0.08733314020316833,-0.4787143470875526,0.4837882320591437,0.3290525025587345,0.20946029847861164,-0.7692990602514337,0.07458632640480017,-0.6090806272949685,2
-0.4846684600521192,-0.33643167991455647,0.4481993061541153,-0.17323651475779514,0.13700103602774286,-0.20250230542180342,-0.6810464301181964,-0.2594437798806234,-1.2037238112338335,0.23798519196717743,0.7152838676215684,8
-1.174527178937925,-0.6389754158379443,0.2346110244092855,-0.005279016741940538,-0.0762902273883765,-0.19097201734507205,0.7552598343924952,0.7795885671873576,-0.05661163601176127,0.23321272015928696,-0.39562658870235845,2
1.6803719909390769,0.012706812143962862,1.3210063963412846,0.2837624742915454,-0.23302235150286607,-0.22155019274621465,-0.5148400023871131,0.6751738807518419,-0.4251260105137391,0.18775817855754773,-0.2586835649001479,0
1.8904461242366999,-0.5449105985539034,1.4838928282634867,0.20222454325734204,-0.13670526729387034,0.3172666882974021,-0.3777144932900238,0.1260080054852855,0.10777801599240584,0.13977624411574405,-0.28734316399018606,0
-1.2973743003877187,0.34847487959071916,-0.4349336307528859,-1.483351536185859,-0.3294795315863709,0.0008352756943195407,-0.5495033979269507,0.023677377202883595,0.296878381839494,-0.34868212729532505,-0.6114633703414853,1
0.3671294993900133,1.6108927695840045,0.7005804190568038,-0.7447539649535182,0.44904565284118486,0.31414151946743196,-0.6117097861893077,-0.2884646994088522,-0.6071319480544549,-0.04693614386104756,-0.40158255002304194,7
0.33846447559458964,-1.600389542447768,-0.8391848590579811,0.4606898573225633,1.033282444895081,0.7669914653095793,-0.3042933562977162,0.06951348158314295,-0.4345282399862228,0.4179755236243809,-0.3145640570342113,6
-1.4699577215062662,0.0005994266363859665,0.7548184590118252,0.12089250054966291,-0.4921878463532188,0.7207031142463753,0.5961650475161498,-0.39635032242235535,-0.13947175455324945,-0.21040420417666308,-0.4502476807138312,3
-0.7670897819312553,-0.9702343582975842,0.3160208421878908,0.3007421444164915,-0.022363883864858203,-0.9663298719372538,0.24147648038903827,1.1259464511146149,0.2542665902018087,-0.040967083392615386,0.24552840271067342,2
-0.14150228764380865,1.3286161426720913,-0.9232150370058193,0.5559216321715671,-0.5664445703436891,0.34075458838272205,-0.10715747419280272,0.8111670608774054,0.5619704993579562,0.9967266432363895,0.11756591853789605,1
1.5189477869830987,1.558586486137592,0.8735628177435961,-1.1398023160085098,1.1004203971843332,-0.07629355592420635,-0.009892699072530287,-0.3351178111853591,-0.7026983816578893,-0.08214162560984267,-0.5312672423963326,7
1.5181692898850196,-0.35897199695135823,-1.9821120921011626,-0.8442310061514307,-1.5151122581723933,0.1537466931064795,0.2690410652152474,-0.15683640450748856,0.3563523128071843,0.1542008526439197,-0.2894521376537021,4
0.20770495700431954,-1.7412647549318307,-0.1649002769531196,0.5832385855559296,1.3163203156415697,0.9991326990407514,-0.39041848002990814,0.827072095236284,0.730298915794509,-0.07426158431496356,0.058022474923231135,6
-1.4029796823786764,-0.3304966943054577,0.9856819660491559,0.3583384421608741,-0.3342319627724177,0.6818952381769285,0.8622399955738409,0.012901139411453245,0.3807522551833047,-0.23314248027360523,-0.3693451845689954,3
0.617650022460176,0.20250659682956318,-1.3230850641947063,-0.10250957036163212,-1.497074095660059,-0.2534399267335903,0.4309934061694543,0.19844653156416456,-0.09241117518972747,0.8291517830906258,-0.10134902732675682,1
-0.940847958086581,0.2639131027819904,-0.3595062270105084,0.5745408752045449,0.561963342406625,0.0780422533897753,0.7497083988394785,-0.2201157613402008,-0.11287410776268197,-0.32793879494014805,-0.5227212002973991,3
0.2608571168372084,0.7565778916849673,0.6109688264274139,-0.44793011685327805,-0.1514577483857166,0.10223816985352134,-1.1079120630365358,-0.0012438673161968622,1.433729679948787,0.1892237063765471,0.07862004330559355,9
-0.1088415961799583,0.31385431013969967,-0.8228420786602861,-0.15747973129195886,-0.8685258643367382,-0.1589852133382666,-0.22979806201320413,0.47869608087516036,0.2502240138223611,1.0542774346186707,-0.2435440856237012,1
1.4744012881132942,2.2297105372073744,1.2720315093895376,-1.1118786555375924,0.6293924633322416,0.2724809145859772,0.07659777871364855,-0.030430180688817,-1.0500373151246634,0.13053599424808884,-0.2624322149608967,7
0.6376567350108674,-1.7770075360592552,-0.8910918537998115,0.4541885242396969,0.5691105152241389,0.7479924235517409,0.09645704206856225,-0.16284935691735677,-0.5525308219462512,0.13058882806264516,0.09824763191579694,6
-0.8021117370370625,0.40241974537966757,-0.41549460119311077,0.20871018371676692,-0.31668720261394867,-0.3776668083019641,-0.04774645861921277,0.17479248786856696,-0.15754377952297038,1.015958374367546,0.04939139847486514,8
1.5004011478920807,1.6741986867290393,-1.6352529738989454,0.1978485888847542,-1.1232758110177976,0.9174222943282109,0.25225260264211896,0.03235018729390624,0.20916994724212024,0.09036486668214236,0.3953474325386771,4
-1.1259332521779803,-0.31054920316001394,-0.021872780903985815,0.44671404119458014,0.5538886284273904,-0.020405839306287147,0.9653603830699726,-0.43586873239473845,-0.11145818915783316,-0.4598619907356504,-0.4876675725231426,3
-0.30696956291486976,1.1676072171680527,-0.9563559610546618,-0.009265204596822866,-0.4228830034337013,0.4673448323359238,-0.5329686865587459,0.7488888137532633,0.7374018289534461,0.9335645957544134,-0.044097015712404146,1
1.5891530276000885,2.835592346921368,0.7080350748201237,-0.5883067890119996,0.5897321278928181,0.3303080063995981,0.2692821909481074,-0.35116012845315,-0.05387395061478141,0.8430624931761285,0.4754852881385541,4
0.8908237072154933,-0.7239436935790144,1.3716661013718379,0.6694626528046381,-0.10812343604364252,-0.007730138242752886,-0.48861140795730557,0.43206082536671236,-0.3024236037694279,0.31549364091463394,-0.2360913560366126,0
-0.489144610775913,-0.9896768617121555,0.07469258237191086,1.0511295418947204,0.7116908149767609,0.4048869290405475,0.16500762528162247,-1.0929631557401795,-0.28324543435315425,0.2914080911596899,-0.330418943508412,5
-1.4550312728004313,-0.1999365020765453,0.39725686792373727,-0.05124918358262781,-0.20835401147880617,0.6651298511752679,0.9067069529589872,-0.29468272124536543,-0.25404603511998003,-0.06019718710137821,-0.4533396869802611,3
0.8300682752012856,-1.2699276748929793,-0.8999165802926121,0.5135844064094677,0.8941934594568878,1.0333620712690816,-0.4083928516300431,0.6154572329125844,0.7150086216268952,-0.050624232779308,0.20025354081725233,6
0.4713883387607209,1.3759767465272892,-0.09236672191843186,-0.553085754510988,0.8374030764716555,0.23864317406544566,-0.7605938573076829,-0.6241657550487884,0.7432602615922438,0.48303480991021225,-0.21901977719661228,9
0.13385550410990765,-1.8034642250251052,-0.3569421135080434,0.23924747109374858,1.3034831158812945,0.8703796726646335,-0.4501405907256947,0.7246140939794664,0.4232827682834476,-0.15308643404301672,-0.19662883845170112,6
-0.16785783119405567,1.296181784264405,-1.1995390978124703,-0.5202136793836025,-0.716543635982168,0.7610436676322908,-0.37240741118682447,0.6729156032637913,0.4995084265261821,0.3319297056109043,-0.14344701097890403,1
1.695337348352287,2.3892557271326322,1.3912013235909901,-1.138023763975394,0.8048673719896416,0.3291151660651644,-0.056119639374102706,-0.3661972526218473,-0.7869493557135657,0.1284928318122385,-0.21264582198647886,7
-0.3531631478018545,-0.10649451970709685,-0.02965163870619019,1.183643553581167,0.32125961025137484,-0.8651811487892819,-0.7593608060165972,-0.15798490908533808,-0.1920506121909807,-0.025074974872834097,-0.20948610540944837,5
1.7304485151360396,0.7937486491039404,-1.8050557043138882,0.09922662241320812,-1.7471367662244863,0.9931527964918367,0.40323287706412986,-0.4559429512078223,0.40065742893729256,-0.6924407394379198,0.18436676883953165,4
1.6694265573629286,2.2120137094266497,0.42795367686843655,-0.5423092091640632,1.0919764809359334,0.23345137786737397,-0.23468811942426657,-0.44558258931777733,-0.2910633974992993,0.6895757076193325,0.2248958824971509,4
2.2837036048937813,1.9608194505858512,0.9787368729029202,-1.3278272517819472,0.8541852163747852,0.2952724635940164,-0.21612961432558883,-0.035466504837979154,-0.8914301559916041,-0.2654434383316698,-0.27760858271243527,7
-1.261438231868267,0.25275789996264086,0.16364439378305898,-0.0775652975674296,-0.5460065509444251,-0.409021468825205,0.3409024696340506,0.9027423571919122,-0.17895404253030525,0.0783458849140084,-0.3734442971798563,2
-0.2847522747205897,-0.15972495894464941,-0.08385067122663976,0.06411120177549114,-0.7834200245915003,-0.2143981080076212,-0.8577407482889288,0.4819624493803425,-0.06436191220487437,0.8164775440688041,-0.45604505449554145,8
-1.22682682618204,-0.08599682482110817,0.3762145996164314,-0.1446618145517828,-0.6816297938724012,-0.1345020083040924,0.144673166155372,0.8714738590997957,-0.4377502945309132,0.1371278679632861,-0.38573149933212714,2
-1.2057402960735695,0.001478081167256137,-0.11958524003398696,0.11598670550468679,0.06194619573826401,-0.19181026084196176,0.9400454709160174,0.7624743392526987,-0.08171360542039603,0.059745379463438136,-0.4716506457642166,2
0.41964521303334673,0.7597303029511167,-0.6671381031164508,1.8654109593794905,0.3283796667670186,-0.43917879357215533,-0.19558911929312867,-0.019319151153975964,0.32164248621226665,-0.17572608887207858,0.14997523345414632,5
0.5107900674324256,2.780319848377498,0.6548954649160104,-0.6079190360311246,0.8154588533641095,0.6844088614213558,-0.08680981914261804,-0.17021289875549372,-0.291278101933556,-0.06307019127714078,-0.036417440783761024,7
0.658203940155921,0.49741849456044274,0.3831760003144941,-0.41279767181111704,0.7455693612682346,-0.33982970596439255,-0.7558823959760095,-0.6360874225160345,0.7873513044864902,0.1804565576139303,-0.20784564190364246,9
1.0563604757641107,0.12201753055073755,-0.7982550020584602,1.7029582279341646,-0.1909432013337747,-0.6825499330961696,-0.04663420811211254,0.7161793198187142,0.2184368525303962,-0.13854337020730437,0.011188807692713652,5
2.1233465551891415,-0.0007737306320981271,-1.9127118520566937,0.13533603532630945,-1.4577895836474444,0.486831605357782,0.10380320018885439,-0.17906581318633055,0.10630705735270062,-0.6700045337734156,-0.018210320237147963,4
-0.26777856290109714,-0.08973400118091114,0.43470855958392907,0.14033119415830161,-0.11744079807636751,0.514912018792896,-0.3640725187306118,-0.3893134031924366,-0.9436208717606493,0.979846714542655,0.1300508791341578,8
0.06074334500834288,-0.0760631878659234,-0.47210627494067026,0.3448676918800181,-0.5230225446038574,-0.4687169194287715,0.12411484183915265,1.1778300316617627,0.2846021095733954,0.47134681169686443,-0.23480246855673473,8
2.4403929147341414,2.6605716490998175,0.3324801446657707,-0.6008596381140577,0.25367190276185203,0.45956936059416653,0.22181781262076808,-0.6932759857920463,-0.09317618266064251,0.38577281609191266,0.5226980501409956,4
1.0406663242606178,1.0035235729709895,1.7750689370329165,-1.3629799074476268,0.7159080127119894,-0.2359018371046125,-0.9041598507154139,-0.4336830685325352,0.6926413009813029,0.48887172843663884,0.07866307027222534,9
1.900899392974505,0.04460216195283564,1.2438064320013213,0.21201901965542402,-0.6408510753616907,-0.45211831002918534,-0.12494977664595051,0.5513646555664178,-0.45707246625970444,-0.35983528306944673,-0.06163756803076275,0
-0.6315110350057084,-0.5055645051292459,0.1773358219150986,0.3145575794417549,-0.45329535055442194,-0.15853517922947155,-0.6908831722122306,0.1804388659606962,-0.5566978672820049,0.5547022147387908,0.12029063581235036,8
-0.023002460879735287,0.18602480132271063,-0.1519507128148885,-0.6712153810485171,-0.3331321672942412,-0.17559505376406237,-0.8240150464174899,-0.8441963509985615,0.5851367124185927,0.3609865913760094,-0.39504107043977343,9
-0.35053287952447204,-0.33614586566155047,0.053224744177838096,0.16120881820709135,-0.8905870195469151,-0.30700033606956495,-0.7295434353574849,0.5276810319852276,-0.3823234987417218,1.0074582116149609,-0.13855504666573157,8
1.727768491731542,-0.22464167740667437,1.3363123496096947,0.500640403315154,-0.01986110281720563,-0.4887796565726752,0.21870637250468214,0.1385461706553454,-0.13825629116770832,-0.5192130216416714,-0.30547553288787666,0
-1.1833365303048287,0.1909824183357094,-0.9083723062287951,-1.1599454846505768,0.3634558684600469,-0.3844659349910733,0.10496177369248941,0.1760659084794632,0.3423143762488005,-0.35263613990128767,-0.6487091531308044,1
-1.029045264337559,-0.824620537384556,-0.1932683907829057,-0.25959796586923495,0.5044073428127724,-0.9220567353563273,0.2953266780352711,1.0117722129593594,0.06408583388308799,-0.5230715925737095,0.3857376779448364,2
-0.4525282414635127,-0.3992959808252024,-0.3727941164697074,0.6123258240663187,0.9329979124961165,0.21881980720229946,-0.08843068004654392,-0.6071531361509502,0.11757534719093923,-0.48721987642744113,-0.272970228734337,3
2.184320073200836,-0.8312867275414377,-1.9241837813025653,0.4399008487264954,-0.7900751438567836,-0.09508024291451199,0.2995467505116748,-0.13429115915142892,0.0958964510977593,-0.6076860434910594,-0.2951576698767216,4
-0.8122745854423493,0.940452516431256,-0.5857212440231813,1.0620435253643565,0.6249957652074248,-0.44773313182412405,0.06852223917106876,-0.46038730811421535,-0.30547050028524514,-0.3710254071807506,-0.14974856955500998,5
1.0165570489790623,-1.4889877533033504,-0.547436999576428,0.729704784427059,-0.6581848430268841,-0.27014855194295156,0.6110877468844893,0.0026886286498640204,0.1695536364960731,0.1901493968027871,-0.01397989149219469,6
-0.8162379426563274,1.8297749681642164,-0.4391182357365019,0.6782283180304276,-0.033378676629124505,1.2244108013134614,-0.18762558941682678,0.39440580574354916,-0.3151253077677156,-0.41588661505635766,-0.10107898250195828,7
-0.7117402974486374,-0.9148319356023082,-0.43373799646447725,0.43392573226461667,0.7070481159039095,-0.048591377255990345,0.6149546213861838,-0.16952500994046357,-0.3022994369248698,0.669832241699547,-0.04348853888483232,8
-0.7392155640491355,-1.0555813654703838,1.7108472624131186,0.09348447599306631,-0.08361887920188552,0.2861824766562991,0.6055379551301333,-0.029168869464175056,0.5927298909487917,0.40333882731768145,0.3522930999440585,9
2.986319757831352,-0.36128400591595444,1.8839424236696045,0.07395796153499212,-0.5915665351814497,-0.029913381472524668,0.47744262489270356,0.047433651592788034,-0.4790433076738761,-0.2051468999218901,0.16440145405205206,0
-1.473929436789153,-0.1744185081063802,-0.333883327260197,-1.1553938770924683,-0.05664876177855763,-0.4109928411262332,0.07722186076837155,0.02367109481187701,-0.07000541870862984,-0.3342512923974101,0.06042122882660256,1
-1.3270033151263665,-0.6383844358471876,-0.378249693617606,-0.5299324042146077,0.2718226499688739,-0.7513980427859147,0.7809180318126063,0.7263855413929389,-0.29034652152077073,-0.014123636580685984,0.2812062112355382,2
-1.3126988808646232,-0.4594028378796094,0.3885701810194818,-0.1493549814435307,-0.16324005674013667,0.15356238971915306,0.35731537389776813,-0.38116846801520177,-0.2362521064207803,-0.36111210840836727,-0.2178394464833502,3
2.1571976527153454,-0.6989165088180133,-2.308456521534427,-0.12812719972206654,-1.0547154370662033,-0.19963721993377745,0.3912289106929483,-0.45987591051763316,0.09039096849222067,-0.38383043858716853,-0.3066124911955373,4
-0.22697369967194744,1.3505145587518959,-0.4218518866979254,2.081460637615902,0.7190794716497798,-0.2625926763864723,-0.3196858478356362,0.305618519736193,0.49370400009242554,-0.12522254835922114,0.309046880513288,5
1.7081881989452568,-0.44699760692432305,0.12061914266511423,0.5258214970520084,-0.46688279168477853,-0.5843089579614755,0.858654689054855,-0.0029076095887681946,0.4191562094868763,0.5147023082475812,-0.2938345818180689,6
-0.3198608345268078,2.2271158442013097,0.012821401106375026,0.18906635648628284,0.39694592142106366,0.21691032315281628,0.4929500062123945,-0.020325350852090626,-0.19938745906178856,0.22721522436274655,0.05355938489866374,7
-0.5889484150028557,-0.2653367614175386,-0.5614981043739867,-0.6907260731011687,-0.01721120282680614,0.027132443283990275,-0.8411894117972314,-0.6005959947429058,0.4214698152730183,0.09114181335963804,0.31549108793835917,8
-0.6690070886237286,-0.5223822100492203,0.8717034074116585,0.4291665077236064,-0.42020782959813807,-0.27245466172617017,-0.9094497632768817,0.2565441027100012,0.6739261913491755,-0.14560018611601921,0.5140936255815041,9
1.7338844836451421,0.00769673678552979,0.9677585979097192,0.25602979889255234,0.27738252094405574,-0.836021509385535,-0.570108123905719,0.30943902754903907,0.103582498402475,-0.13804985072623252,-0.39776006417299026,0
-1.1622226412221393,0.11679800675322562,-0.8021732243142453,-1.4594485548319722,0.06257611034317198,-0.11126793404265484,-0.2585181758712563,0.33848368861805617,0.21604404860225215,-0.28418897125007736,-0.5592239381965709,1
-0.935520441370847,-0.8422387660259147,-0.07416227701434777,-0.05144248675333614,0.22937585571637004,-0.9313313947762564,0.44514919739728803,1.21424886253386,0.017363803121507794,-0.1612757417227036,0.1235655754786363,2
-1.3879769156908357,-0.6315710098936527,0.44387801467056165,-0.40759376968828126,-0.13724378841913568,0.3588227450035326,0.3400190208214911,-0.5536164707479526,-0.28952725863627277,-0.42469637416393824,-0.28655934944973455,3
2.3732772031710563,0.4685097138908963,-2.056277688785822,0.8173810421157892,-0.8175856993269295,0.18969137569194727,0.627067793840924,-0.007634558773891409,0.3571329810788445,-0.7817948985997859,0.20027170344655984,4
-0.16488151978366844,1.3333845512842537,-0.41927047406355267,2.1469800848511746,0.8164744130725008,-0.30668595247648717,-0.32712703275186483,0.35304844420585124,0.5455713523746405,-0.20308929049041335,0.3338731639670212,5
0.5383795649492719,-1.3372476624808998,-0.8649598791510497,-0.07405633396047916,0.12872962443007782,0.2185208124395761,-0.3047042025513706,0.012312164238929526,0.4325710004047312,0.33084019656757346,-0.12074208844238628,6
-0.7885758939613975,2.215848575727135,-0.7068427061718884,-0.27726184230459094,0.3316920473532633,0.6572882471770973,-0.033192295964466996,0.07457713330509579,0.5212557446661119,-0.2334191547583028,0.03695613967937669,7
-0.3690470477604384,-0.22656371236903952,-0.5060029881721223,-0.40752241344288453,-0.5932108313192702,-0.11024716039876085,-0.8608775843366304,0.34779010948770467,-0.35715393759121167,0.8886099197733348,-0.190224645336698,8
0.0836370527182944,-0.6581985979426737,2.2344086289123273,-0.8296546414023063,0.1768010711015544,0.583145710496681,0.29470988692124145,0.18357498825459312,0.5543939036998626,0.5444553326586054,0.38584050893311894,9
2.0067099090682925,-0.5731961457929992,1.2917444469451236,0.20072271726586555,-0.18738355999071565,0.08413276304236295,-0.19925423722322286,0.3484087951600533,-0.12482936128608105,-0.13907254331108337,-0.2102780237404867,0
-0.7214440778574226,-0.6428212641314751,1.1860091268888355,0.060238660384188306,-0.4367769259691864,-0.2245496196531861,-0.8494768581537908,0.05555660464218965,0.5383790085414694,-0.2012650970242882,0.2996564710812443,9
-1.2121979153205742,1.375092118470278,-0.23823985994408053,0.7415090260145751,0.037803814433006254,-0.09585274901532467,0.13666801350491922,-0.19293136108709547,-0.35518799744662666,-0.6038916833252885,-0.2508073615959985,5
0.0022897889294705587,0.8358868958620148,-0.6171284580672908,1.6263947800314713,0.5186309740847078,-0.36790362281465644,-0.5336507379660959,0.06612410508736788,0.08819198639936907,0.014241735923929431,0.15598765534523595,5
0.5693013297513199,-1.5600198257119435,-0.6657775322904051,0.7026587847245468,0.0008492620358373014,0.16646578064650905,0.48603736867390496,-0.16800813474553586,-0.42919786530730003,0.53542908097813,0.10738851450705175,6
-0.9512056209154498,1.5279657624718108,-0.4960151834917371,1.181479008158639,0.4747202062632352,-0.16069204599833029,0.2531185006115966,-0.02079943001559218,-0.04001708098944172,-0.4798920501340004,-0.024730446151295264,5
2.1342033024506133,-0.10049610183013832,1.2257486982946624,0.4298877721647811,-0.5728586092927795,-0.13866797635127626,-0.25040622405324364,0.3515038677675994,-0.24456124291670908,-0.05159767928848675,0.02395359547607683,0
-1.0165670406465488,-0.6748770901615708,0.6603503009780238,0.6868083710170533,0.22820330003890332,0.1997004478603915,0.6087356701215932,-0.15090399548039962,0.7777208315755673,0.09559370175384252,0.5327141791706038,9
-1.0957570106179317,-0.6797024487346213,-0.02412687085653303,-0.14983116646161507,0.03979906272457547,0.08289715029632108,0.06968256098218714,-0.3913497329821292,-0.24397027075824154,0.5357306900337052,0.2044374023833509,8
-0.43536849721681653,-0.3216361159061907,1.6666877527527415,-0.03951767402081474,-0.25354506137158117,-0.28753687000022476,-0.45541209918456643,-0.1864099921890632,0.2582709356620849,0.0932535000446959,0.0011936848668086743,9
-0.8703225453090419,-0.3822411314408952,0.39870261931737244,0.28271748468757113,-0.2634755497766426,0.10295148074003203,-0.8193600031674778,-0.813324137916519,-0.665424982864534,-0.03502736189658626,0.1936737694119525,8
1.8744795965611951,-0.7982008870352237,-1.6325880733651956,-0.14986427290918772,-0.47446435005871473,-0.26639224711355297,-0.15830009697357658,0.166652236535225,0.3678720504241204,-0.20407580053406635,-0.45814374010448367,4
-0.1225732305340337,0.042028802447676,-1.0129568253879175,-0.4706106579419247,-0.982844692911051,0.11598228792953351,-0.0918297047107264,0.30181604185901706,-0.2880538445473119,1.0001120478484433,0.6509150777057873,1
-1.0352077949488587,1.9598609241206846,-0.9473777858171587,0.6127219323666349,0.24701786908394643,0.2504831794234201,0.488828049025848,0.14790138365212885,0.08857026103559014,0.14902900595013702,0.1335988809543857,7
-0.8932109831015235,1.8860626842158075,-0.4143117810255171,0.5012141331099311,-0.022330049602706212,0.8320974852162548,-0.4879450989229921,0.1167062000758188,-0.18410454601834647,-0.7081352117839061,-0.06616395416473012,7
-1.2949380631813912,-0.31056769373554977,0.5439298523715683,-0.21949819032187393,-0.5434617404570385,-0.04848548017984036,-0.15020546733084617,-0.4445538676035927,-0.5905672037489849,-0.23435857270408386,-0.14137249047145256,3
-0.641043500943965,0.8211650111152458,-0.39211149711405396,1.2102237926618709,0.3603200434445691,-0.41072631881636407,-0.4401299672152323,-0.6248623990889518,-0.2541316368987903,-0.039727539452790124,-0.04350804052931289,5
-0.9547283889183173,-0.25776353576174216,-0.6167976780000866,-0.5781744297580423,-0.2974789949163434,-0.42704646897658644,-0.039055350166725636,0.3748023406429825,-0.49734018362265375,0.9480201223970904,0.013615699660684833,1
1.9182700847752638,0.0063961723923156985,1.170839715859877,-0.22458813579322692,-0.8298733804791333,-0.1434255584974785,0.056128989490368375,0.5126989840907317,0.5047880701404005,0.27189676763235127,0.22604228724087297,0
1.7997573212034763,0.01880912754669857,1.1227593807876093,-0.25356245552550205,-0.38241621745490423,-0.2075604668888784,-0.5551705029877233,0.4543478669141796,0.49938990148170664,0.19716502709469802,-0.27414832014411256,0
-1.4618512005169515,-0.3727319522635545,-0.2484799997038269,-0.4520219396823318,0.08703275364350842,-0.9246922244017318,0.7402704040116892,0.4833440643165016,-0.3762746071050964,-0.035147219449494255,0.18491222543956098,2
-0.3310506565518724,-1.0892129589608956,0.0750080019285326,0.7781222783032347,0.410589003573407,-1.0103387016783414,-0.19369394797521927,1.1960737050837178,-0.15276022061785807,-0.1426945768598453,0.16698824586104674,2
-0.8011833880095522,1.672939651030764,-1.3435707379233557,0.5714412933798698,0.8835022811555081,0.2680183561169777,0.6299709166596242,0.2836884912287531,0.28552207843069066,-0.17913033957789534,-0.06006968602784883,7
-0.5282552189052135,-0.5139332712075366,0.2617078976109226,-0.062264921534549954,0.07297114653034259,-0.09820894798920055,-1.2078281770293178,-0.7786711460616369,-0.4785646773856479,-0.1729186457270591,0.34833292677822736,8
-0.896740601478169,-0.705023246301816,-0.08156039556066286,-0.2481125217682131,0.006466552885196966,-0.7286247210522179,0.1855549400458289,1.2446058042345742,0.05620212106470855,-0.07153222353147383,0.018685940075974513,2
1.9604070676594967,-0.2483484450787311,1.26517447228255,0.46197118431646056,-0.2928434288243927,-0.32089898172977255,-0.4361388676342341,0.417105211114382,-0.35179842868929523,0.4032297576690134,-0.2895342034862993,0
-0.7956713359831368,-0.895120389553952,-0.11288208168312483,0.45297895558307366,0.6898821209234953,-1.0696202377726962,-0.16030236448004748,-0.13905346535253454,-0.3282711871041909,-0.3445999591633976,0.5947632816774523,1
-1.1450772916787364,0.10555527461889172,-0.42133539584088575,0.20563308038958605,0.49466373370015765,-0.7842649408616907,0.6581225676734207,0.6222934547366723,-0.04929289445827391,-0.2998370276378478,0.1807140954597274,2
0.3174172366594007,-1.5014512577133818,-1.0665225556340232,-0.02248008818635205,0.8542826256433976,0.5951385797483407,-0.27157850958202084,0.2215392421226467,-0.2745575396563786,0.23798304988276214,-0.03685608871459774,6
-1.3036941659412151,0.1019482665310398,-0.01102682405358366,-0.2747498821056155,-0.16854797097192406,-0.40209804772453467,0.09576750402969837,-0.35915208547268174,-0.20779855759759058,-0.34873955210934515,0.031700901171311996,3
-1.1384343426371692,-0.0386610217925867,-0.07245457082566291,-0.37492890713755905,-0.3309279704577696,0.1214949858478449,0.022922658007531453,-0.041630197180742,-0.45313372869089424,-0.007476347197338178,-0.40854278999036275,3
-1.0711899962622788,1.9075592720645844,-0.6986395222742777,0.0025675764107431598,0.13729335382606175,0.7826925298793717,-0.19907035818656385,0.07197941797538182,0.2948045939904318,-0.6613703431522345,-0.08216842562783638,7
-1.25314293119511,-0.2595122740267883,0.532753409645248,-0.3301018207401038,-0.3499555713277829,0.28632849948744254,-0.06918237463503238,-0.44475048342106765,-0.009822885396450822,-0.41062796181652284,-0.5690242619266968,3
-1.3292975727175589,-0.39426497044859227,0.3404873021913168,-0.8762664499949607,-0.3486703895549781,0.4638300611265008,-0.39589221261351676,-0.5887123228090323,-0.16364379896882553,-0.5204807894082826,-0.18139445475212645,3
2.301731335555364,-0.3654805617437718,-1.9362274662483288,-0.71740120017005,-1.303034989463247,-0.151226023584212,0.43350252178417226,-0.27658916245090215,0.16400873878722044,-0.08090148898430635,-0.22654893999861353,4
0.440611963855209,-1.5057078706760907,-0.8550210738727981,0.3572221783731049,0.4633784423681425,0.46888405118029997,-0.1614072506376117,0.023360106116592397,-0.4599648366705975,0.39277054068855705,0.0986447778213658,6
0.6849496377750294,-1.5065437588158346,-0.9827286723569003,0.4395259765008282,0.1854553666900869,0.18670098623896653,0.2273764453562505,0.0973378750207402,-0.36869282156397026,0.4538515979965533,0.16826363577067766,6
1.6224966686596536,-1.031926623364158,0.0869929219707302,-0.27817344395577015,-0.16076795568635358,-0.2147406265644108,0.46715645454492305,0.43416450733710354,0.671301341318383,0.39727283089788223,-0.027480725738258785,6
1.863756406010367,-0.5199292597385516,-2.0913255394146826,0.34544449008811906,-0.6744489139931588,0.33879208694824425,0.6398901492380029,-0.4192975007009163,-0.011890702660748272,-0.10636607134417078,-0.35391857362970136,4
-0.48780932110036723,-0.6073164326367633,2.0716976679635573,-0.2989966493082034,-0.13446754290155347,0.5486971332484692,0.2557626507715511,0.19412641609439818,0.3937650633537141,0.02282106435128393,0.3505532260969602,9
-1.1770361769704132,0.6071788288001613,-0.5200571034460215,-1.0437442458424315,-0.480451040268413,0.24130514197043035,-0.4127246468373834,0.4263304026176627,-0.09932603743075191,0.09717528815338297,-0.21511246699616524,1
-0.8277270008417946,1.3887609403273378,-0.24101422922296287,1.3279469808243713,0.2140260763867822,-0.10970361427787051,-0.23785238914613271,-0.47110741921315824,-0.033015203818267995,-0.32732599078035,0.0010529102311663211,5
1.3957666267984585,-0.39345890723838867,0.776267595896207,0.15151596603089268,-0.5452027643723985,-0.398970769579147,-1.2013731880300982,0.6467223827497867,-0.19761184411706337,0.23376131665381822,0.005344389699262115,0
-0.05172575670975395,0.009522479359296874,1.7204092407395353,-0.4727117571764918,-0.06869691014367356,-0.4322822093169017,0.13346830366624993,-0.3846319936477205,0.3042434654522803,0.9356698374113916,-0.11192262887688657,9
-0.6708255782457808,1.2509704252144782,-0.3627921531741452,1.3610974447600743,0.2315349084512792,-0.1433941555751432,-0.46435547751956174,-0.5735674554275938,-0.12089948720484948,0.004623666438036571,0.0800442953534214,5
-0.6914337115369805,-0.9827829432265444,-0.11446184536980436,-0.07715972780420978,0.22118405555930226,-0.7604912417892113,0.15767819474190564,1.3093125066247269,0.1368706661204417,-0.027980934331050273,0.25411052703255643,2
-0.9382432060733334,0.1160619394305346,0.34276954425081324,-0.2979598071387794,-0.15952986679941084,-0.4185382763905044,-0.3346497321883606,-0.30467532357693117,-1.018382353821149,0.07982209666341591,0.35002137344471923,8
-0.6429492844991553,-1.0316115959445207,0.0009802838577132708,0.32898828565756016,0.4262910371805749,-0.9431008959755427,0.03971082903639378,1.19147311434004,-0.06183856711781331,-0.26959245407737675,0.33228308019803143,2
1.4935044012291467,0.09807844671874998,0.7644008438453284,0.14756890585337534,-0.525923983614084,-0.30516826807299435,-1.0392452309193916,0.5091058832953685,-0.2909942958078862,0.3516872726250348,-0.15546941128061273,0
1.7442238512866683,-0.3479465444072583,1.1706743163767646,0.5714163255766685,-0.7627137481179579,-0.1523902905970451,0.15656608038131042,0.09718120069176658,-0.12491415980614488,-0.660146181684275,-0.23385209426406822,0
-0.513717053466846,-0.5364095796039196,-1.000976966497024,-0.07125118795885858,0.3367500532283166,-0.7460722718702909,0.12588433908353996,0.550754113959285,-0.11585126842798685,1.1529390457363393,0.08250748568745787,1
-1.2419867920428975,1.7171852604642244,-0.521912230353638,0.2959362665699088,0.11500860361126124,0.3520069860030111,0.3520106461114803,-0.10191898574057798,0.19282684817884002,-0.5098272867178211,-0.1326705433581405,7
1.3187486451553994,-1.643360355849717,-1.2426091053467296,0.391400475156389,-0.08758638671283218,0.3110041332394125,0.10012707182949117,-0.38687416732929475,-0.40225916413946944,-0.22733008146170372,0.1506021103884768,6
-1.5011452777297316,-0.15194427344422293,0.45565551768498674,-0.1973318880337717,-0.3687925652117528,0.05991125827151819,0.38234484127615426,-0.38835263904044326,-0.2821203996858737,-0.3588246233225147,-0.13648395595704124,3
-1.1725413542135774,-0.15027496719043265,0.125231273987805,-0.8116301749932745,-0.3247755044814928,-0.08784282077589896,-0.41674552311578655,0.26696376858747944,-1.1068634843253218,-0.24602125113004383,0.4480467581980926,2
-0.6983618598871194,0.2505317168997222,-0.9837713388580162,-1.0401960332525706,-0.16061006053909782,0.1950333736808594,-0.4799682002005906,0.7985894691717227,0.10272543041951325,0.4794149237459616,-0.5637751357437879,1
-0.3064696339895022,1.9128741561340392,-0.8411979797065304,0.15502594613226742,0.4706453998192454,1.1403861094486607,-0.8791886456193413,-0.14119582793130012,0.2639656592258453,-0.4521963795589568,-0.13549643464185265,7
3.384643060482128,-0.8467950670114693,-0.5263833768306431,-0.8520639872484467,-0.48034633654660547,-0.11546130320599954,0.40820535069100594,0.21585115070633193,0.278498720554196,-0.4749212783500302,0.6043673120029841,4
0.2751164957357326,-1.7256297776039093,-0.3743638557141702,0.28194974118443694,0.24955583333905437,0.3925232832572899,0.2554740443383047,0.29732945428672974,0.539560070146982,0.6691818617193545,0.13157046999742517,6
-1.4331174300427225,-0.5347077656710111,0.22037130741130764,-0.1755166089102695,0.011127692493866873,-0.5626861982663139,0.7694412015000817,-0.3014555289543559,-0.09454149507096118,-0.2765611716999846,-0.2579175836299467,3
-0.722112485946529,0.5239514712747525,-1.244895302846612,-0.6326342199721321,0.41842495107958677,-0.054693573425387096,-0.21623702079335566,0.41416396517978177,0.40794970012826604,0.14492357065141248,-0.44112320843403696,1
-1.4444867278919147,-0.4740927359652212,0.244802307970436,-0.7154413714701333,-0.15980381196615992,-0.12862262556113466,0.27559231131376494,-0.2759751641447943,0.20794159184453234,-0.4331818834697246,-0.22330230228051637,3
-0.804970227393177,-0.2263849789864578,1.0392948193206952,-0.13660684586940597,-0.7160805376431054,-0.6325947294015294,-0.8100363610480714,0.1494505548962086,0.7778129635554794,0.05067320231826104,-0.05933259574649891,9
-0.8670420261351491,-0.19660616852413168,-0.8402151566058333,-0.8420430696549713,0.1378420474850013,-0.4978624952827832,-0.11310112012776051,0.3194699795252296,0.13521493811333263,0.4343844066060353,-0.4673520930569138,1
-0.9030886777627799,1.975465770614043,-1.1528162630082988,-0.02287185883246417,0.6626640586655324,0.3149810075140384,0.5901197000235118,0.30425874487325455,0.5374055063238763,-0.16251969660347906,-0.006088310043150692,7
0.7113728065203676,-1.6186217106432361,-0.728399219927363,0.3618335063293306,0.11004915202731665,0.16473125796405572,-0.041614504846910254,-0.24052525450919723,0.04598358064583568,0.10834342802921874,0.2028983650031952,6
-0.992304287398295,-0.6673571175664917,-0.42618213654831194,-0.15544255088831144,0.28866541189472983,-0.8393595940770453,0.230362889712412,0.010736031565006892,0.03892103385921151,0.6446779524415465,0.5621274119526661,8
1.973943263101713,-0.9134843134475084,-2.207263370464203,-0.35997550317609234,-1.1979789760461466,-0.5173959660150035,0.3681737114654181,-0.4587285758973193,-0.09987895278263234,-0.3926290400219795,-0.07834763614597294,4
-1.2566187048943904,-0.4166527510266501,-0.05123543486864168,-0.35359547900969696,-0.020112756847210565,-0.649580326694619,0.3244010426445751,0.005784609075741086,-0.2607602781023086,-0.4426895353635802,-0.3614346071366401,3
-1.029235790082999,0.12723154785480578,-0.9528731160029585,-1.299368273166071,0.15142935136381871,-0.06227471098503115,-0.17528234850411992,0.45626898423788387,0.16894752837021998,-0.091748246294728,-0.464664460461135,1
1.5999952238179156,-0.7713359313496443,-1.6259054591425928,0.10909029755490389,-0.26664727976613706,-0.29476601401252245,-0.470646641263938,-0.2083123817239499,0.3713608755846138,-0.8047887904422046,-0.5165906373020831,4
1.5205584599988355,0.12776222223051828,1.5183816885169017,0.5774824569281206,-0.053405076333504574,-0.09987066914748574,-0.21078607074482855,0.35774080074355585,-0.23374672493599633,-0.15160141330334237,-0.23234661557638336,0
-0.7993105851156062,0.29039094817083666,-0.12940917121413162,0.798081472359272,0.10557824058899334,-0.6536851614167202,-0.46066074692661474,-0.5938578416026434,-0.4278158426475114,-0.04757781305658188,-0.37343909624004007,5
-1.5249996524274745,-0.23745360673210733,0.40395631479951494,-0.5125859810229565,-0.5178954963450606,-0.3486419314232262,-0.022453199213577482,-0.31426660608554413,-0.4554200584143731,-0.4878825723691732,0.1267223591569204,3
0.6341786414622582,-1.1359330084949433,-1.3986217459234789,-0.34181868445693453,0.49246451599564867,0.5869232802573974,-0.17500735504513817,-0.008796081336948952,0.11312885891540668,-0.3294096143859498,0.2894069438472182,6
-0.09776884094281134,-0.2612493322235611,2.167439713278095,-0.6979880736868763,0.32865908211666206,0.34155876202738733,0.25270359724372904,-0.20657418350737566,-0.003328415980786649,-0.016298256801450497,0.33039626747515216,9
0.7853872474045658,-1.5017461975291906,-1.0371177163422007,0.5771696752898735,0.3305158272949666,0.15511451291582987,0.039756640714327864,0.07187982307958896,-0.6182104785109837,0.09816690598504711,0.12286927566226348,6
-1.039196709611737,1.1462984838170356,-0.8113353965652176,-1.0302376346558357,-0.3376146329687593,0.6402903758282742,-0.4935914787015139,0.6009655480798646,0.182332764036794,-0.0779011760357379,-0.36074695395556033,1
-0.5113530470961244,1.7189000889569233,-0.9982685196607723,0.2053142530352739,-0.16016279011062484,1.1828807581422447,0.4107462301037586,0.4202030550131458,0.2108507496028767,-0.18273612496472008,-0.11990673311015569,7
-0.15888685113217133,0.7248283585661485,-0.38642704278746376,1.6783281970570456,0.5460323696233804,-0.46139397084457157,-0.6316155657320068,0.2272900389149057,0.06750915735938709,0.11439878148553081,0.08687631564124462,5
1.7512141815419,-0.022294432898317295,-2.2159723760449697,0.23153599583432075,-0.5778761404059544,0.01593124854262419,0.17854715305311633,-0.18788499432124606,0.26142354099970955,-0.2366730849910579,-0.18686673739034404,4
1.835514643062734,-1.0536559822919296,-2.122514329475227,-0.3899578014571053,-0.692181994122203,-0.3354744019249349,0.028923239731250917,-0.4686564930507554,0.10967844868468948,-0.44483737223114156,-0.00446903225843823,4
-0.9440720363136591,1.660953066077717,-0.7279568484383443,0.06364527023182351,0.17428814996804104,0.7926529258954916,-0.08845495320441472,0.04901979009062222,0.29163044325602655,-0.4063368562308667,-0.17202390500534476,7
-0.7162203876385521,-0.9889058253004009,-0.08292272349512524,0.1791321044252862,0.3760998469011557,-0.889177251776604,0.15283965656807,1.1564615469552986,-0.12863458269569367,-0.22083720244664878,0.30027933770946963,2
-1.1361356859867466,-0.35123438416702013,0.18085860984165536,-0.35666768002442273,-0.5349277975210512,-0.03580271396211108,-0.48695067792991453,-0.6290598211979701,-0.3060762544972622,0.6527052691267065,0.4288803484889088,8
-0.0921042418304704,0.5178951144592275,0.7803714629235476,-0.5907438818296488,0.6340386991475389,-0.2594123115298911,-0.6205613421003695,0.06155416201375448,-0.8586940107380429,-0.8061107530179817,0.13231115525874873,2
-1.121031679056639,0.2568224725314146,0.009642139972747422,0.21729429540709583,-0.17046950373894448,-0.6420800808932859,0.3698172223613122,0.8253631552471944,-0.09970449702199453,-0.12162883616916478,-0.3631940684680579,2
-1.1218823256094483,0.6416142475374093,-0.20370315231962555,0.539975126033553,0.026279935991222646,-0.5447143156536165,0.05639944989000606,-0.7168340990475685,-0.22096225746304426,-0.08150659343409115,-0.3998891891876715,5
-0.34798740050781773,2.422413790146475,0.21881216712593765,0.045226059279395714,0.5318369503696121,0.08324003562944647,0.532321220429492,-0.11133005486515737,0.2233259013238168,0.21879446996745175,0.27245649779518827,7
-0.44975345180418996,-0.20634348911421163,1.7484872097499922,-0.5807063089994345,-0.2747222306276057,-0.3857863495695638,-0.3950243711339295,0.21746059853555819,0.31824629416022093,-0.1353826403631287,0.33815092191111606,9
-0.38878799215602866,0.8652903675370665,-0.3756465707023145,1.6406086392217991,0.6768006517683018,-0.5378903289550591,-0.3718762405518159,0.138084035180052,0.10502959904375472,-0.22142363905409912,0.11822948822827377,5
2.0105273464388325,-1.1768857390261178,-2.003621523993908,-0.0706616155232746,-0.6312862330949319,-0.20770357560429267,0.012768410509519523,-0.1446486506310326,0.007646614314527776,-0.5379089100344759,-0.23863647748770322,4
-1.0237745387700894,-0.16406693885642157,0.13124691768493169,0.007881659652802032,-0.2608532975847571,0.47624646767138706,-0.40510391616117547,-0.5535271894582707,-0.401472657060892,0.4818667401183965,0.4890291315520977,8
-0.7574162209890861,-0.887309616833016,0.18415719079292053,0.22774762156410264,-0.1934976915145689,-0.03374559666234846,0.5442099230524705,0.6338952963455361,0.0349307368621274,0.6976668477403148,-0.5979177844088357,8
1.9862815118269639,-1.2466292364673317,-1.539030078385412,0.08626573885473872,-0.584869274264655,-0.2790768076543116,-0.25685534860367193,0.19777125607056623,0.616674626396189,-0.6981701727751013,-0.3793295095524694,4
-0.3701061579981074,-0.4110890963075678,1.5400972588340418,-0.1923216174456591,-0.1506381349649189,-0.1458928959647135,-0.1866290134008427,0.391340718273781,0.16601162979126532,-0.17019042042668794,-0.29950242491826956,9
2.0566528670024367,-0.2982452534635977,1.0026094674507788,-0.45553320676926634,0.017461749053993728,0.2543950075507032,-1.132211973863947,0.25078388116044104,0.5432081892581345,-0.2035757831188395,-0.02969153056539706,0
-1.1021988750017924,-0.21064464690556906,0.03414700464725157,-0.3680550977305518,-0.5442720431506407,-0.2612241807923493,-0.47797634180189574,-0.42864809506892027,-0.4358752023966288,0.6702998295884995,0.4017926173009185,8
-0.3384528232196522,-0.29973001770000274,2.2515157352854556,-0.5659849740144959,-0.09278858236624214,-0.1464758376983483,0.38097694140909283,0.30423139338302857,0.2817303840933208,0.08163367644144556,0.32870700407143666,9
-0.3338961172889493,0.08316548005904854,-1.1428214592593304,-0.2603713114899167,0.2404179709048177,0.022809230876528846,0.24648366478807637,-0.059719825050547265,0.7540440858505701,0.7369700127545572,0.2630539975535763,8
-0.7513780722264645,-0.9028072226871305,-0.22115747302975716,0.20715811054186978,0.802268769619148,-0.9208372844030283,-0.32873489356124036,-0.10331311329986412,-0.18968267726509377,-0.577437964697581,0.49841751532510237,1
-1.4473288376888607,-0.49195176282518077,-0.302299943401724,-0.5340971925940422,0.05664181442896662,-0.7820894664128238,0.6998313378838799,0.602748664401453,-0.5580378946307571,0.025341756323198288,0.4290692840640909,2
-1.1852463919306462,-0.6726276210278586,0.67813144694529,-0.24201362274505042,-0.07367563913374199,1.040961463396778,0.3451384548346589,0.30991199930285973,0.630241556706774,-0.4715559557088188,0.09721203019070489,3
3.0678764974102286,-0.607092556285605,-0.1712428035447945,-1.1489071834488378,0.3038908485565967,0.07927665413562904,0.07194537901497419,0.03175054826881489,-0.3879907632104369,-0.20893085184124013,0.19374998149289566,4
-0.6267747854001378,0.12416545743513045,-0.020060714417715633,0.9208944559076739,0.08347924005979925,-0.7704561929098642,-0.11678740246548702,-0.42766262089527957,0.498056763082739,0.5517600718721959,-0.18936046806916496,5
1.1299192394825617,-1.6745378836222928,-0.8712511271715161,0.7091498848430152,-0.17827476759010616,0.050921157619828704,0.4527416708932791,0.1899005382011169,-0.5310149024651775,-0.38269940474536646,0.33618115462520715,6
-0.5698021275128261,1.5297880251185314,-0.5688349133544732,0.7659566030393409,-0.018991563665340994,0.9799783098994015,-0.5591141739766217,0.2715373779092303,-0.38892041069157735,0.043896829329226415,-0.050688538367534446,7
-0.768716556359769,0.12070188627047242,0.10077067503665642,0.3786416900698157,-0.6251817541670709,0.6307158364250295,-0.16513512639390132,-0.11607022717192508,-0.4292896910166867,0.8496857454532658,-0.2639108720111765,8
-1.0025110983447676,-1.2690335628734737,1.3183116547594342,0.35166075556244325,0.07496592109751794,0.6906081208240482,0.5713344272150166,-0.38288761084900724,0.022771151819728882,-0.09817181226466276,0.057851340129304915,9
1.4811810985072866,-0.8477322312508478,1.7590577930887557,0.23837897456853027,-0.008808252283152357,0.11643999640731392,-0.25390108536204786,0.2709269984713318,-0.33043293035420834,-0.00712500482551511,0.33978015581257187,0
-1.0600586380744987,-0.7652397394734893,-0.17256534429702217,0.18147620204625511,0.5396704379958794,-1.0664451732304343,0.206203808401217,-0.18512586914341286,-0.3531346546329613,-0.18530594642141776,0.5589024554311404,1
-0.9033062485483213,-1.295423154756465,0.10178364472089868,0.31430108432688886,0.8317003088404437,-0.005741997815946594,0.6223076372647022,0.5334931724848686,-0.36070917655729984,-0.48518839846044115,0.13201358617495984,2
-1.0159293252116006,-0.7421177638254012,0.37001176995873586,-0.13021758411871995,0.14437741823945496,-0.08169577537799294,0.45459546758360175,0.34765831530594565,0.8887046452385946,-0.32149591212752915,-0.693437224022458,3
3.6676166009214715,-0.2993226084331117,0.13315934593995365,-1.446681025776536,0.39878923456370047,-0.31147467119417027,0.20184320297055558,0.300260288827773,-0.17959166629384568,-0.18131020815125104,0.17240887820522807,4
-0.6060139456268393,-0.6737353297818123,0.42587821281493066,0.9012491522171676,0.5244676831305061,-0.17775264934375823,0.22083778630480908,-0.21507428958074176,1.2184012228761019,0.08610191397497681,-0.29329133153306436,5
1.1572778770650891,-1.446247657094518,-1.1737264619896874,0.38517401270678275,0.06819373281782136,0.10334345891605383,0.01480796014774883,0.21142246274205892,-0.25699537633179487,-0.32653068862785734,-0.12861167243834637,6
-1.046596325306259,1.4735447776368036,-0.4528593717892221,0.4553971165275709,-0.20814965037214972,0.7908813403004737,0.14530530235397107,0.2830314827206866,-0.15999725030478867,0.24756439832554308,-0.1117136565270127,7
-1.1036482067048612,-0.5150023344046984,-0.07634157878973281,-0.24969661581512909,-0.149664646498484,-0.12136986556260626,0.08993181023715884,-0.10992755148995297,-0.5573211187970318,0.2933339629715267,-0.09700963253252247,8
-0.6090320080647998,-0.9464695161473338,1.5803414613513933,0.12146315302711573,-0.10729978467104839,0.4722399348541485,0.20192301976793353,-0.4979249176306698,0.32260526433572084,0.5573436252676153,0.24195386534139535,9
1.2474153485102755,-0.7269752902626598,1.405931700452064,0.38800918643234816,-0.2564311745642097,-0.06555802104182999,-0.39357698347644143,0.33284774637673287,-0.2711348771406107,-0.11601038185810661,-0.009480484087951841,0
-0.2054815501521388,-0.9908603976441791,-0.4801327041725565,0.3316452407380997,0.28577736534168846,-1.045424533453829,-0.05138649572926336,-0.30967095330343114,-0.028917777630678872,-0.18807067750840423,0.7650351692513174,1
-1.5284562700753677,-0.4315699219891401,-0.306366394025231,-0.654453990475663,0.12572356019010977,-0.8023545662005405,0.6785559402100111,0.2209407334953446,-0.4475454467739349,-0.06141065278878302,0.5101250358081706,2
-1.2228827399486364,-0.9416204731069049,0.36019607681372723,-0.07097875935715045,0.13711638200895232,-0.055540405155552384,0.7800873774198497,-0.3991634046506875,0.524376840097767,0.1700687615536282,-0.2512852188448082,3
3.5799974729885577,-0.20897234326166653,0.09282684107560975,-1.6925597881096073,0.06493845267959099,-0.27892688710614205,0.60891650799489,-1.0841553412758085,0.05326889467458616,-0.3610172270339596,0.2428998791221403,4
-0.7595643217581828,-1.5619993160238577,0.7184650835719688,0.6196902041077617,0.6096015388998531,0.15257134022510477,0.5215492238019767,-0.21891074105631808,0.8059871175827532,-0.03039452431388458,-0.12193345747014024,5
0.65388336829151,-1.48803809052484,-0.8457542660256542,0.6215203357841533,0.27605175283425465,0.3422042382525602,0.2836512497922436,-0.15495144031744865,-0.7210056529411456,-0.16948580830235563,-0.2589536404687017,6
-0.8109449258093713,1.957599265543563,-0.5766459832054975,0.7590414102979011,0.007732601523758893,0.7447152347779035,-0.49584912353991956,-0.014157784553174077,-0.17531975586632548,-0.17045461591013863,0.2041005943843399,7
-0.73399146314315,-0.6274708024414992,-0.20568395790336316,0.15317060580821887,-0.02021714803410433,-0.010487343613520151,-0.07337206405526359,-0.2945259392557265,-0.35159258978149854,0.7985639619065269,-0.12224844905476909,8
-0.72235475393899,-1.0877088883766917,1.4377036692205174,0.09381831850721241,-0.15100709797269235,0.585440260421203,0.07092526139153048,-0.3999214380566488,0.47545037260168826,0.4225386162053301,0.32194691698761324,9
0.8261816069573679,-0.5590141791422966,0.9659912143082999,0.7421422773369688,0.05496069974786312,-0.14687327259752084,-0.44926583683251786,0.526796552463255,-0.04436208245945294,0.07132281967245029,-0.2546159720283229,0
-0.5449113840803305,-0.26181811251010834,1.872207550058159,0.20305009088962536,-0.2986781531222358,0.1892626291591667,0.01908804274186963,-0.11859687127996077,0.2485313112325716,0.19596586952994607,0.11372380670598206,9
-0.5147471210642861,-1.5572262864831876,0.7815861207318857,0.8726879837205863,0.24571396174586774,0.1613204783588504,0.27719918425093754,-0.454996963385403,0.7081598868002723,0.22316662616535268,0.11530071446280833,5
-0.7924172870205497,-0.6333607947314998,0.506544919785677,0.8172625388883398,0.0798457773413494,-0.9009647741659436,0.02818699475383953,-0.30166432603482907,0.6480693040896742,0.27724050651426907,-0.24736054178656106,5
1.167421089984601,-1.8643226064692908,-1.0576359115998886,0.5130577131103374,-0.0036475297301159742,0.6836484764896186,0.5705350703935063,-0.20946769116779945,-0.6994675557157877,-0.30185374272634674,0.2537796915933994,6
-0.7661905425273284,-1.449971114914364,0.6705344279150101,0.6797267688471138,0.5406734679137215,-0.3503486145922173,0.24352001987540342,-0.2519214699428422,0.7781914902596936,-0.018181249732990765,0.24990898068447112,5
1.8361341198899235,-0.21093590426334435,1.4811193136931593,0.31122439634163607,-0.5402403601174232,-0.4447630467706548,-0.03565835672335278,0.10254961656101313,-0.2611977336655003,-0.49747525449128865,-0.15399065489367614,0
-0.15295387106523897,-0.6667604431340525,1.8387458299567694,-0.1447390461141632,0.3021230939524758,0.5544524671644245,-0.04242221084853995,-0.6831581354463803,-0.5570350209145516,0.07643337958672597,0.3602878446853798,9
-0.949365033363531,-0.5392290013713956,0.09733284411947452,-0.06962686449806706,-0.37474686090921233,0.11695336965075152,-0.2942026112870376,-0.12372886748741313,-0.9215078389555632,0.35658748482601116,-0.0840336014471494,8
-1.155976519178104,-1.1947210901723426,1.2767910982753288,0.3084185098572919,-0.2834106689389612,0.2904938243967051,0.4373276221646142,0.1875229024470923,0.607372035356159,-0.08923534209969712,0.1782775959049304,9
-1.1274237920947765,-0.039298022677824646,0.02859353635098175,-0.13981108845868842,-0.46929203653937085,-0.20890850593767882,-0.2865070167048297,-0.06817027957606651,-0.8597072527205922,0.07924193212011178,-0.26665672964243964,8
2.893188985635922,0.8322231932759673,-0.11768233785084384,-0.954069429949639,0.9545440276623877,-0.4179115680812105,-0.011145439611666627,-0.9358403902641614,0.11552433404089389,-0.362529077675367,-0.1319763767449035,4
-1.2839465021526208,-0.8851143463440533,-0.2966327299540243,-1.2553662925664053,0.570436655028388,-0.0769519090784618,0.2784407674491594,-0.23073034068920464,0.824987901895065,-0.7454018426616585,0.06364795159155297,1
-0.43389858733484293,1.8588074470956106,-0.9741574318858846,0.45358634919555346,-0.42014537486169495,1.046671226488297,-0.04932890707368219,0.28341100332104696,-0.08421884770733769,0.21766589317298085,0.028096123659416876,7
-0.6905269734556067,1.5214945846000703,-0.647606643987928,0.29856737118095655,0.37148208863181104,0.8998908475606251,-0.5736687852196269,0.28524508060729176,0.03167121521759916,-0.9048165865263745,-0.2477546875459641,7
-1.113673420800822,-0.8531675759918669,0.22496600954387957,0.14910979912613548,0.10505112663501992,-0.36476647935144496,0.6462592402351783,-0.44529845546555197,0.3656383570093842,0.3920291241358098,-0.2763545014842128,3
-0.8284057874442902,-1.647467986737158,0.8115087266138116,0.6131228138002285,0.4249027461631245,0.1713256059630987,0.6670776634022241,-0.2482114009388629,0.9377797012754913,0.3778937527651587,0.24702231905221442,5
-1.0760978297701844,-0.7791895145823201,-0.2672601800183069,-0.4049875450315116,0.585510556106325,-0.7398101782344835,-0.04841994054786774,-0.5488871396967303,0.09939892369701238,-0.5775829270929786,0.28546911432622324,1
-1.534372474794098,-0.5208273670379863,-0.4348242604590611,-0.7056068130425734,0.39431681255916373,-0.8921010005207338,0.7723262010951344,-0.016423894169511476,-0.23650007116488778,-0.2872635865737574,0.41090126878017824,2
-0.6192209884869555,1.6785667054015512,-0.7344945301298592,0.6750312795560652,-0.022313893397498244,1.3315208091784214,-0.23037514422936162,0.2528377917456041,-0.07224376997378258,0.39528155119386466,-0.02125849762722564,7
-1.0727813926744554,-0.7465690776154464,0.13062066197076908,-0.11207514676263679,-0.07223583885454377,0.21685587781542626,0.10805221900890896,-0.16294248764024943,-0.5073989608724766,0.3333827082807339,0.067927496154329,8
-1.5233548405291426,-0.13171856892842476,-0.0036482641078549923,-0.29201946609951485,0.03723979313510352,-0.5081863559549454,0.6680445282292314,0.0494427894813399,-0.2883298021868114,-0.32339561781874665,0.5987220908706854,2
2.000531786509033,-0.41664214540912614,1.462244393429611,0.1303745728544976,-0.5362168768891179,-0.03984722368462265,0.11044397602603358,0.024903457214333295,-0.06695873563554708,-0.7036750646799536,-0.16052705791262128,0
-0.8271234829623086,-0.869353351908277,-0.43062631593672746,-0.30766202776377294,0.7621130937634579,-0.6698161048306245,-0.4504823850125632,-0.7850370247102842,0.07077140743306315,-0.5392431653178901,0.37428870839412237,1
-1.5453954085604367,-0.2552005425876119,-0.292332144981262,-0.4023125780021635,0.23048825340581003,-0.8109074394761709,0.8261613256395113,-0.10156973737062458,-0.2806614605423443,-0.1415429731923759,0.584622549089616,2
1.0042946388255092,-1.5246571111127918,-0.9976777346310699,0.4645126676290172,-0.18308390182855014,-0.18999451253602767,0.35306693812765383,0.29004813350721503,-0.6530380850741866,-0.6544650867755323,0.5019476010873187,6
-1.3473866695261985,-0.9235368960493503,0.5089528800889119,-0.42940791251759397,0.05075445303533334,0.057093771535465694,0.5063249925686968,-0.04848839157295865,0.3861651573426244,-0.45790927896824957,0.025369261040292284,3
-1.1793219950382416,-0.7222285544908235,0.7060363821027289,-0.0031383308634635753,-0.2974721288403339,-0.037293194693747374,0.43194177554533836,0.39558176400909223,0.30971200707253677,-0.24454620079859363,-0.6516579424610892,3
-0.8101854218157623,1.6020926775061928,-0.596565661022535,0.42387147725371616,-0.07888428611160897,1.0907981769431516,-0.2893788976908745,0.547720527393137,-0.5607663691829651,-0.2864996948302933,-0.25225251881077093,7
-0.9357123080864204,-1.214308903153049,0.8288272709048784,-0.6371641370580119,-0.24627651391978841,1.2790735215954019,-0.2802057017565329,0.48996480415965604,0.5390738411853786,-0.4959881161534256,-0.31053150931501017,3
-1.1216237944556526,-1.380525881646119,1.0772275457049667,-0.02425833718888082,-0.08566447293612371,0.8393918206788709,1.1950221665564105,0.549590549772673,0.05520641131057572,0.09846451390902335,-0.14118075149036396,3
2.4780251616828197,-0.25038684437878106,-0.09003792899481305,-1.3648301925324442,0.4981965203742393,-0.601317208510026,0.13119342999279068,-1.2422146202257924,0.1620994018564806,-0.44309794221853405,0.12053825688744145,4
0.39694251810656495,-1.6952752649440548,-0.7762423486580741,0.5597190530059196,0.5933132169112285,0.5808909744230197,0.14661097279342025,-0.14118748834053946,-0.7191732864443664,0.3502753140680016,0.18151763893233144,6
0.9462980492372604,-1.797111162344208,-0.9935100278076687,0.5002381837963525,0.06532742864276112,0.6622551379366312,0.6313859904215734,-0.12634475378337004,-0.6958972295629514,-0.027813618646531302,0.2150777147086916,6
0.7100822460324961,-1.637085911330192,-0.7191275562496453,0.7273502895022471,0.27186840263244133,0.33316875675419777,0.31563468692625846,0.17492720181619703,-0.6577296957866025,-0.11252364253319648,0.01918584472845975,6
2.824247717889496,-0.09416925678562635,-0.4719365203465473,-1.4824264544388348,-0.35119030430477416,-0.4984072498750968,0.17203396105120689,-0.7960962140159018,-0.024600143872025443,-0.5788344236631623,-0.009144692397313473,4
-0.7141287746897891,-0.677030608552967,1.6909803870405988,0.1967265136505835,-0.010721295728886093,1.0137223523699006,0.3852538371372301,-0.263096357840158,0.2759152357063683,0.027197966587123538,0.2813941892096714,9
-1.1771953020964698,-0.7196169075348774,-0.49943507619120414,-1.1231898850024977,0.5996031970498862,-0.5142523606850751,-0.0332520306577477,-0.369673374918033,0.6158497890525022,-0.6930923463665194,0.16658999466134217,1
-0.8224311266657196,-0.482280225370864,0.5313653206102401,0.8802603732469979,0.20923910400970594,-0.7041579502257062,0.03494982660298741,-0.14168388899140347,0.6447445233633927,-0.11671915665716286,-0.040711190380124884,5
1.7799475797435362,-0.8479453440166872,1.55800201543489,0.4562498845330761,-0.6300569435866187,0.10155554270513086,0.4364699801211997,0.07489724783674839,-0.2983838777712161,-0.6291815814168595,-0.13949939016005963,0
-1.035631007949599,-1.1200096625528349,1.1276105539612522,0.09381921306541528,0.013208160213501342,0.5861973568012884,0.38489476399709777,-0.44151523817579374,0.06713394365912,-0.07872169714949176,0.12518926452849968,9
-0.43089040731602446,-0.7770556667670768,0.6339488540414845,1.1235576612967864,-0.03166749755153513,0.20689348511246192,0.4925650947449186,-0.4199721193255632,0.8812180216788129,0.1256505352552889,-0.13581108249756713,5
-1.4573412680309843,-0.4266672525383114,0.0822683904263632,-0.4042631813204445,-0.06025673029667056,-0.7298617136961137,0.3360421189719703,0.13973382222481376,-0.5532527021694322,-0.39534865737741126,0.5388694615381997,2
-0.705240324634996,-0.4612773066011852,0.33916377726314356,-0.060133901188628346,-0.4394355798803024,0.11551043180344957,-0.5481347551209337,-0.23876556377194047,-0.9779608577810821,0.45665858672037235,-0.045956041731348776,8
-1.6038202253062979,-0.006452596118995198,-0.12410244467403259,-0.43063722575477575,-0.021845113193175458,-0.551877296539216,0.6541926027879753,-0.045207371675807885,-0.4092823092321864,-0.24935549097047305,0.6199749474060995,2
1.7810012712183099,-0.38061624932721977,1.3251284129892724,0.16747481579660722,-0.39537757243197974,-0.9107226791089859,0.29852332434684353,0.11293887152379346,-0.28975455065254324,-1.0402739973297546,-0.02142868099059433,0
1.8530517180797426,-1.0279510211926979,1.4173858420990577,0.37456203414564176,-0.4212718203204157,0.006116530583939496,0.5277741004854741,-0.03463726496829027,-0.021510247088463018,-0.43475798732782267,0.18333325361803368,0
-1.1215672387531213,-0.7538538428196133,-0.4183401139253913,-0.5993005692618768,0.5228706489675842,-0.7417357974055074,-0.015635214046860694,-0.7364045862826477,0.3040726054725077,-0.21752403227548792,0.3983975380109646,1
-0.8235403335060139,1.8744243974508203,-0.35485624386975706,0.36826124722612846,-0.08722890401705584,0.6934407390056072,-0.15628326570081214,0.1110611128246011,-0.35046085260801996,-0.1958170704384075,-0.10341109348025081,7
1.0066610046527573,-1.7798316003541963,-0.9739105770206138,0.4298413305894088,-0.03958034864285554,0.5505594816634881,0.6227099745449011,-0.17060046182149044,-0.7420909933097309,-0.6139698280094619,0.22683873490866116,6
0.3726637938308051,-1.1231104725478818,0.5255218646329851,-0.7402673920266907,-0.5249658895527195,1.4785113537309627,0.24182660519016067,-0.19530880539966572,-0.5575084536773952,-0.5439366077995192,-0.12937952896626986,3
-1.4127249727641826,-0.580632725202843,-0.3241735799467942,-0.4519518950060957,0.44624070557877193,-0.9828674218105824,0.6929174425047467,0.2998083117786349,-0.22444716781608756,-0.317533097446718,0.4549333875670158,2
-0.6612883541643267,-0.9383206307975014,-0.2598052805460195,0.34526698730027716,0.6834906812821285,-1.030917605720647,-0.2980632105503085,-0.18861741781425648,-0.03154823616766603,0.00031444256163542774,0.6897294910646135,1
2.978405386315412,-0.1740721697795946,1.18531208492016,-1.3420067884270417,1.4266148384127217,-0.6598536437786817,0.032560110275016575,0.6380854333617184,0.44113889624778396,0.06604368304950735,-0.17271539106845996,4
0.021772833924190545,-1.4828813903619678,-0.7836459943245226,0.2777586419822068,1.2694683229844697,1.080516043073912,-0.344967007262555,0.17141618767840014,-0.45468445841589705,0.07662431724547009,0.1454396671140447,6
-1.2562535379446487,-0.767205726137673,0.8839797544356546,-0.08482173330312065,-0.32822290893680156,0.9410895134192461,0.29321545617979544,0.045673617287117226,-0.035426786481689364,-0.33736068919915446,-0.011918638912363526,3
-1.04691073184595,-0.3311549415208243,-0.5415628488758716,-0.3188321729364072,0.7097346980072023,-0.5309735511678074,-0.029019101820846792,-0.5696822191374101,0.1399514560499304,-0.5591021011537647,0.32111795945335675,1
-0.549456338125479,-1.0610505768222158,0.44694522592535324,-0.7572380991968658,-0.7876513268877832,1.2061829626383183,0.19063322021025392,0.34784987679005847,0.5620970115116283,-0.4564420043505141,-0.538864376283561,3
-0.6967833805793289,-1.0462654152469908,1.2137146277044677,-0.010512867207120326,-0.03935244226671143,0.6214617910140281,-0.021190973403711913,-0.3002396741650914,0.1120064544409767,0.1285393214029225,0.20066056459989565,9
-1.1583424187622262,-0.11044240168453526,-0.6615666502079778,-0.8987317669736834,0.7220039587779116,-0.2588411235643851,-0.00036058309353743077,-0.39627984564466756,0.6877493003807261,-0.9448054080316013,0.0015378425714989417,1
-0.638519855920019,1.6058655474768897,-0.802364023405212,0.24833408523670117,-0.12959561133831266,1.0847929406367351,-0.5839482933297674,0.5232981795764549,-0.2303775715532959,0.09008570950741321,-0.13077586140709396,7
1.0039171942693383,-1.7491667001113405,-1.0358473612821022,0.15937585548318695,0.10699314410055114,0.9334695553891014,0.3291630019396556,-0.20868932053007544,-0.06716498851668559,-0.17985703304356054,0.2108807464001424,6
-0.9686977043088987,-0.4876211904007637,0.13290617908979455,0.1465485091298371,-0.03810479979634125,0.03861591327489657,-0.3845037784660976,-0.4212384293436939,-0.9323603082223693,0.03620633768792704,0.0023248998088238933,8
3.327720724231471,-0.032818006217366455,0.5239205684434822,-1.8874201365272245,0.6853895060278397,-0.3799446176920752,0.9289719659647088,-1.4263331442813822,0.16252049822780912,-0.2920211153044144,-0.06369786408297246,4
-1.172023857449846,-0.5691758672637599,0.3350424803022686,-0.4029061049633968,-0.04348643059297452,-0.04813390729940237,-0.07983784558608831,-0.2998011994038298,0.0026290119570749415,-0.5607691092286298,-0.29419466682571377,3
-1.1738230206426234,-0.20841459181853084,-0.6008728631877654,-0.9062510006694595,0.7343882407864282,-0.2443611116218413,-0.0020257929908802826,-0.3333531354778614,0.7196397300017661,-0.9718538954649357,0.21491617611939584,1
2.550559030937964,0.2574961222470767,0.48203832823133475,-2.0723099837702357,1.526169956744072,-0.4675309654274297,0.3546714512411691,0.12180116241383013,-0.5657485790530705,-0.16361087229963037,-0.27906759861509517,4
2.0925226457239,-0.18792348301631512,1.4119991335036501,0.6433993147279387,-0.5024079522158833,0.01106409783824686,0.04913854722795177,0.12252821564857684,-0.19256336330756577,-0.020086224466977807,-0.13990615446525675,0
-0.4343088912026249,-0.11675549166133632,0.03170593772713063,0.7418545464873181,-0.23006179954807185,-0.9184579805884872,-0.18630670305725908,-0.6384830164654881,0.5327527984159415,0.10814259483626698,-0.26762612085679105,5
-0.8524453830613805,-1.5060740163046271,0.5374491893384725,-0.45884356373392243,-0.07764878360280425,1.1521666869962464,0.766766587522433,0.6200321930860132,0.6863877382920819,-0.1999574955490447,-0.40801517153374467,3
0.9645747668663384,-1.8254293470896374,-0.9850699115019935,0.46052136606473476,0.2611337935132278,0.646126045114038,0.16781003977102962,-0.2870172603921203,-0.5120800518330109,-0.08243199121695993,0.23062872727166236,6
-0.8504380805184234,-1.2698555002944654,1.1476971375072829,0.1711740838082482,-0.006125455163082387,0.2240783043692983,0.3026350468091663,-0.160965327764602,0.9970360920611424,0.42034969414487977,0.3400736358264507,9
0.7070324486975966,-1.6421759375903755,-0.7800814029267766,0.38152167736267345,0.44239608980865824,0.6434457050466773,-0.05338281610076254,-0.1295010110698832,-0.05214935308225891,0.056414280759466175,-0.3677603717357883,6
-0.9077498826665552,-0.8274448254786148,-0.3679939859024526,-0.07207083781819351,0.6023360423350751,-0.8490495999988773,-0.17498205984884635,-0.7954241100997387,-0.08040203937997493,-0.09092480173043124,0.5083523071384087,1
-0.6917915876527067,1.3745901542480081,-0.525116738151994,0.6221838346145564,-0.024662373772575564,0.6962138040765874,-0.47375025310443203,0.18542424739403496,-0.5656405502743781,-0.11759642768373392,-0.16085676754815223,7
-0.7930151969616319,-1.3595395980611047,0.7714438417213508,0.6518723005871898,0.2670971012876957,-0.33531463053187444,0.20989474356450816,-0.11362062888940991,0.855095904306842,0.18168141102063212,0.3231331014028536,5
3.4417369837975986,-0.07847771737888636,0.06677002818173969,-1.462499365420807,0.5911291903920428,-0.4883337327072561,0.1368543180551983,-0.15234412414019838,-0.21447120281941598,-0.20973617958483867,-0.12465574433059301,4
3.8383157318220924,0.34534321843409926,0.34052054961494005,-1.609747975718506,0.18698160690971943,-0.7248192641455057,0.6307473806882726,-1.449345634665192,-0.047105727204856396,-0.3213470305092385,-0.04568789484363767,4
-0.883025343406011,1.891108511763159,-0.6104967661881369,0.6674158410662664,-0.11147155284578963,0.9869039473417514,0.042461818242276524,0.2702003843547691,-0.20411478123129775,0.09833153593925861,-0.00399365768518814,7
-1.3607870321587325,-0.6172790368857288,-0.04165928128419526,-0.20031323411773483,0.24343164560235261,-0.953593846559078,0.484982577379811,-0.19200799055829984,-0.3254741790785572,-0.3236841702787809,0.47093301039709123,2
-0.6578888350019912,-0.9564120122596025,-0.16007627977235533,-0.1792824720162605,-0.19312588888002796,0.31652007531413323,0.15637897028893252,-0.07165981312824281,-0.5748661663589888,0.40155386687169237,-0.024981754943369853,8
-1.4651371493082717,-0.03063996534451844,-0.06656016957433532,-0.30060269846764837,0.11805002285931614,-0.5311062696752873,0.550166254550536,-0.030744790898110597,-0.08226944902235103,-0.5017794378662587,0.6119374002021528,2
-1.3783593842701554,0.5391921770400354,-0.5080032943350928,0.12060911286414702,0.32029677759782355,-0.520623151967386,0.8590737340526553,0.265547332246151,0.03411557359114591,-0.015073010086740246,0.6280127195757919,2
-0.29002303558290377,-1.24850628591494,0.7653751246339765,0.8015297046093698,0.13503096785303392,-0.39731848306661466,0.48305445900310806,-0.21044755911986288,0.7628836069229613,0.13518644025673296,0.4783515285992559,5
-0.8438349424121379,1.657497068006261,-0.5168684010401748,0.47962516529211624,-0.08731923202239401,0.9120154740149029,-0.3402639404173808,-0.08809883355589113,-0.03982417389505148,0.060977583012623626,-0.003762550958215291,7
-0.5130983352187894,-0.6209283803892328,1.8736316931544441,0.01977179808869402,-0.3622936117051905,-0.0020238396690674993,0.03550891348262783,0.028331193890546454,0.39940327961803984,0.44613387755857303,0.33285969960883566,9
-0.8711351658993842,-1.0709827811639128,0.348229709883904,0.5546737261088444,0.23703443852064765,-0.3024858752682611,0.03735889783672308,-0.8633275229605333,0.026683849291306752,0.4260957066971918,0.30737053530763836,5
1.8128748443487739,0.8311862977679938,0.1583171534842013,-1.037992701988169,0.533023231322703,-0.551745186810816,0.23473951666799656,-1.1685137843774407,0.4928957818143591,0.16503307836172712,-0.22544552031339582,4
2.4399411333824843,0.22294402104657202,-1.0145312404633104,-0.3729730632663334,-0.2113425117997092,-0.49276872430874596,0.1684825527294353,-0.830861719359217,-0.08973500431332569,-0.3409562037530892,-0.04094129179157473,4
-0.17329800888560692,0.5515373211213099,0.2695360299005716,0.8635973762259865,0.4320561143249746,1.2874766793330932,0.4439836314574251,-0.7606676476842733,0.4761451080536064,0.24511015452143886,0.038143823078876024,9
1.7143741696590875,-0.5264729503626362,1.6889609355092992,0.3693983412058167,-0.38293221986967857,0.19868883410106894,0.6282932408619367,0.09681182104427573,-0.2996115363074867,-1.0013262742033866,0.5609883706835938,0
-1.1357877298207284,-0.589252873620078,0.2522980303575747,-0.16397992346645124,-0.2382499340506879,0.13681996238727492,-0.22728988822410545,-0.27308632254675663,-0.6499251744139026,0.20680444618803603,0.31038882484872343,8
-0.7121228345175488,-0.8572135399356449,1.2370188248528886,-0.09258870203332527,-0.23476903136715355,0.2250119491347198,0.008892398923575486,-0.2947359826512347,0.6742605098975701,0.5364861154881723,0.22952372970402235,9
-0.9322846616501562,-0.5063708753337617,0.10022690999823612,-0.11499834194540724,-0.40158643005428923,0.03215147591025667,-0.6956727023431982,-0.20369527598748588,-1.0060300670095177,0.2775609621185963,0.319474416138859,8
2.178871987504522,-0.04138362958096122,0.9707167626205442,0.62074995670709,-0.5196408229998656,0.21934164549120416,-0.04615234621617969,0.12025168082037029,0.2185720589319273,-0.3514721086416813,-0.2552076397838332,0
-0.8897825342021722,0.4306322828717723,-0.6531743913860496,-0.6956288009084767,-0.5006760867809721,0.19160356112131763,-0.4990772961641543,0.3620885799535952,-0.16747168513535712,0.8249768520203593,0.05494525577712086,1
-1.145711745053113,-0.7263375277401141,-0.1712452468858311,-0.05941966140309112,0.2857994594028897,-1.1499656682724313,0.5911375693436024,0.7011186036285509,0.08243453923579752,0.2179686349334103,0.5239183458260239,2
-1.3795674187654319,-0.2837954445411165,0.9587084593332615,0.19567792241498183,-0.3830451319484944,0.2627671876737392,0.41378092207139455,0.25652846930605766,0.5027649266359125,-0.45411460707692564,0.166167124621288,3
1.811209388290083,0.6151068539664901,0.5744522580658472,-1.0691240013012349,0.7742954140848258,-0.5999100747474317,-0.28212008009391587,-1.159752768250875,-0.17139700462362045,0.307565967924157,-0.32695044609034785,4
0.7051632301568567,0.8468651389334558,-1.1010215085676744,1.2479021239591757,-0.7347284886978925,-0.2739030796729438,0.382515942958889,-1.2316916737812724,0.06686522892687201,-0.20809131827961508,0.13036249086131332,5
0.5033118109784185,-1.6482073567144273,-0.6891549791349845,0.6985836997363035,0.534582986134486,0.3134841631876817,-0.08473601827907089,-0.07907065040723242,-0.5885997714052696,0.24255661095877346,0.1806971909460173,6
-0.8922651100871506,2.320099949702216,-0.3228661516737497,0.3946846625867932,-0.014029347044927903,0.5074538975907418,0.2811723343738846,0.18398538478162324,-0.3672837108603191,-0.03438480575428183,0.06972946702434689,7
0.4625349142291466,0.9657948641393718,0.7025854443376969,-0.27821411600361695,0.41647257250858577,-0.18805514772620083,-0.3469607079896394,0.15123369629977038,-0.934027440823166,1.0249490692848926,0.7159833038853384,8
-0.86029006194467,0.7912758970082491,0.2799926077958162,0.8033026304479869,-0.07283365890454378,0.6363370716955594,0.42079888690742767,-0.10940914655881036,1.4510587440586544,0.3794839868218531,-0.17087380457625878,9
1.7117349902429877,-0.939148508302215,1.118405440549231,0.43767331422511957,-0.17663334776152978,0.2567490900436951,-0.2166561725444958,0.36905319972191575,-0.0972535632632272,0.11350680017664942,-0.3910856323259661,0
-0.9859846311882646,0.1557878781715267,-0.8920783760440048,-0.8145905530945098,0.10489977151870068,-0.021913131269227525,-0.11092873162083913,0.3125985053084221,0.047011690025942625,0.37702523438104585,0.2887624304616168,1
-1.3607604721613247,0.11615882305336721,-0.10374499379712124,-0.1894868281978283,-0.17263347747483088,-0.23423670663098242,0.21326994309683614,0.5187534236258579,-0.7707276644284857,-0.17480767954473087,0.6232136676061403,2
-1.39901510905181,-1.0133530082684226,1.147980800415001,0.056912532604829466,-0.31490416939308385,0.6102590531031356,0.5885887931140256,-0.12336935752478491,0.09576036043587614,-0.2999859193150527,-0.10216962230104548,3
2.3043660297572734,0.6528296186434203,0.8339340157473569,-1.1903490486632091,0.7101007042516985,-0.84488889307839,0.15504531732535506,-1.1710915151435026,0.11943372665325927,0.22521128975837743,-0.3146277714228591,4
-0.763259482780425,1.0017130820390083,-0.5240891843499923,0.921402844736823,0.09676594548100456,-0.5380571190400316,0.4862950718766575,-0.689811704186355,0.6590586025419529,0.3836603451583134,0.01350026164586914,5
0.6581932832021018,-1.7456113707438647,-0.5996595292494444,0.5772712688134293,0.10454577746583685,0.6098950276704661,0.4098613723625631,-0.42533566547902507,-0.14640553944921947,0.35901752227250266,-0.13384738431417584,6
-0.9153862463947332,1.758345092713435,-0.6647361320230566,0.3585282149134823,-0.22772308464630653,0.7741830847534446,-0.0925622090812967,0.5721256980655931,-0.4282458243601044,-0.035291254594051566,-0.14559194018142174,7
-1.2279820627990539,0.5072071888012871,-0.13056954973714666,-0.059085025213096526,-0.41940661677298574,-0.41176637150732665,0.20687088903791506,0.18124703478615808,-0.4222834730942512,0.1715961218673013,-0.3886232797212783,8
-0.17859727522416652,-0.11747761196791898,0.894351354760147,0.2789790513550535,0.18291917975996744,0.22989444921671318,0.0022242026634783545,-0.8052211547024499,-0.44031892078166923,0.17566244915612134,0.5204751991194785,9
0.982848536266336,-1.3924568326287214,1.333864872020693,0.6387185931042909,0.4274404269436553,0.6932801003914031,0.07132666807036599,0.5268735836015893,-0.16308344637337138,0.2752812695360687,-0.13730818422640872,0
-1.0439487712823103,-0.24215756242244646,-0.9595424772121289,-1.1292674720865128,0.368056134281985,-0.5148021754098056,-0.03371120603829326,0.11787954343190901,0.2689008305655973,0.10287986853168885,-0.35931866468379914,1
-1.374100997449032,-0.472866120391548,0.03697237587613299,-0.2988045444108479,-0.01457500529488542,-0.7419390381843413,0.2211399203772936,-0.18537953899130274,-0.5338726190385644,-0.20348737827310623,0.5554846396645428,2
-1.400936207413774,-0.5486287121775564,0.8649578612112613,-0.20508909059595093,-0.5143356534365355,0.5121890435082443,0.0332025318156382,-0.5329100532909091,-0.47487975432458013,-0.3827420672600453,-0.2146190385476083,3
2.6421375872075914,0.3635227399357007,-0.20850560982856647,-0.8620822669927086,0.37144789610271567,-0.618580637963377,0.10721647134317588,-1.1433332488138892,0.02801367329716408,-0.20708940308097193,-0.24982747889299234,4
-0.19015411466071327,0.36780697165714565,0.05040911042169829,1.4092217694660827,-0.035894849910692535,-0.40052800165407765,0.21072154100895318,-0.27017609872544585,1.1148734035266359,0.29006828195033035,-0.23378669988010786,5
0.6323038250935537,-1.2667370078654627,-0.9875348690969239,0.7173908007073079,0.7059229969966186,1.062657239402317,0.26833588851526363,-0.05361639995824324,-0.45566383658219645,-0.056109204046623326,0.11284168054155792,6
-0.25138217898145465,1.9512640618036043,-1.0268278526628651,0.6039786847542228,-0.544555102582123,0.6055756611585177,0.2159780405184281,0.21466885328867488,-0.11971001583367515,-0.39461838429883184,0.1579382273348821,7
-0.6672629401175332,-0.45303524366326337,-0.34146147160508744,-0.28763470440159716,-0.5712657337514571,-0.6491861284771703,0.504779366142203,0.08170438247136734,-0.3421132661161308,0.38634096846725297,-0.25442152924636074,8
-0.8502811727301107,-0.8270751731230637,0.48299601964246364,0.5551581303484334,0.27362028277737654,0.36854310156208153,0.4101178494613472,-0.59988382393709,0.27770905347576064,0.14035570120701532,-0.36028996985342293,9
1.4013558099119798,-0.8701993688633983,1.3549339641016422,0.6401332298923905,0.0018111496064254836,0.41032030409201425,0.12510533504891228,0.48222273768439,-0.27851665913545387,-0.014049973611113863,-0.45972181942244117,0
-0.5244473478892131,0.9639275735376706,0.1907283950987015,0.6157363653018104,0.10255898465854162,-0.17749144618436333,-0.39242304422814006,-0.6570243848337972,-0.5247385293262216,-0.11055516483609193,-0.04758685036736843,9
1.0634215346682356,0.2992553075736276,-1.279765799425431,1.1055827412444792,-0.8099416085363037,-0.6489355021188719,0.745605007813887,-1.2922206411912622,0.14520379800563185,-0.2923256941706556,0.0028716957361528375,5
-0.4686098448528986,-0.07192086273402395,-0.47886342959832723,0.7127199198136549,0.1707401286761922,-1.014643656096007,0.13571052098112785,-1.1105477269961592,-0.09203837503991391,0.0036022832588806747,-0.3930146730835791,5
-0.06725789009872438,-1.5237223963224191,-0.8452959864357239,-0.031157981140241348,1.4900826393130484,1.309846880077229,-0.2395389226270837,0.10734605147013912,-0.12000790769523462,-0.15041773233216557,0.11426524124675909,6
1.341540343776009,1.1149784764386974,-1.7584161526256732,1.2298982735613044,-0.7559984993826142,-0.02713355882850342,0.7770325969449509,-1.165862022246203,0.5128855659822353,-0.46572893330469006,0.29889880803289126,5
1.2194657465650618,-1.1922983089273094,0.9117356851714038,0.17171069877304604,0.3129483805841588,0.30801005967727096,-0.35396467406537974,0.49120987186366444,0.2660289003068316,0.1157819037928135,0.002024460434165521,0
-1.022441856439631,-0.9639458273026628,0.5100773471157154,0.2130210479067403,-0.14898617576237136,0.03337553754311485,0.047191059800385265,-0.827848833992165,-0.03501244217501983,0.5892384315873995,0.4693015466268982,9
-0.3332146321050422,0.22959545288709746,-0.23272593965981056,-0.3917762528261533,0.5864490430075717,-0.7545916839667937,0.3500422531806775,0.04277391747312514,-0.41816341283572095,0.7921431910188219,0.09824628689392348,8
-0.7139508717572237,1.1096078799977418,-0.05410369892563208,0.9959676792029969,0.07805051883804943,0.591522380526064,-0.4577146978078608,-0.8338715045352891,0.10605558823488936,-0.2091685851409556,-0.1545837835199362,9
-0.8622261043940277,0.39158508951240184,0.057299098297263075,-0.7094195174868593,-0.5761235098913463,-0.012947558753141268,-0.14521061130994123,0.37125136192545755,-0.6420406635871557,0.5970543568514238,0.060641357791224766,8
2.72490003165689,0.3959403947921459,0.9834796716391372,-1.375527395865412,1.2079460774466735,-0.760306101192511,0.2483764430413643,-1.1682112045533644,0.12946834294807255,0.20528087170708023,-0.2974407333980267,4
-0.7637273935420136,0.06276077431272506,-0.7858115336431224,-0.8508896369324617,-0.44880502135752537,0.004820914517475187,-0.4118763004473474,0.6067589479851934,-0.3825248489586088,0.8969188404348893,-0.4413152708211025,1
-0.989333424265963,1.9900291791227518,-0.6288643699674002,0.6828587606903486,-0.11927899563615633,0.6440629748999587,0.031900580148991546,0.6052637934774722,-0.5606888246849825,-0.27703071111805333,-0.0993870181554558,7
-0.8143584030794546,2.126610990760371,-0.5842683583661841,0.28997279596315323,0.2407747829886492,0.3426987198491613,0.3128704406734465,0.3102572581556251,0.013495142527369853,0.053895492108717566,0.1647690001974562,7
-1.4159738793861996,0.1707317079035119,0.777328404262103,0.16184156064360855,-0.6013340947146539,0.41202060278607394,0.32818635612257496,-0.2944891250318249,-0.12771432793672713,-0.274549916956656,-0.45081900380926343,3
-0.3323063195423146,0.23769946204396253,-0.37838868807879783,0.7768824268742336,-0.32573818223416257,-0.7187012764787174,0.07155027202805977,-1.018834910862009,0.13449671316488815,0.22180655371301777,-0.21142950326286933,5
-0.8615230223339412,-0.22406756721277718,-1.025713694578267,-0.9982777478083001,0.23501999076520608,-0.4574968893918272,-0.15500538015104176,0.20273577547232421,0.18139840000303115,0.47382209022354993,-0.4762444370852215,1
1.5890089689472118,-1.2567038999843054,0.8066933420221751,-0.22850049181216828,0.03332527181894829,0.9059271461074059,-0.3510755332448392,0.3551528447019296,0.503604967008714,-0.8140468643091192,0.0775200740990366,0
1.0005722890643198,-1.4227998618422861,1.1453058506033362,-0.05481099712790635,0.4897102590092487,0.8127114878344528,-0.22593771118523467,0.5178684653700015,0.18338833018544606,-0.655838974197163,0.029604885452837525,0
-0.7153295252975325,1.9505151212990133,-0.8532986595427514,0.6321001700968796,-0.2720131439391205,0.6202431166993317,0.4133797609681187,0.32700205324265413,-0.2533606635808203,-0.2906228695306763,0.034324289713404905,7
-1.149890546867599,1.5390112908572375,-0.31531189246584757,0.6266591518272304,-0.15755450730954917,-0.020166960795341027,0.4389569740904408,0.46009307398936256,0.11768459826656234,-0.1538280010705888,-0.012700249035146634,8
-1.3635312355842124,0.7857487567688676,0.03761100461090706,0.17814965780551073,-0.20001556292694594,0.07769130318519991,-0.05252381896375526,-0.11784527296335792,-0.7314555838191493,-0.5565348308186802,0.6453334837085517,2
2.00947317642673,-0.7884201056230705,2.0596182553821554,0.12737833483689465,-0.20162655187013914,0.4041595339160859,0.27320155544987385,0.39263501221501607,-0.6365497532396492,-0.12064337602832606,0.13508528266478817,0
0.8640043018385395,-0.09169896938399559,-1.2960007414774943,-0.15830612228778596,-0.89630043286174,-0.2591002968527275,-0.09839169724138155,0.7838858348251431,0.8196954065294264,0.36424270659198993,-0.26866338099397413,1
-1.4103488997274116,-0.054613997710238664,-0.04721478500661589,-0.13136058498267372,0.07594385636419196,-0.46915605123120635,0.2484129765858357,-0.13949122685734452,-0.6942034984540013,-0.5048573166838761,0.5929933292638399,2
0.25542197431448666,-1.4983141039557817,-0.7361731634000779,0.3864851463594165,0.6275628940687437,0.3981262152541215,-0.2748679640987634,0.4062386424949744,-0.707145763573446,0.15875684517511696,0.3061999387252706,6
-1.5318504900997343,-0.8337567906451887,1.177630017699095,-0.1407872094521303,-0.5985783879284821,0.5455182348910376,0.46595112243587294,-0.13140188430235997,-0.10642165934907971,-0.23917235138894863,0.15972466755257608,3
-1.5085856274252467,-0.4770411035565904,0.9105483994753791,-0.20512648013351095,-0.6397575541774833,0.2715813321748454,0.4467423798293964,-0.26183591512450705,-0.18369435664121517,-0.17126618452650466,-0.34556173992964917,3
-0.7945372172049047,1.9217341172243447,-0.7372409621761825,0.7190378017061118,-0.47077468467490435,0.45149901152383703,0.39224879309225075,0.9632715444909529,-0.08975283707913323,0.33816666922926253,0.112760225043953,7
-1.492498931869948,-1.2066449678889306,1.228716267875653,-0.0030790954654409154,-0.2923565894084344,0.9583782313782233,1.0098084292441323,-0.05125156634124738,0.32311972120197846,-0.14997268559158683,-0.16910655665905225,3
-1.5189084427025252,-0.7923400982359113,0.946993257117917,-0.2455859466429427,-0.46761451678598065,0.9966094746929913,0.5307294135245103,-0.5917053279772239,-0.4407576156551742,-0.20545082412659385,-0.22152652550576105,3
2.1655553530866967,0.33258829762809566,0.6083676315568781,-0.8973866532382043,0.8812377201509063,-0.9942899190109153,0.016367109425293812,-1.0431326617509342,-0.5441746276654208,0.33271337142606694,-0.3221193794596259,4
0.09595201670955644,-1.5658002403362195,-0.2643048704394197,0.8263538505392474,1.303212224839268,0.993550721937873,-0.15806738963692507,0.557570246888915,0.1968971334316034,0.10236231224803057,0.258969717785721,6
-0.0093803219478728,-1.8886064884039,-0.6802043744874687,-0.048563788017101775,1.398643092148528,1.341180118659238,-0.32189078943999655,-0.02357474982037801,-0.19835958894612762,-0.0946610995260308,-0.09382064272137279,6
0.23517311771294297,-1.919650890025421,-0.7509871824609304,0.36544956817775603,1.1693157439348227,1.1846537225555642,-0.0793335201227844,0.08710591542313804,-0.5737363189236322,0.3114969967558911,0.07648925625670248,6
0.08822026234832366,1.5862615671396771,0.03424316154155713,0.5966342577288147,0.7867114992503572,-0.2214685914784308,-0.010312439852864938,-0.717899181661877,-0.16689489560163534,0.5606872461810982,0.12035169011029963,4
-0.7499240866822965,-0.7417964529958602,0.5767098667635734,-0.0004437584563712893,-0.5243661458997184,0.30905987591501366,-0.3835936085605319,-0.5610542917770818,-0.036711270039483296,0.14582894282536235,0.09872291177263026,9
-1.100886296024259,-0.05988212496048158,-0.6989795245340962,-0.9626087952318327,0.18717121129735934,-0.597726712600044,0.0499070158084791,0.26486399287323276,0.2865716224278647,-0.02219449717809324,-0.6709638423302041,1
0.48151877513519886,-0.2581735867443467,-0.7194317980071016,0.4534487371403578,-1.0761760543889418,-0.8575693760574002,0.4120515976568646,-1.1570033517148517,0.17585911404536853,0.04050810779138765,-0.14730574887898215,5
1.7343058174310806,-0.04036260504034315,1.247759703495602,0.21276107698339913,0.12339562810625522,0.0011870997718570985,-0.03243626521341922,0.3280740690962707,0.20765219393417145,-0.36829644717148496,-0.2420519128741973,0
-0.7121735692885529,0.0259831406174098,0.6451405669794893,0.6963225484435306,-0.4572373284617136,-0.5974843186305563,-0.7789285323333818,-0.1782102450841351,0.46701386776927384,0.2741564760874951,-0.10602036215711626,9
0.7637817652007675,1.2824866423183943,-1.3135905028871666,1.7627284602165019,-0.0952850967459872,-0.171439720602208,0.45680215233226934,-0.8861570333843108,0.23439460012712315,-0.4635129989027625,0.41290111766894666,5
-1.2939311120876436,0.3271536020880596,-0.0878570741019265,0.3274272453862401,0.29950252764276203,-0.07104703591500688,0.756669381868168,-0.07765735751583593,-0.16203653634089785,-0.45634311314117754,0.08633324941417198,2
-0.4419123686394742,0.5305454278819792,0.22112058915210783,-0.46418085135526566,0.4392850077977708,-0.5741663817318894,0.6831060162230536,0.19627627614629004,-0.8050316806996025,0.1608027176905152,-0.31452769285091964,8
-1.2102946072045158,0.06315068311215478,0.6336399274005049,0.1917979541454919,-0.5020177605930163,-0.25192557046021624,-0.5024123785434373,-0.08712928718980102,-0.5815890447589815,-0.6315328441979988,0.4458825688251459,2
2.7562620444133366,-1.0420979426019314,1.6521003130347414,-0.2115226255282383,-0.559616573179754,0.8041187572564212,0.4191513496342308,0.23757437428670752,-0.2644928954134657,-0.5014607849566114,0.18965525633123914,0
2.5699919148481687,-1.3059209260638511,1.7029524036067043,0.31522491100765065,-0.5378031271474556,0.865175680791787,0.48079098955999316,0.1135211955898719,-0.35971074247427975,0.1257633776506444,0.4518822542387247,0
-0.6500411464179292,0.16758303854441056,-1.0757349180557845,-0.14225938490575185,0.4219341176278549,-0.5422036469329263,0.08458772928210924,0.3959842225764316,0.1655040824932553,0.5553988246217153,-0.431775389568988,1
0.7990573821781898,2.9472625469672034,1.0665926083506567,-0.5611844110642409,1.0096261596583578,0.09473963692319806,0.63452926042734,0.3602351227237773,-0.137238260711113,0.7314583871170636,0.2977318925436249,7
0.5580153074616205,-1.7093834317143952,-0.5734334803302533,0.5433401078015905,0.8446110559372119,0.5660699957474816,-0.44200869670508514,0.7129825959087539,0.24818516391240847,0.19231446707413852,0.3174398515708358,6
-1.2330311069833282,-0.9177989142353113,0.8944132217953141,-0.11477995544424045,-0.24157225555131562,0.6579902847588964,0.3784279201317609,-0.20587028836624766,0.41001190360126055,-0.1779957598933232,-0.4268647292793332,3
-1.5221504843043012,-0.5007045685564866,-0.2751416746033091,-0.5710611143419412,0.22611395247121552,-0.9162260308478062,0.7411153917669193,-0.008755765366992862,-0.27651402223282245,-0.11056762640134526,0.4983739420897179,2
-1.1386081222256692,-0.20074173881284443,-0.8886416463253942,-1.3171287823716633,0.3586670282770658,-0.41303621801306223,-0.10535679177076092,0.06127481778500226,0.35465555922488784,-0.17409767600297818,-0.3458680022830767,1
-0.05332687637681803,1.6664311969046186,-1.1292008331515573,0.7979585613044139,-0.7365630736288067,0.6261924061485634,0.8823013248941964,0.7915608416980936,-0.18630483154870237,-0.10085684175009121,0.10874301409765147,7
1.7605855973005076,0.5587034751559827,0.09686396098534225,-0.6701245662464898,0.7325609185187312,-0.608769419254682,-0.09018205292686618,-1.0596122748978605,0.3000561884541827,0.14931458051387198,-0.31614311352442076,4
0.09898429521722615,-1.8949741593522538,-0.3737033029304134,0.6068317908445308,1.2399464560972882,0.8867116871701526,-0.19311150814746933,0.37795938310547317,-0.2037239124345058,0.3262508513044268,0.12992100857681083,6
-1.2678403938094642,-0.7475889304699961,1.0484605616950542,-0.0774043336789833,-0.3798784990754264,0.21357548733509388,0.3377456537422362,0.2172797566840927,0.7074572796782956,-0.36066968072824285,-0.5605331998749609,3
-0.731696094556518,0.5914879912870442,-0.34783429437756186,-1.197123643794176,-0.41056559879721904,0.21540576363598696,-0.3893670559213378,0.6544807575638302,-0.38971982590352144,0.47025354382566836,-0.3643931488329644,1
-0.7159276495374685,1.3051277719382854,-0.14159530895335698,0.6251605411743932,0.19186538125095165,0.15674059680352262,-0.2319653254890074,-0.3902069025525855,-0.41406146553675505,-0.6695208610226455,-0.3853512193775153,3
-0.5665426229157792,-0.7840025129690862,0.25147149889673565,0.5375078123928723,-0.025667012008027037,0.5263885118899697,0.7777678212974479,-0.5944029329239329,0.44408466664678276,0.34207757808469996,0.270638163618052,9
-1.0518393823871885,-0.2274889637251363,-0.8150349253242201,-1.4884801887642973,-0.006158827934713363,-0.04349173691324748,-0.47918037587371876,0.36879497140665796,0.14042191136250173,0.05975051970233544,-0.1291327671001222,1
-0.6388802150379719,1.8323979346910912,-0.8865878191946196,0.6876612065480943,-0.3923279933371929,0.8484023241533424,0.5263884384943216,0.3464967696463688,-0.19510532107822462,0.28697667279496597,0.04896716293340857,7
0.02297416601781379,-1.3046224126248624,-0.6654415962542161,0.5029445324137242,1.3161551873929547,1.2256843443638623,-0.2612446564622434,-0.14785249387766844,-0.17109182921810215,-0.016678795057117387,0.13431058855890635,6
-0.946297242745527,-0.04431595463738024,-0.1783467882330225,0.23102584585891986,-0.001370025710245346,-0.41397198026404636,0.11592977404324535,0.40941268067206266,-0.566765217976079,-0.0586005194715938,0.11250378649820711,8
1.8290795823906292,0.7023937328796923,-0.541708251878796,-0.4665251913784086,0.28595117655005575,-0.33449182385477216,-0.004722088740965513,-0.8746859199194658,0.04314196246027655,0.029807661798772728,-0.06591830687285814,4
-1.2694160051438952,-0.429873511895489,0.9771461649936158,-0.001295829543479005,-0.35813962862105725,0.6216063929786437,0.0063523521017246265,-0.057387811818943125,0.2588181509079361,-0.5574459232023422,0.0890541271137565,3
-0.36496415755298295,-0.11178795557946783,-0.9152123080465794,-0.4969479285022208,0.35175485742055485,-0.3114094573124417,-0.44487671845179727,1.0901896164607991,0.8585466159815285,0.3612084397030422,-0.5839704289674889,1
3.0320528340418584,0.45996426366214505,0.026362837122579707,-0.8083456140767074,0.6643861168711473,-0.7526719615846346,0.197985504020954,-0.6126242105589569,-0.3167309442751413,-0.267011761505308,-0.15630972731977383,4
1.9415111352543655,0.02577164721914772,0.7030813870173778,0.38436570749361776,-0.49404917688419814,0.008462197289801942,-0.5284191031599345,0.2587795009544427,0.32644393709244257,-0.3985625353197011,0.0035485732559298426,0
0.16207743758225265,-0.2569839375471306,-0.7238863518307854,0.9778359169233855,0.18575412894269805,-0.867303274466877,-0.14925661973485616,-0.9814059494570241,-0.2851830293278216,0.0867172263810946,-0.28510162736380046,5
-1.4503699922670263,-0.5955247350935423,0.8080322794788762,-0.20058696629806302,-0.5758958494725,0.09275649559866735,0.3378008773304022,-0.25347600158334493,0.10515968545152315,0.029204028742462758,-0.012894782218778966,3
0.5464811326969434,-1.3642139396336894,-0.6626817071941872,0.5104203212341981,0.5588308777763834,-0.6769628406207552,-0.8832448991705802,1.0848864183784346,0.21841686243502298,0.13739824344286466,0.5407513088286391,6
-1.0963486030044813,-0.4683712696487405,0.9085947876301659,-0.1409852992188782,-0.5590038788453814,-0.19664858616982248,-0.34912921632376687,-0.5830236400342172,-0.1387591749322805,0.24684644325417207,0.48092877407391377,9
0.556972713743541,-1.8227949446751603,-0.5936321776666617,0.49224378782098527,0.6750004087958599,1.047024475400869,0.016526637748356995,-0.12586823131431052,0.07491398077406135,0.24419276709885537,-0.04088474467331706,6
-0.8402239257151076,-0.28866289256597144,-1.087097648044169,-0.828758134968155,0.3412447592441648,-0.5959787859858398,0.03951191249061973,0.23495653436164757,0.09929256781155818,0.5482402363964851,-0.48911149815126154,1
0.4741448571158899,2.9372458751965573,0.9826132463574283,-0.2550546328787915,0.6802846961440939,0.36595217099916744,0.43750827845657675,0.12786272633389414,-0.8203762266664905,0.3248910814517338,0.15037262107979096,7
1.0675864686397842,-0.9307467445092916,-0.8928369468796901,0.573046467713121,-0.9691456354046263,-1.0312654062791593,0.472128347693585,-1.1208182858836313,0.05349287604754348,-0.18814697851925555,0.1842026717848441,5
3.7213312688974014,0.39571974142463223,0.19183268351151453,-1.3347912877054382,0.9184650215672066,-0.7683864728946475,0.20862380788228102,-0.36870364499234287,-0.3118047992263167,-0.33887573044458075,-0.1733808767976854,4
1.550007051014649,0.6935647186500289,0.28256805272487107,-0.32482102022136305,0.8275059455119981,-0.6989059044934677,0.025975101013373313,-1.0377147603375605,0.1255750986908294,0.23628499253898425,-0.2544267695569119,4
-0.47635214173818713,2.1531126843732675,-0.588527026973428,0.3185852109781231,0.36037000387640045,0.3428834936916722,0.38905061857536455,0.1412181686352555,0.040836874643283394,0.4928020664924231,0.12204598402034592,7
-1.384372375580772,-0.004996604601565472,-0.4017265420611018,-0.12581822214446023,0.3675568909243699,-0.832808941134578,0.8409031963930869,0.2005035443247374,0.0737008744644696,-0.09211944225869018,0.38746878466437445,2
-0.4387361915253251,0.3792036671745749,0.027379902648577516,-0.1627236451725479,0.17238225247061847,-0.6038885370700053,-0.26445352172334485,-0.05096870819153857,-0.28181663240359917,0.5423248187435481,0.010270753771661518,8
-1.430395831075272,0.46692848447870045,-0.4881658360617346,-0.3511232069238189,0.104175880871404,-0.07512378072410304,0.4580832415352486,0.3573403251813268,-0.41990986488689463,-0.2532805389526646,0.7426243409004994,2
-1.3117876037581389,-0.4711994262278823,0.2717364440215059,-0.2959380930330432,-0.12040126539450544,-0.5783307680432065,-0.10576904634818116,-0.0801999297107733,-0.49012499185719993,-0.5849757165760368,0.46572285942846103,2
0.5835368495730269,0.7425282167420696,-0.9796764264262245,1.2323223200877962,-0.6265179843300592,-0.3090395758544377,0.1968242429445124,-1.1701228598145448,-0.017829233809109803,-0.1803908371590505,0.07656300530413512,5
-1.2136346482211962,2.1178344059061605,-0.6541000983082517,0.5548354174246354,-0.17267681010952496,0.48465567641285573,0.32075656118657736,0.39561494012802334,-0.2852925739250396,-0.08012280832259533,0.04517928365480133,7
-1.2599232989038658,0.18438990880450606,0.29163256868910625,-0.05057217957868509,-0.5677995352632107,-0.2852987763543736,0.14401942936002496,-0.3021874828594749,0.13724270813868375,0.3707459195512358,0.3468696412875453,9
1.3818498422203909,-0.6630094020318164,-1.0693033151440934,0.7381024984100089,-1.1714430687030697,-0.8454165532897353,0.22585498424204026,-1.1582316234622534,-0.2836669914514344,-0.43137015915313115,-0.033203504032073616,5
3.1001995399887643,0.7541733270058358,0.3008225736555035,-0.8403838968363327,0.9910527985855134,-0.7990398184181291,0.3682864920398962,-0.6205624111634911,-0.5196073164382906,-0.05587099082615317,-0.12402176893128518,4
-0.1457851487245877,1.2187144436432749,0.32350326980737476,-0.09522163511331225,1.2768123944538037,-0.5263509238959941,0.8339831020543561,0.2557471008306891,-0.2156011624446681,-0.27067781095803994,1.0061605390367234,8
-0.3170986497276033,0.4005096785660704,0.648748432098407,-0.659238122127219,-0.06811338014626211,-0.37107650652932006,-0.04127417553408679,0.11789476814295566,-0.9639839793505085,0.1391150621379974,-0.7124767229698509,8
1.6387274524874405,0.5109723150536781,-1.2738575354609458,-0.039253013325406504,-1.0690952599066474,-0.047576991541730076,0.18173566558252047,-0.799757997977743,0.10409862691287597,-0.3450736078391641,0.05214967801936985,4
-0.5188322380617213,-0.27867965487229884,-0.11755632327979791,-0.6142302326549345,0.35666742450193045,0.4864905012759075,-1.0153902806267705,-0.8033030021987432,0.16420186861744915,-0.322804397529617,0.2846289561470175,9
1.761800689943542,-1.179187236327716,1.2683663235036347,0.4120404079448908,-0.37263430704495154,0.5131306432499739,0.1777480244395677,0.1619249175462843,-0.04378001363013103,-0.3601647708809793,-0.1259596488845006,0
-0.8137385117384314,-0.07740269997390815,-0.06731537058464705,-0.1199570754343502,0.03472868462068612,-0.5804374756458203,0.10936592255097215,0.3396484417508611,-0.8273210032120205,-0.129807433008928,-0.6279109504194501,8
-0.9288175242992993,0.18830441389327715,0.7611033594681957,0.07825972198963556,-0.19738367013605218,-0.4507422044514295,-0.2479482292032829,-0.5647703821426823,-0.42484298926989367,-0.19884633356613,0.23849969295514087,9
-0.8181009093888424,0.09573807321940783,-0.09534314911616087,-0.3874086160063126,0.005908556622976845,-0.6263935478178435,0.59115089664807,0.3099846638799915,-0.5653545562157989,0.3098022948806449,-0.45368034727065937,8
1.1905563285724383,-0.3356696944338159,1.061314641664917,0.8034073775178247,-0.30707803903255254,-0.46661456084867353,-0.41879076691076333,0.2926258551541837,-0.14708083975738062,-0.000735367967166542,-0.13223897465795095,0
-0.5883620895297635,-0.2553199144235698,-0.6077550912084927,-1.166874753700058,-0.6691909865358278,-0.0799286548939142,-0.5454701485679905,-0.5843310784392686,0.569711330694511,0.23714101129140674,0.5811263596873877,1
-1.0683079589298805,-0.7838593863450382,-0.05153852748772216,-0.06023360850844651,0.36877998840590137,-1.0120999400894197,0.4484366436340971,0.9309376240846621,0.001518653183254384,-0.34192805751451844,0.28751259540647456,2
-1.5763229427076426,-0.8981645587360425,0.713296150104759,-0.30562266412088945,-0.20729932184667438,0.48483151997027035,0.9039169951868673,-0.3389500906233349,-0.0647656234865702,-0.19095501455563824,-0.033491852266109665,3
2.365910581563579,0.3174344282568609,-0.691673011883605,-0.11880986626447089,0.4170089537576902,-0.028122750486861182,0.02057016563724979,-0.13791619132877916,-0.16351499805418396,-0.062144283994283546,-0.10426181701126978,4
0.21179840146267875,-0.6897717259944214,-0.45891439389743494,0.9974252503884923,0.1483611905206131,-0.44159234741286013,0.21682594521300683,-0.8989396958306226,-0.13219133818095452,-0.11675442323179366,0.09954412023145405,5
0.41089946717099823,-1.170476543403371,-0.6380397213192411,0.9199644467738891,0.37323405081665667,0.6313409533676326,0.40591036082865434,-0.29092993219061464,-0.6181146077028761,-0.18684289248718847,0.227649040452034,6
1.0894167436175843,2.8725802457294876,0.8023380291265614,-0.5366752870627715,0.5898836661963236,0.28190305976377983,0.3602033446012214,-0.13311238195194983,-0.04111400496515034,0.6701551453861057,0.4144998203889255,7
-0.8303038729080767,-0.5817781637958925,-0.23382940579008676,-0.4055854480283706,-0.07198086482497869,-0.20663533733854522,-0.47003209682912794,-0.05946262251638128,-0.036537359830345915,0.22153337318804006,-0.0802229288953078,8
0.40929073966641044,-0.4217274505763337,1.9455237546355777,-0.32162616897983864,0.6430090184422516,0.3222248661858919,-0.008014570733385731,-0.9968556095292727,-0.732694775991027,0.6131204503307046,0.4602440966719758,9
2.2424642268493105,1.0392978001155928,0.8782022984114952,0.7737855616071185,-0.411212615630416,0.1274820456222915,-0.04587926651599381,0.20297026470716906,0.3513851703697832,-0.6170891446287944,0.05381070602618481,0
-0.0990229610099031,-0.293310282921742,-0.8351679588852703,-1.24997673980535,-1.045700896661034,-0.0885473370394812,-0.37604643472529187,-0.7696546600990833,0.7722305215284243,-0.07484965822513728,0.4782128798296469,1
-1.582890793377332,-0.33575857845756324,-0.14102760965473832,-0.6791309137402334,-0.13101452613778033,-0.6762784224053493,0.584532904024637,0.2966217661131485,-0.6127850672272562,-0.04592996870470616,0.5220471384266945,2
-1.6221182844944846,-0.4167398865842612,0.6876762084364105,-0.49500949097593117,-0.635800493212717,0.33499626613851413,0.37399086033083984,-0.47490600899979746,-0.4198115123264691,-0.19766225423699627,-0.10474782421562974,3
3.739958500848503,-0.23302312028015093,-0.041487177414271104,-1.5054944948935618,0.22582971911651223,-0.6995427615799226,0.17363607716867993,0.2734394321726333,-0.08712592358841147,-0.2345284963016733,0.4567594964033176,4
-0.09655916891937058,-0.8840348760262394,-0.11846813905803505,1.2054336417639828,0.5303306285673275,0.7465775803553674,0.515621638578377,-1.1716428079161139,-0.161770480967847,0.23454742711936233,-0.3634928241993396,5
1.428990809175249,-1.4881635126465667,-1.2790332588697721,0.5788046698314093,-0.3670160886887777,-0.3972252420522501,0.11237939709861916,0.12352725281732438,-0.520141503777085,-0.1941878079648315,0.6294535353563229,6
-0.14238603514368495,2.064831047607388,-0.455162039197012,0.5992962774773843,-0.08104948216064213,0.7101890666475238,-0.14231483242199158,0.03409728760249609,-0.4853865287137572,-0.5342408812403009,-0.01475767719747284,7
-0.4606515838348352,0.4287672727032725,-0.009311481494473755,0.7784344368235313,-0.5086801002574812,-0.3601774881484263,-0.3840148510728164,1.2597837064180706,0.18672250454656605,0.8135081550818886,-0.21543020318390024,8
-0.1616527453542291,-0.7114981676337357,2.2048826107771378,-0.7962433549679884,0.5342662287963439,1.0290011464507887,0.769385583700246,-0.44733696366232595,-0.12738354395039111,0.08058052924900302,0.09860921285822541,9
2.0887650088107375,0.7302152701412487,0.9500930230873351,0.6193247639529954,-0.5081762267228948,-0.6153745361720175,0.028216585393778443,0.19351551421515384,0.08475940949699005,-0.6439879498579553,-0.047125167519927874,0
-0.8601553126239774,0.09075912802264834,-0.4622432425457363,-0.20446331522659558,0.15131194389792774,-0.6275298918820544,-0.1350664975846773,0.5575668660168825,0.512725712816856,0.11425506950438095,-0.25544001148332807,1
-1.26934432842292,0.8619530041494009,-0.22084059757178703,-0.13385182052651232,-0.24992563509956986,-0.14677185787510644,0.17225097882495663,0.6170218714027754,-0.017330902058736646,-0.17916210785939055,-0.16163090331624985,2
-1.0550627804448278,-0.8087193238441874,1.2490904860061405,0.20378601344377265,-0.26462883934687864,0.9384935517309985,-0.05514438909749791,0.1710204443256517,0.4201992609009859,-0.7115504727840427,-0.14482555682179388,3
1.6313976534577719,0.1538161137169539,-1.7709988635465026,0.38741615036995897,-1.0807144289117339,0.21637731482912356,0.6181650029168719,-0.2296230199682597,0.12584221017804134,-0.40297205272262765,-0.022125993722694887,4
-0.22553985525297143,1.4224736750294396,-0.37520080409623197,1.980135421267846,0.6925274714122085,-0.16264473193338666,-0.544746368116828,0.39815012495661745,0.5695156693213821,-0.2917745990487467,0.3490616098053595,5
0.3404651829782778,-1.2580100477248808,-0.6735598087718848,0.7430414979770241,1.1672537554872386,1.1987657733852446,-0.26810717678180745,-0.01244233960596698,0.14382030266201848,0.11342180792348722,0.19606783419546658,6
0.6370518944126695,2.112216970115351,1.1832283560371946,-0.16708452386226444,0.9630288165672731,-0.143068932468126,0.23151087273460988,-0.5761220105821454,-0.8727985808916529,0.07610792924984347,-0.14468372516126055,7
-0.7955312962508456,0.7073041885942238,-0.11354203578932816,0.33278090298936663,-0.6949196163716,-0.09047492504320495,-0.2675675200524106,0.8258042883570744,-0.2977150880330411,0.7419685261272392,-0.3059552014345691,8
0.5897446634086384,-0.2653888733827784,1.6072497309724365,-0.326428070079449,0.7466572107391182,0.2770693389987762,-0.18637854434467696,-0.8144443071572544,-1.0538266615188328,0.6575403200070519,0.38537699766824834,9
0.7187746343347349,0.8618207472818725,0.3827443877561741,1.59712832321494,-0.4779434094260986,-0.22126747521381793,-0.4632181067271022,0.3873815799562383,0.26508961609285575,-0.48495527697890933,0.001974936531584431,0
0.009147977939105349,-0.19518811990102475,1.645499218262964,-0.12254692198056101,0.2729599378825709,0.10689627983940811,0.04198199993495684,-0.32965021151798946,0.47353994307333697,0.4766463692017458,-0.07275043261411114,9
-0.2526424798962962,-0.3042017205738193,-0.1391778252112826,0.6395519391409361,-0.47520905567725835,-0.8661109011576886,-0.2233987365616891,-0.9622290894723641,-0.030157622987072082,0.27721390008161056,-0.2666213693008331,5
-0.9609002084472673,0.6402905102142907,-0.20065917047359041,0.8385238783015124,0.2616337241512981,-0.5194748270094476,-0.05838470897725105,-0.8311512382425406,-0.3079430340595933,-0.38943313200545066,-0.42584474482914186,5
0.6549018363611961,-1.789404827051448,-0.9258972474754441,0.46212438371777603,0.7238583732560676,1.380182355580197,0.3036318665211596,-0.23300360861810807,-0.3113811726026726,0.2648230630737656,0.2034993835104811,6
-0.8090288073458203,1.1279975352863096,-0.6639885090482941,1.1206504211239763,0.7554636382274996,-0.3521150650477196,0.19321931142533205,-0.5191224862845504,-0.10580797582764379,-0.5024625039543114,-0.13249821343337542,5
2.9158704226232333,0.12554787867223338,1.4244915306331767,0.3994805552481661,-0.4279554663593815,-0.22825635660879182,0.2048684196912477,0.1163999603403059,-0.19789162295012833,0.019032235000374816,0.017179336645470233,0
-0.027745756517045198,0.22802176927806803,1.80293052768983,0.25813917872145387,0.051315760918750855,0.37002084116857137,-0.039228078202513304,-0.4680809686460478,0.15327445540457268,0.4407650489718108,-0.23470546841837697,9
-0.33177365630672273,0.5368055905113709,-0.1800657754157867,0.5500805841307989,-0.11755960667365027,-0.06949007320796684,-0.7631690087250576,0.6602666037634364,0.8791662293339609,0.24961145063254614,-0.34171125435797267,8
-0.7382307021276407,-0.5529736188117964,0.9616288482157864,0.2609653973185217,-0.1259654355328984,-0.11970731160212404,-0.2164153788758671,-0.08380430644729711,0.6395510139343544,0.042013332317448776,0.22120306353946945,9
-0.25596650194123893,0.6302608038512462,0.011718204228854286,0.9854280385612816,-0.637721578605949,-0.3434299276501322,-0.22316220755831884,0.3314840657579582,0.3991224339321972,0.05327856621317632,-0.07143234387974177,8
3.397719733544325,-0.3301617454261348,0.2107638295782407,-1.3561319090557868,0.786116183388712,-0.4688572520795658,-0.0077497747659076395,0.38442828968795933,-0.14772085891846376,-0.05489491994098288,0.271021698962725,4
-1.0848819280403506,0.053686183353701816,-0.7373039568133601,-0.9636022574584711,-0.08968765599450507,-0.11447774041209358,-0.05461978925143007,0.49576344565237523,-0.21961786891633236,0.23196714255789774,-0.08922376830085016,1
1.360651448368856,2.7252283222743214,0.477496008964127,-0.9116567952878639,0.6434355066902182,0.42433652101106945,0.5323247471885759,0.3801166353809241,0.2377428222464441,0.34923226946421376,0.1785857780079279,7
0.41424002826127293,2.7294658824910796,0.4888008142365317,-0.28781848528601506,0.6502089337579984,0.49434916009258173,0.09230977049573534,0.22187857132771094,-0.23795934743329555,0.48084126194610216,0.1955901169435478,7
-1.0182018209892787,1.251842372700438,-0.06384904869356366,0.2604102807757543,-0.3214589623806469,0.03797155557250528,-0.18118519323636267,0.5197575433479104,0.42348358136472214,-0.265712422984773,-0.10175939574697339,3
0.5187252075256095,-0.9642863743236406,-0.6625102236013807,0.5042608286569199,-0.07371455366222318,0.30476889875746294,-0.08271696508870562,-0.87424847378844,-0.23738161768972305,-0.07771501601568012,-0.336548237577203,5
-1.1778851637323977,-0.1426133205711658,-0.47061403977798144,-0.9367159594959533,-0.059236426758223465,-0.5192596358386702,-0.2994126151021868,-0.40099197373493556,0.38867098708921,0.18732231767630164,-0.21642345195421286,1
2.196433510802125,-0.06427820348011423,1.0176483795728977,0.5521366036952992,-0.9871855434926988,-0.4134942741074773,-0.2808776704913157,0.37765195154253967,-0.3801791054118803,-0.02084748497781701,-0.23599809869187163,0
2.067472908510587,0.11168256230220236,0.7701910532537761,0.7903920872783226,-0.9976580540073031,-0.5879866329464633,-0.06119472474883584,0.1866091982905575,-0.12363662221807807,-0.4496726872541171,-0.10492815799760603,0
-1.5166139067559057,0.07584633615329238,0.0524619053604968,-0.5479605084036774,-0.4672018531042474,-0.3700844162150862,0.05639688423527274,0.18036618482480177,-0.7335510471847236,-0.13915907496532814,0.2153832976185816,2
-1.3377736888391971,-0.06521379283384095,-0.08327124927144411,-0.059532988252835504,0.10703321800620608,-0.24210951790930782,0.8602346361800521,0.4979866283487861,-0.041618620304501634,-0.04379338848522163,-0.3007792661319246,2
0.43417209542798524,2.7690301488827527,0.5824633694621582,-0.28394971448407524,0.8057168253488158,0.3037801145549341,0.5242342331063262,0.14660874649789787,-0.43935299700541863,0.48075406177192626,0.15889975584149155,7
-0.731512729392872,1.3738068813734148,-0.09559340828909348,1.1115925416068067,-0.19806557609872127,-0.024020451830412685,-0.32981377906359305,0.3338033483506022,0.16602808441962308,0.26360627270790704,0.09103728032168049,8
-1.1412841942696044,-0.6749247385892252,-0.06900198968578979,-0.3472034391851835,-0.04883506866684925,-0.7263314985297067,0.4046496973031493,1.1992767595233549,-0.1432322790008984,0.027814878086287412,0.3308129082963976,2
1.4152321175537348,0.7404690057559193,0.3182853311382947,1.4003371307950245,-0.9003273466344415,-0.2341571146278167,-0.27165846847768266,0.3393146943018106,0.1826146754245425,-0.4735186118001863,0.06738747985683767,0
-0.9972501203451639,0.42818997241999296,-1.1093785932887956,-0.8277501372283308,0.7406821231339001,-0.3332201523671453,0.05089905640620391,0.07059783853386956,0.6988153973256276,-0.5188911715057947,-0.5897315541633333,1
-1.4433042217143959,-0.2537010114119768,0.0002773534719829635,-0.4465176622835838,-0.27272988916860835,-0.6800497252331437,0.37392858687647096,0.5426350024310398,-0.5217536487684956,-0.00026503408845812617,0.19138664121671423,2
0.541283304827278,-1.985168588787954,-0.5661973548672822,0.16269864974877404,0.45643800988632693,1.2098156522779018,0.3708906214625777,-0.12915696468133037,0.45046849538311834,0.4099619622026679,-0.20137457534145023,6
-0.856411894621839,-0.8345980479458429,1.4729017253070507,0.2384448709780532,-0.19784798567072143,0.7026785881262065,0.01424011354299323,0.3366194345750692,0.4621278349746813,-0.6872234627120919,-0.35147996264160614,3
-1.361317392393342,0.19116905437293757,0.3389514216146606,-0.5040627218958553,-0.4725869736549802,0.013372338450368306,-0.33775150598962855,-0.26650420115956713,-0.010812920478825965,-0.6197311842209731,-0.05020006613535365,3
0.4633423027567935,2.3534418525773706,-0.17371582198266688,-0.11809712571600844,0.07535935650166248,0.3670957171591523,0.10879161788449249,-0.24084448704464384,0.5179181091010442,0.4336046123430054,0.46400349574963773,7
-1.3688445267794083,0.5708811902107674,0.34136720595541903,-0.004862976876975241,-0.5577677038738893,-0.22385023944280372,-0.17192184375845465,-0.5173032351381777,-0.4823503270917102,-0.45974261078549244,-0.38984244522417305,3
-1.3619439710600862,-0.7650377529818322,0.9425941459878387,-0.28581565876741727,-0.42971207978549764,0.8591185548840374,0.13641093459024875,-0.4132153732015876,-0.2303686863110098,-0.41668431019307245,-0.20101114858830732,3
2.9951689530466945,-1.084294855043159,-0.9656819973197764,-0.04150796625647574,-0.5627077925402809,-0.289082129202908,0.28893911755414975,0.48579680447255874,0.784016760662456,-0.9111173016317433,-0.23605454225666253,4
-0.017660504720874094,-1.5277231244867464,-0.5727301563711747,0.2426476610834446,1.2671531825184623,1.1055218366840363,-0.2765455846398863,0.050461754475673345,0.08182858812119588,0.047827416678470076,-0.0035200393435767343,6
0.5410769749193663,-1.831074942880176,-0.9528383726366056,0.23327730736148589,0.7827033577064244,0.8606624569820288,-0.1099544965359348,-0.04351234849027142,-0.3714643604010852,0.20544730915235027,0.23101793640082155,6
0.720426932125919,-1.6782842679330703,-1.1716985586644266,0.060207134020108626,0.6345942052492383,0.6235377236808782,-0.30650077415292026,0.11002992259823265,-0.34186470873928704,0.012655882245588489,0.31335561193978567,6
3.411622833754073,0.24745452892058223,-0.22877090394012523,-0.9956038828817914,0.43534458232045536,-0.726410548807228,0.24063356131212274,-0.5861577778539736,-0.358741459240165,-0.44472308645818776,-0.2035301057995628,4
-0.24120585845068196,-0.3076682488302717,2.1088862177326204,-0.6919977231120829,0.237988848939954,0.03236110458676483,0.7082978461645663,-0.26853193448767765,-0.06649480437835854,0.36948326193727193,0.2636690844044148,9
-0.6870890630577783,-0.3133133108995555,-0.7779427772973596,-0.49394002904225986,0.0864363071880466,-0.6041922137427038,-0.11057903690547297,0.5351678789042613,0.04827559905336054,0.7138854891534088,-0.40551967786229404,1
0.7997549768207066,-0.06913994100026949,-0.7867233103603716,1.2644015503529602,-0.29345712084780207,-0.7152212561096546,-0.05379639276969273,0.020258205956716024,-0.2291182087784452,-0.36379188815772967,-0.18811368512745666,5
1.998101483367938,0.9252736540871126,0.6844324949910894,1.1282340865012974,-0.3461201805006307,-0.6303894400540072,0.22937445333796286,0.10419921554590009,0.22433517058431274,-0.641797765556919,0.12741772368205875,0
0.3511890419308374,0.3298476397472557,2.0478438404673462,-0.5256514439520484,0.39923931996022566,0.020951988898945253,0.009406041702324825,-0.9708444074042284,-0.7132346950564938,0.556807548726697,-0.10951833848188827,9
-0.6200738126189226,-0.6293648492044706,0.030500910682823224,0.6863373513614671,0.1848698376693581,-0.49723812336787643,-0.532981826193858,-1.0381416601740165,-0.4943121109275878,0.2457040562667497,-0.18966203321336142,5
-1.4999141454806089,-0.280158322375462,0.01812732390056987,-0.6238295932497548,-0.3543587884459091,-0.4644649131057934,0.18782888778011161,0.4376901545502495,-0.6883815118967974,-0.0533422569852344,0.47695033985156904,2
-0.8147411333624032,1.450731787141371,-0.3801083077101325,0.6543547466490925,-0.008299162702800572,0.2932382682851464,-0.2884082227303673,0.10047192224405935,0.08495727968805969,-0.2702023979901338,-0.15118565003993378,8
-1.3505669793027129,-0.162433029893009,0.12452813168510342,-0.39752001076104715,-0.433486755068263,-0.26717451652306523,-0.2869724073796825,0.1770864745365815,-1.2537168950760937,-0.26203940815351584,0.36296785897510264,2
1.4563023941690831,1.2970426893302713,0.8266925879363909,1.1339606217372775,-0.4209543170757099,-0.20941289063137278,-0.1232494686979901,0.33053191300767715,0.16918880602181008,-0.7657630539078346,0.10042632003214794,0
1.2159448378397766,0.7695356223410273,0.942584990001191,1.1188491832077156,-0.48557438916400925,-0.1344669966665961,-0.3427229900734142,0.2439244196372851,0.16110509043262045,-0.4580062849912787,-0.032798573095269457,0
-1.1207979413836977,0.2390990110936,-0.9272540696477808,-1.0976311653074757,0.2550435243756506,-0.3260943080030016,0.06362326262165253,0.29247499933588855,0.20380648243956628,-0.1933853978205471,-0.7259023074388774,1
0.710995660774684,2.619696931790447,0.2941120499655455,-0.22826416770306684,0.39208523887789615,0.36603269472992206,0.36211468726064977,0.0507111481114188,-0.18722714072294416,0.5527630881018479,0.3084109527949922,7
-0.058860343652935035,-1.450392142838764,-0.47094044175220406,0.33226127535602246,1.0046723614955495,0.9875335215309192,-0.2757478016437552,-0.27687350308421604,0.09869428308045956,0.3428783803625499,-0.0850818991555407,6
-1.5665231426786856,0.2148120359870168,0.46628093078070715,-0.3841411624645907,-0.7965661463827959,-0.3818403966684438,-0.04215407847213264,-0.45252413718591217,-0.5648098045433431,-0.2861274018212249,-0.24196092040043482,3
-1.272122935027947,-0.44971428475754877,0.14845621477902582,-0.5966134297248814,-0.21164410788021665,-0.46203641824759345,-0.1227323797518761,0.6261936081510262,-0.08256527407876996,-0.34966161874338936,0.2745031749071634,2
-1.3331705434771373,0.5004422913171594,-0.320430674876581,-0.4199728752969512,-0.277763719402349,-0.5313274603460787,0.2179851645843675,-0.11343999426506261,-0.10511994230042788,0.21597399106465745,-0.364766116010984,1
1.0212248075622257,2.525707549884736,0.2572835774697475,-0.38226975640674915,1.0458246381306284,-0.1461503746921056,0.9583578705954556,0.19604953535629394,0.43042051543064563,0.7852176301869777,0.3912551699497841,7
3.068905677325134,-0.11147936746801397,-0.40608428637607547,-1.240322453361062,0.6863388365464731,-0.7271179974931486,-0.06220552389059369,-0.0006257026423887748,-0.2046744383950116,-0.10323990586427031,-0.19618899601929915,4
0.16948055426942257,-1.441541197583469,-0.2817187171462311,0.2995626723855235,1.1531853823725846,0.8903639583468328,-0.26762474824237414,0.09647350116097046,0.33109388253662175,0.38446522336452355,-0.05660132127331244,6
-1.4736760687353363,-0.07257733156938194,0.40971781454197875,-0.7109447996350281,-0.6480588366958594,-0.25369824778135147,-0.3517929711389127,-0.39629708737856817,-0.35116178522525265,-0.4889866786847808,-0.061490635846220144,3
-0.7017264862883367,0.17792445644946497,-1.0333164990897645,-0.6687815233770247,0.13635160566803955,-0.2499625145025358,-0.17165372566532547,0.5133850780856285,0.23666095378125532,0.562792209534214,-0.5639181022894034,1
-1.418229023099622,-0.9781227823408094,0.6972908585736004,-0.2554497513117323,-0.18975329904754637,0.6172430111167123,0.5109756560083453,-0.3902553946099547,-0.20160214689984204,-0.27358988200690026,0.2360264479030597,3
-0.7321174058679051,-0.14182852221965334,0.9894465451097396,0.32000218462723284,-0.4176968426154062,-0.4712625135381392,-0.4204645564545477,0.05245915575992518,0.6132254613507572,0.029068691745155997,-0.17937138448068787,9
-0.626506163651992,-0.1163001674012284,-1.1054444197475226,-0.7796865399867947,0.22684578960514398,-0.2580994671263988,-0.2504699083827742,0.5101738601186695,0.26286428004715406,0.6857373475328765,-0.3203974659495095,1
0.1108903227379195,2.282615407693821,0.33773365350216233,-0.06746604238585076,0.7605829467607056,0.07406063781973043,0.6985998636226383,0.08044348357478262,-0.6112747475225213,0.30140661804075236,-0.06877943639036774,7
0.11503215394071192,-1.386806626893362,-0.5650208291068475,0.5092549059483982,1.2579783360689527,1.3624271945040232,-0.15910304467235506,0.2345849053451914,0.4497715459489605,0.47859485225162696,-0.06298210496025446,6
-1.0489279045295705,0.9565568798685768,0.16198492263403536,0.4914227380491445,-0.3662623851475162,-0.11132704185375727,-0.1984272002608898,0.3139619119718261,-0.06888775992398885,-0.39568373351156594,-0.4031699801309762,8
3.062403912518335,-0.32586083060156085,-0.49405539880805843,-0.7692075766846785,-0.03667230349505464,-0.6149124930825061,0.15512044419126653,-0.03679939488980287,-0.4175319975283601,-0.035043129189244626,-0.05877405153418659,4
-1.6028352470758396,-0.5719181583704412,0.4799241764427025,-0.3835941888045652,-0.28810039773362484,0.06089697993479723,0.6957831995640343,-0.4078998204829603,-0.18883623440594288,-0.22015315275754677,-0.1552765397974004,3
-0.1165334553508839,0.1967880632171072,-0.8075395984068084,0.6811639112686204,0.45879238042268194,-0.5081821459105645,-0.09957147219039199,1.2739860762918052,0.7283137283703492,0.7367354608623142,-0.35332191638685306,1
3.2266299586947036,0.24416024003623066,-0.7033348775334336,-0.470498767363374,0.1890968659561528,-0.3661216499967737,0.16534163606325997,0.22706453517181935,0.13060186912387173,-0.2013289819493883,-0.09873603263842583,4
1.0434659345246804,-0.19030481978221653,0.5926325619088836,0.8013173194436672,-0.7544676213593384,-0.25320187749931006,-0.331516376741125,0.4287201882894864,0.3714003986783194,0.0995890440913418,-0.018803449492381833,0
-0.22320806353278003,1.2874476711191667,-0.39435868794239276,2.138540332616808,0.9628579580795952,-0.41921550112734357,-0.10099135981625455,0.5864697466211505,0.6021000090399166,-0.4684652782840109,0.25826404835320027,5
-1.5315515028904865,0.05941152639968889,0.3492559412229164,-0.7337155198767767,-0.722794619435821,-0.31006965159265676,-0.2090666170917768,-0.4016728444232396,-0.38144125426216996,-0.3516783102828719,-0.24506755210410675,3
0.4646548355864442,-1.6082778825073092,-0.820681217901856,0.25950201542364976,0.5091340811772124,0.4572982942370046,-0.3504192769533626,-0.21821013845944592,-0.35271151870948186,0.1537239694047057,0.25126045213151155,6
0.18927931965649472,0.07709191968624471,2.2638781082724275,-0.5210842981809959,0.09819877504337929,-0.35445221826856566,0.14774119787038284,-0.28153550745622724,0.19682858346727142,0.685272316213148,-0.13049880681022596,9
0.46015870678378584,-1.9806018881899683,-0.6719365277134075,0.16075700163954212,0.7287555593945891,1.1714764000583702,0.11291749085562779,-0.059655623887880885,0.14045086009921942,0.30529870152050786,0.014838115013253413,6
-0.13019612293420058,-0.3183586101899111,-0.3208733081053802,1.0915313549383592,0.6040135693076656,-1.059730965061423,-0.38939718143312585,0.8168430856935244,0.29019669286912403,0.21108614163438752,-0.3318664394676592,1
0.6751962997881402,2.4571110523580897,0.5356939570833847,0.151082671958221,-0.041224849573423865,0.04423231489020282,0.46572872287803,0.20417025640262543,0.47520763711817177,0.6680813777156429,0.5710504398188395,7
-0.21994973369931284,0.8870207379309584,-0.14866029178718326,1.8989906223381443,0.6426692584595943,-0.5145749244401707,-0.3944648773494731,0.6112255639257776,0.43375143939099836,-0.31793472857097194,0.07646749136369854,5
2.5399907516106617,-0.35702268446580526,-0.11256325930190475,-0.7562828894548601,0.1924788245015795,-0.6591419283995118,-0.5107061382468427,0.4003729605075133,0.29872023726674346,-0.29505041799081255,-0.2520577712613193,4
4.1188729903052135,0.4022698205779302,0.147220492260083,-0.9833612018249802,0.5924630796990699,-0.7339616572245351,0.5337846504400205,-0.11577968480984975,-0.32602950605265996,-0.24145633488499305,-0.12374088637869261,4
1.008287061487629,2.8839550294267795,1.0929122222677106,-0.5274603844517958,1.232878628724566,0.43486902080897694,0.1495629995326719,-0.3992142171881639,-0.550216702464781,0.05866376644402531,-0.025465676491120096,7
-0.7162281221445805,-0.8729320789981276,-0.003077583389924189,0.11556313705122816,0.22430558173751086,-0.8424442635013717,0.31531857715521966,1.2280370235869245,0.25095201381498133,-0.10367292485964785,-0.20429758288313984,2
-0.8298688146532799,-0.7226913172146067,-0.19205861541734595,0.1763276482242581,0.1213483444273817,-0.9835837995444423,0.048424567027023545,0.49914184207038614,-0.0011401935874189434,0.6360370855655961,0.5773862622918416,8
-1.1209953297179918,-0.7208874031557712,-0.04316726322371095,-0.5289397466576014,-0.04784459401184302,-0.6180650091225428,0.2660095132466869,1.1102923536408176,0.03619999915989253,-0.13211824984064613,0.24493725385693557,2
-1.3812868554632234,-0.16536043688321508,0.22912453977204042,-0.6693929295955166,-0.5790293197948873,-0.3314489703631481,-0.177346017615065,0.6234002768940307,-0.38037716956819106,-0.1330589631317565,0.15786630352737144,2
1.3578075298485393,-0.5277759645041235,-0.8273248312231944,1.2623004223699033,-0.7016560876497216,-0.9742427492319126,0.2904970854668003,0.8479280634996851,-0.11171677672132478,-0.6339724864135691,-0.28539156736564253,5
0.8140053738348476,2.7708997622686495,0.6544574613424496,-0.9166498655135176,1.4686498288485597,0.381453101408316,0.06366423279348828,-0.35245669371055416,0.18073724237293426,-0.04526576563743082,0.08571652059800076,7
-0.19854627290306456,0.2922190603437886,1.566361426107723,-0.15738377351769822,-0.16493070015951422,-0.15813086047459615,-0.05683203794286015,-0.5654646158933536,-0.04662174439888417,0.6691130762330437,-0.15290533235492054,9
-0.2827081826849213,0.15741996980701456,-0.18371309198456334,1.4364076136670894,0.5568563972590718,-0.8184155809542099,-0.5536431961219138,-0.35954596942196027,0.04421782359030958,-0.09482676125780358,-0.18003148959697263,5
2.6282500564132163,-0.7644793293623046,-1.0567873043465381,-0.303425318955564,-0.14726657023616402,-0.4892888688915679,0.006628080715563293,0.19889602600819664,-0.09309704464270363,-0.4425696694066603,-0.28668116113576836,4
-0.7316874261962382,0.5600879565632498,-0.16289833675496965,0.5061262134065243,-0.4188226715021166,-0.33596166493840274,-0.13536806455550227,1.0260538996372228,-0.09094772839257695,0.43933340815268157,-0.2533646351260573,8
-0.9340746809392473,-0.03031243933227009,-0.13670080736650259,-0.20910752732538626,-0.5795868283679138,-0.31913264343436554,-0.24931942824380823,0.29553363831105905,-0.5290514525744101,0.2966621524184824,-0.49531021756064464,8
1.1832802061306054,0.7399267438599292,-1.0208516792540758,1.0847811692168807,-0.02364396740576981,-0.09824742366138974,0.4551105828708539,-0.2446790673270324,-0.04783308971810268,-0.16168481117541952,0.10767220088538677,4
-0.2519831113378437,-0.41742908696372305,2.2775692175571334,-0.35867925340148904,0.04388500838074938,0.06523403888239848,0.6035835617195401,0.04446908597128201,0.2944982793978774,0.32894100195885184,0.02362027558618626,9
1.9888917255463836,1.7072993260901301,0.772070193252516,1.0691408565920042,-0.16904898101590438,-0.24252239413137125,0.27308058924052153,0.09201851214162612,0.48859514335124654,-1.1153962950955687,0.3091001086012431,0
-1.0400170108245468,1.273626288129344,-0.25700182671593963,0.09552266991149626,-0.5799289256510731,0.30924492023176314,-0.10512601738024707,0.5459146832537997,-0.052080452085598215,0.11874857458440494,-0.3208588431667119,8
0.24376662676827443,0.8658871651407377,1.0821513095024529,0.479944314146018,0.5442333249806783,-0.4673711933780882,-0.37346930439565273,-0.4367116385719751,0.04355138917631762,-0.0031753661215622258,-0.10161196390392001,9
-0.9884188015995643,-0.09600246746450031,0.06000370030197973,-0.218027274191447,-0.7162010548462384,-0.4362589767361466,-0.22274402516248235,0.6386091501736422,-0.4886455140134555,0.4575235253525479,-0.4865082512319996,8
1.3829550015221013,-0.8500674168268295,1.701077267768724,0.4004704682267288,0.6408699470722585,0.8744994663219637,-0.11358948298346154,0.37889485316122273,-0.04298078243781874,0.35816072911373426,0.46235696483940164,0
-0.9182297334097539,-0.25772103350098663,0.3444249041121368,-0.5400601959817508,-0.35124857303812884,-0.19928037916088884,-1.1517187473896457,-0.27731508150632006,0.251016433765829,-0.65062409679353,-0.22017282365242666,1
-1.2101064040276446,0.7527961674869016,0.2442187459584047,0.37692041999917203,-0.23775756854225635,0.046603793790972625,-0.29016678342003444,0.047908619451807,-0.4969206600155024,-0.7239178853381114,0.48482264941491976,2
-1.470369229443164,-0.6492692997973114,0.6674126226780154,-0.5269950082089914,-0.37911683939132007,0.741445041642546,0.2737056196539887,-0.5360374471975021,-0.19518342943369427,-0.33803841745897734,-0.2705235799257567,3
2.0991131825807576,-0.6165533140508843,0.17841356588895665,-0.6148508035164444,0.8863337204961189,-0.5466845629783709,-0.4169366815337347,0.5211219938272297,0.4529692822257227,-0.32271201353671514,-0.3487677381337671,4
-0.2277202515875835,-1.2901538939788615,0.4827041098247939,0.7836014412860307,0.503721098595675,0.21631701992099966,0.2558728737684125,-0.8708788613141352,0.24138714671668265,0.3589030441346011,-0.3346179664798076,5
-0.6473775511057175,-1.5933812889019343,-0.6887624565695343,-0.6644183090838236,1.1762644437881524,1.3570930500011908,0.47397337573110954,-0.11714226198969095,0.13177294457632538,0.19049802990010595,-0.24334983661311815,6
0.47545863849957715,2.5078939201005883,-0.08347818180097137,-0.32718762943065166,0.6111359213740398,0.3472276395245677,0.38099185493791693,0.14008188789650025,0.11134575561679222,0.8096094548298768,0.30298560149309967,7
-0.7833483399868243,-0.18325612680472533,-0.2588300858286457,-0.1937353888511918,-0.45544397375497186,-0.398282809335831,-0.6071334042245541,0.12776863883951997,-0.478360309725912,0.875811943990117,-0.1280109121122374,8
0.2918084372185115,-0.6489222961688275,2.6683762820979275,-0.5993657190042636,0.365828922529393,0.7502274781386951,0.8559370883142712,-0.3164963147338892,0.2648827224222168,1.1058852183493295,0.43257004303941476,9
1.5136401183825101,-0.7220771394019493,0.6002025690938512,-0.23022321167440618,-0.3373427605621588,-0.24322082204006215,-0.9047220264804262,0.46371341283906503,0.5097978695796075,-0.10351007148146224,0.029879954442384397,0
-1.0836375425902918,-0.167522893656661,-0.6501375322623634,-0.843123351959198,0.19074350111721242,-0.7173988280559355,-0.10027802486700353,-0.301197145349565,0.5119040254064177,0.21733685919515022,-0.43232819312584625,1
-1.1028445320301052,-0.6829738561452412,0.20152831654499687,-0.43513326760788634,0.21484429805585115,-0.6370389606201203,-0.2063725697777506,0.05849360843796509,0.20678590283411707,-0.9449426613544777,0.25688007067515695,2
-1.2774181919519252,-0.36475698211116653,0.9056170172777399,-0.020564337835537325,-0.4913066668400373,0.38311360611903483,0.10933346358412081,-0.24231823048828025,0.019864520924484225,-0.3684859670479342,-0.6062968038170643,3
2.249043900077547,-0.5003500270145667,0.8996191752798001,-0.7385822815697256,1.4112253807798396,-0.5400721881563318,-0.5125503672836826,0.4915709895590479,0.4985062313661826,-0.06933454969102883,-0.3213350603699971,4
-0.4685252683667131,-0.3829662674841441,-0.16973123346631416,0.7973607754428872,0.701359691670322,0.051161340571404194,-0.28672329720089784,-0.99180276703125,0.2549383446938579,-0.06536044440935163,-0.5351718490001737,5
-0.45759926865802225,-1.670775049315608,-0.668013904111208,-0.39408355326280387,1.265516086955306,1.1779689585044604,0.1952646596011875,-0.07931789974559508,0.046397718383877504,0.09149763225796441,0.009338522836991098,6
-0.6593686668557165,2.2815722567713754,0.25025601690420984,0.6255156790844194,0.13167941772977274,0.49339173219569094,-0.194883022051976,-0.2259514341778458,-0.46837727382481137,-0.7783877857711294,0.0716134072215177,7
-0.8274020727641898,-0.19720797802023904,-0.13407011488202702,-0.03793617295574775,-0.5712437138573804,-0.6872669176438185,-0.13788714326923127,0.5908064384532383,-0.13928750672074244,1.1351474966115913,-0.24965247722844225,8
-0.6214620632666645,-0.3748744313734781,1.3460468199991702,0.28475250229519433,-0.23583123769230585,0.29585665599196287,-0.013848938081026331,0.16943030129224765,0.8683214369847624,0.06344413972130747,-0.04556571764407371,9
1.5765513991588656,-1.046005232890728,1.433312197607752,0.30123515141954926,0.00545132049549233,0.27371259276616583,-0.2656200239368197,0.3855648101760192,-0.18789374561101552,0.30573313140068437,0.2721059563190723,0
0.7250084920270744,0.4678225495271455,-0.47661436099863486,-0.08988197130012678,-1.2883216673105538,0.5705378300325763,-0.5648143163353684,0.08867869141014709,1.5729202639033537,-0.7960761404974102,1.314158576432655,1
-1.1220857686696994,0.613392381485981,0.1304010387407455,0.27457656303240363,-0.007655269141049079,0.023373964436098058,-0.30861208199636403,-0.12938472893426436,-0.2229600619271672,-0.9499233715729385,0.4027823605658513,2
-1.1363621382654823,-1.2348020459358804,0.5317622220296734,0.009135798662568214,0.11342889077968693,0.514977517138886,0.9154569749315696,0.01888877732542226,0.40078574929691024,0.16309607104165236,-0.326426389348641,3
1.3985215423303596,-0.024598881713069447,0.7099840402500373,-0.573441989422251,1.591967694246057,-0.5877580529211092,-0.6876180550093257,0.8818307584586882,0.5344067902646296,-0.22723292960142513,-0.7316543498149081,4
-0.2879677456614994,-0.2863777692802366,-0.3888029544303813,0.7424551371536957,0.28991682818038766,-0.7537509863942861,-0.5729811198795789,-0.9296402438311984,-0.32117195268870763,-0.03435760922837579,-0.23930185140979449,5
-0.016344714678669423,-1.5579778899248418,-0.16664442377258445,-0.11452367826124275,1.2051871282937983,1.0179732850738528,0.17770785359849703,-0.2723223504615115,-0.21013960422849423,0.41148383842263747,-0.1925608206623799,6
-0.467506659946437,2.455181843473647,0.26674736316242087,0.1530817512080069,0.4185271815172664,0.39076987783665057,0.12892531229731888,0.05147557498684409,-0.2513959196469517,-0.4779126365802408,0.0969969233691849,7
-0.6813145195311753,0.67879593784059,-0.14937623112030757,0.40832398427088723,-0.6923936388007442,0.0067584511860473186,-0.4060994218436604,0.48385259001099895,-0.39306966851186875,0.8305590297250937,-0.3818527864313034,8
0.19818844095751187,-0.10000204616660395,1.9737239531926345,-0.08075133989763292,0.3108392742755542,0.187856274097721,-0.11266637951707344,-0.29098075361202996,0.5241531874707086,0.3157125640011546,-0.29644864819712263,9
2.473050398212196,-1.1387968248248828,1.9200170913855155,0.2313982072895178,-0.248462742128077,0.7236143026800341,0.8596233816281547,0.08973553291003711,-0.19210827804041086,0.19746584612182405,0.07117435897498936,0
0.18423284561516118,0.010392025330948337,2.2857694758865863,-0.22150009419898195,0.0006891461964667814,-0.04002212554411577,-0.040426132893128554,-0.19892011443064583,0.43118190417149976,0.6311372500599083,-0.1558664617657514,9
-0.049697438363508546,-0.6775019601842226,-0.4330113994211863,0.6867832754556087,-0.006070803812278299,-0.8632636317611947,-0.192965978858151,-1.1066394855485926,-0.3972356306108967,0.07287575468430114,-0.1490465650849381,5
-0.20610371603355646,-0.5733128522006403,-0.3363270302453519,0.6570573910893136,-0.0080681338112324,-0.8529180261262338,-0.4777106516271789,-1.000062816718402,-0.5075053268604784,0.14169551158989402,-0.056360812537116944,5
-0.20035999472685365,-1.7878258343976996,-0.4302061427978322,0.18699472994342578,1.1412233922658404,1.2076791206683992,0.16646463230728525,-0.050977240856388994,-0.07127508995744918,0.4680489331927523,-0.24620353496582723,6
-0.6969223639421996,0.9229895145394326,-0.4267399543879026,0.9051476220353674,0.4651524094228544,-0.3520938104747389,-0.18920646303837332,-0.7197085363395929,0.867666076645353,0.015887309645539666,-0.15360928370792715,5
1.0242573434982483,-0.05676398557904653,1.064407859118155,0.14836042039555394,0.0024993066318513674,-0.30219800598840507,-1.112602330945273,0.7862454523486893,-0.3273901314431571,0.34932235964760927,-0.4101100083848288,0
-0.2808515305513767,-0.10926540572633556,1.569661016567841,-0.12115186780779032,-0.019493835770594107,-0.22959392204587017,0.2298600766675404,0.07782682215222189,0.6172234614391668,0.39179429126530213,-1.0793809900130847e-05,9
-1.0766446420446634,0.3795084075872669,-0.12118252626424865,-0.3108073492815162,-0.7839484245413795,-0.08077887062037678,-0.20094769313703686,0.34111728362644084,-0.9059892834661492,0.2988498242605666,-0.73062620237959,8
-0.553887380879357,-0.38908725456786514,0.8977239523376431,0.3179149691003742,-0.35555752996992745,-0.3138707359759328,-0.6485699460542418,-0.17712135678787627,0.1745060983193734,0.08857710863274094,-0.44748525524282073,9
-0.9530629957350207,0.11498718737689491,-0.3076036052149459,-0.5094927708181847,-0.43148844364208705,-0.19871305197798553,-0.4786803205647661,0.3088627122755702,-0.4736638990582517,0.28537075516268107,-0.5001496189904686,8
2.8759937093336165,-0.37389932099138,0.5187795070274184,-0.6684097035381158,0.7874458841377908,-0.468157952602931,-0.23024689034517237,0.4638130852126618,0.36916098764419975,-0.14354254064813415,-0.14712299158731335,4
-0.8121255165623845,-0.19934557766152478,-0.9854269596760956,-0.8897014984080571,0.7377562602461923,-0.5956595855810748,-0.16167831181693898,0.3705400457769114,0.581998338124804,-0.434446088883746,-0.6846270574353692,1
-1.1967022215270142,1.8271375112112178,0.005671713006894319,0.7779889659748394,-0.3067832908899826,0.4871967556887442,-0.07725527193283394,-0.2027906039209773,-0.4186232020677113,-0.6484942003750551,-0.040418919872809815,7
-0.12818663279150927,2.6539377411614007,0.6724646556456678,-0.0871524051426975,0.6935424392818665,0.26569566607647216,0.3753648322353963,-0.2508903984573136,-0.39892743946203296,-0.40389611876048975,0.07467252868503986,7
-1.608726981305352,-0.9595410891122714,1.0524510833844816,-0.2606587241574326,-0.4759819888637928,1.0573330012468307,0.7429009042144824,-0.47433039094404805,-0.3636612813604067,-0.14950547615097368,0.06976383307902445,3
-0.5047823732304307,-0.5729818468809859,-0.2209936730570732,0.7458542457780598,0.4027195011202802,-0.9866841081188793,-0.5457767667074884,-0.8839069993293396,-0.49704426029820775,0.0947171056181652,-0.2555327858666559,5
-1.1781034975989846,-0.19044435371847723,-0.9940371020999927,-1.4073163515650329,0.5146936139959836,-0.4827591606251624,0.06584257838263996,0.22247806256306255,0.359642980647636,-0.4098680585616108,-0.56790063856589,1
2.2118503692002687,-0.5247912640465767,1.5226217872218895,0.15428682222102275,-0.16593249560680998,0.29785529733681787,-0.16683187456892187,0.23446891904398207,-0.09452531350588975,0.07143884623603637,-0.318597118114022,0
2.173202729375876,-0.6323900667972349,1.580096127049438,0.2501211757433641,-0.2514639673192964,0.004774672214562006,-0.08396935346070575,0.2075086047962955,-0.21986004622597707,0.27129014414964053,-0.1842336450840277,0
-1.0782733424783024,0.40854827686669126,0.5990120146682157,0.5126137018950847,-0.4056910395601946,-0.14845312475130237,-0.6063739033050033,-0.11765912940429202,-0.6462272997639861,-0.8841664330009714,0.1126745873894751,2
0.14564628739664245,0.3023689807230485,2.07650403720504,-0.08886395410948492,0.34737787151828275,-0.6422915113478299,-0.5095780003427829,0.16610837581418494,-0.7402288794497324,-0.8706744277438608,0.41239832044699826,2
-0.8900852689585466,2.292677104234739,-0.23039411391534811,0.39128545454896774,-0.1070033351942808,0.5402460635152216,0.22886212986657223,0.2851780539465258,-0.39753038173923544,-0.1264562553430309,0.06993759212299865,7
-0.9455049555798228,0.11029756229491627,0.0462776626921196,-0.009061426207982178,-0.7766147892628932,-0.4925104041607616,-0.34250773673086715,0.3349995486373435,-0.317272836247453,0.8913778996998841,-0.3503084404773204,8
-0.7611850028316968,0.41679265622479106,0.537978560454628,-0.08430671343916103,-0.06197484428876132,0.048601969116871924,-0.8377577751151042,0.19599130229059405,0.2843128832848295,-1.1635875459254026,0.15879932809524475,2
2.4279340627800376,-0.04330059335654232,1.6010679376617902,0.28075193008468646,-0.5685450362761668,-0.18405350170163223,-0.08692348957881255,0.31739184932551334,-0.35959704021591665,0.3205343114519061,-0.07143989700258119,0
-0.4071746108019782,-0.4112152204217785,-0.33837713604060876,-1.0434719340786907,-0.6961211791561237,-0.07562810638293598,-0.7739043066409209,-0.55101170241605,0.9847548103665411,0.01314136158938693,0.5058124903517491,1
-1.006947559711392,-0.39820696206712713,0.9766515719863534,0.047323751081660474,-0.41306041298705803,-0.48712752777010515,-0.618226093884156,-0.08620031552327218,-0.624380197950123,-0.641464545759617,0.5407154566077318,2
0.52740209971497,-1.7089289499564686,-0.7927363895931246,0.08836046446080524,0.58970016282884,0.6103209473677501,-0.2047104694081963,0.22235728843300717,0.33760021488248426,0.32350035214985684,0.01636230109987602,6
-1.449489892141608,-0.06805054880045025,0.25854682347071845,-0.4767577085359803,-0.5614347617546157,-0.4434488310459643,-0.054321632516478674,-0.3439332975932323,-0.5471510181057996,-0.31876764246042233,-0.3250310972769902,3
-1.363134735964665,-0.3662554594510721,1.0918668717988491,-0.21046094362288398,-0.5790091042334838,-0.030286349080507976,0.5575233895513927,-0.003527496869089328,0.11848454871615667,-0.11724257025136078,-0.45671600499595416,3
1.735799584166877,2.925753830709743,0.6716520322985231,-0.6667802929363572,-0.015716117825697238,0.16436787854223078,0.8059123808932009,-0.5540260913822734,-0.08793308503958013,0.7290867152157354,0.7352981699083919,7
-1.33938641987413,-0.9859285070903797,1.3749249765889708,-0.1105165123935944,-0.34981130989993947,1.1908365404613073,0.7496684136706427,-0.3156505948523302,-0.27936430963747627,-0.11529877584294464,-0.12139339468060809,3
-1.446419457363276,-1.1412596683948122,1.4197194623438982,0.07387096635164482,-0.4805250969530594,1.1738200380506911,0.6845196179315802,-0.20981556400230744,-0.05378641171001925,-0.1935480125663478,-0.0818862305892627,3
2.2555702186240483,-0.8622976061787492,0.1438066652631538,-0.6646460008134388,0.7429868516258207,-0.3197958197461409,-0.20368348109845813,0.8481023217165612,0.5423940689219915,-0.15007667626128104,-0.0019258986725277673,4
-0.04354265660932686,-1.4644552844123575,-0.500342314164567,0.156881053658999,0.6175351520119018,0.44684472257969,-0.12088858994637339,0.15590576346085297,0.11103471580818464,0.5982708952875471,-0.0456615555551208,6
-0.0032180683109677994,-1.6711407888919219,-0.5063596831795882,0.15668101801736944,0.7576661756111401,0.8247549886162828,0.13794063625923983,0.061548613826883584,0.31797981512308804,0.8266868489989834,-0.1972914658797467,6
0.013567429968994366,-1.5674986710199679,-0.8012472650207307,-0.030673596549443367,0.864241163071254,0.7168809842935061,-0.1960155024846014,-0.26051374940049016,-0.2079975194229433,0.3742657301983942,-0.021666222267410502,6
2.787715663716658,0.5069146670038681,-0.03204441841657715,-0.4923509661257638,1.170377016545572,-0.2407846867406464,-0.1878782534970354,0.5229557599441084,0.14096179405383147,-0.008567448348248413,-0.22214905129260978,4
-0.5195863594343493,-0.4013815567282102,1.609862137546032,-0.5659921239129135,-0.0029947035572469396,0.547355806192223,-0.2386636699746913,0.19230426538652734,0.6773667081145174,-0.46315502526753877,0.2130871773474805,9
-1.134865484745642,-0.23334219223732192,-0.7481245064904954,-1.4150388798204765,0.21197467189136024,-0.2788853599906149,-0.1795069787859644,0.5206160693248745,0.34644847837316894,-0.32187115170320446,-0.36529777612865993,1
0.12334100222397051,-1.148528980146185,-0.37033008495027814,0.6036372248285945,0.06874171904568631,-0.20801530262429346,0.05638954645491495,-1.1385222406616229,-0.31421577044313037,-0.09726874866871311,0.1387541351864052,5
1.266887690166176,0.03244927773754344,0.5535984708791585,0.6031457291622062,-0.3972186809065194,-0.33330751317625607,-1.0778695479558353,0.35703684478662,0.29261397274183787,-0.07218656815988807,-0.17523161321369313,0
-0.8795553735645345,-0.5886766550222029,1.058325572780605,0.2998541569660445,-0.6264645865592945,-0.4870521041956772,-0.7142531697806386,0.1257150508730738,0.5416663702916545,-0.06155777277793978,0.19404280308971594,9
0.11230708196197395,-0.8027251672948157,-0.6896671903578444,0.6749065905996771,0.40534773072709673,-0.1300379197708451,-0.22170398905350455,-0.4083774966066077,-0.5496603284640754,0.12257664738788447,-0.12598192707784084,5
-1.3446996767009984,0.4858599947495813,-0.19225613925515733,0.02903912349584499,0.08941829493040995,-0.41146556641001336,0.4040673806100722,-0.11859388232422194,-0.29793779081612587,-0.5214374002912495,0.16102677162924653,2
-0.9311263687173351,-0.397738826118858,-0.29374350070648014,-0.44522039402632063,-0.3211649872057131,-0.4259093405514188,-0.3732700655967034,0.12113635508936778,-0.2447719781573171,0.8443513560236067,0.38676517370411234,8
-0.08679995931286555,0.07316214003684886,1.5004840098638994,-0.16282178544697204,0.23614496008779015,-0.27848153687103017,-0.909326554346055,0.2596209677672894,-0.19141939393299623,-1.0969848723575497,0.07547570778505878,2
1.9446144860172416,0.25800745753657944,1.1397311815561515,0.8737971361750103,-0.5814209646694274,-0.01790190702143707,0.013054660360942733,0.23916484668484875,-0.08737388506760824,-0.19456324308335168,-0.12364538558507027,0
1.580187322020189,-0.7890383588133991,1.4725724843419314,0.27913267030405214,-0.4918653395595959,0.1050171374192509,0.1803800804384168,0.359884876924564,-0.4432298203615713,-0.07398911560004427,0.009553022763505272,0
-0.8459567143554325,-0.38275763343958225,-0.5380460190171654,-1.1808522407881776,-0.16794614018703294,-0.3162533691296457,-0.6125585488965434,-0.7424204742481992,0.8512617058886383,0.18173690578869314,0.09050876746680082,1
1.0568620231154828,2.841473310963739,0.6601353791713459,-0.4017686450135571,0.2990898340274951,0.3755207186484096,0.4791397264835894,-0.24292966704173397,-0.35003459520013996,0.4335132842073172,0.34211201941357455,7
-0.07038209317484294,-0.9014791563934125,-0.7436522767346221,0.137074742397199,1.2342823249096742,1.2393529618017924,-0.18247857250429972,-0.08381522462700752,0.3580763974086003,-0.13274810234037648,-0.8534784732785872,6
-1.521623294580932,-0.7832261026652373,0.7893209555519659,-0.19394021570820225,-0.3703154224091462,0.576047900483415,0.4735303684006495,-0.4942820838833958,-0.49488727806641086,-0.24011232542990857,0.10888425670626459,3
-1.2824107404446043,0.029588558944261798,-0.12381550215483955,0.0967565102990353,0.1828681730889565,-0.6342685236303989,0.3640916771909502,-0.2820236890279241,-0.2949314879906946,-0.3188964217982668,0.3942650165479943,2
-1.3110727086709788,-0.3460708509850751,-0.8349242589420023,-1.4294101063156721,0.5153740913742759,-0.45845451955186606,0.0998621585595857,0.10373762000361722,0.3206987018153815,-0.4956180195954432,-0.03197717977153854,1
-0.6098605347655897,1.8668783121684365,-1.0121457093575295,0.4083960968321006,0.8047196954626604,0.04079620716725948,0.9688880912825556,0.7012326777575333,0.18126399758825892,0.11733265178056133,-0.018060385317474278,7
2.8416249268651126,-0.08013916540815091,-0.002911460140832571,-0.8988129825815165,0.41228104916301556,-0.5652211905618852,-0.37513914306529245,0.09736518319263478,-0.025936689418976453,-0.1593813821885366,-0.23130790374323948,4
-0.03982848950491187,-1.7000605788676852,-0.5796487825838701,-0.22673552622313178,1.3036439510730864,1.2690716070140562,0.050940713785966756,-0.013588062483124008,-0.14657715137914895,0.5132577948568595,-0.11427808766100266,6
-1.4875164982279008,0.16505991563772165,0.2882094224915098,-0.3272359064986043,-0.5594093203937505,-0.598945878095318,0.13452059865891364,-0.2879178806539244,-0.27490230977512947,-0.35087665425890935,-0.4528931297331753,3
-1.1597856493505643,0.39588187093868166,-0.891659575382619,-0.9824799841941664,0.48800274974601887,-0.3701306782581898,0.15631410612726257,0.1497647460258598,0.6878913047068592,-0.5078725717178019,-0.6505724651729591,1
-1.4410929342623617,-1.1662586595447557,0.7245582305354262,-0.07799169316865047,0.10618557510879842,0.827991075890559,1.105561565537782,-0.45863854956270433,-0.10488156641965447,-0.20396193610701877,-0.24523194861858305,3
0.08094787995883153,-0.5043449047513082,2.4409366774461057,-0.5764128050945103,0.22293765701298676,0.4904609851642037,0.671614941151578,0.046648767195049255,0.03540281857588455,0.8414091380855528,0.35699197890784456,9
-1.115375891938823,-0.48025506439221555,-0.8702302704086904,-1.0656401187794051,0.6754989599090221,-0.6124276490404733,0.05956218417442527,0.1461654294329527,0.23816178472509675,-0.377042184027711,0.03915102149192023,1
-0.6478973575981666,1.2525555090699234,-0.0006489328002539994,0.11999947830500686,-0.24619239579505314,0.22328880937805023,-0.2975852691352547,0.26455801862680967,-0.9927995755899822,-0.0665787162231463,-0.36599357772679203,7
-0.33430042766564316,-1.7014069533387306,-0.4497953091780766,-0.3629451819877138,1.146664200052772,1.1904930897869928,-0.0007791854098287677,0.006711232293161681,0.2894541168862653,-0.17177521145498328,-0.3152748009248556,6
-1.2217531524090652,0.870376941399341,-0.13340985814812395,0.134989600272805,-0.46121015399151033,-0.22266231203688894,0.3141845917217662,0.46461298176819144,-0.2500155353445349,-0.02980671997885205,-0.39787669763745287,8
2.517724653438348,-0.3712635214751693,0.5011655774259544,-0.542178709790089,0.9673424978516884,0.2613443574991917,0.030436447638850863,0.6628590613070291,0.5739852213770333,-0.23787263378241827,0.06427966443068046,4
-1.474024804528018,-0.8878269940309909,1.1111490659595182,-0.0027607508689508255,-0.426578498517864,0.6674974301704256,0.8057107069909543,-0.16178617120177674,0.08268741456021642,-0.14187839889512477,-0.3582608480065635,3
-0.7192879360999024,0.03926002365413452,-0.9099647406559294,-0.43259208659641324,0.48116903858819027,-0.5885161834109693,0.07020810594794306,0.6311655975780173,0.604847664572628,0.1694923712455245,-0.6163417629542004,1
3.3888367314038783,-0.06077563922583894,-0.6330265978490687,-0.8496571257441107,0.10950871878926248,-0.779590593523961,0.22948907819234013,-0.21928704754675016,-0.21964557178381403,-0.25974345100536234,-0.16609801595470322,4
1.2020731299683842,-0.9197374145918348,0.9222437906294627,0.7517517673827744,-0.4048715755838753,-0.2224709843474146,-0.4410976401698656,0.45334185377963215,-0.23354160944690391,0.3308572774801005,0.013314827341555252,0
-0.03026024134277814,-0.35848574203431377,-0.7714993207094402,0.2895288336448751,0.8984107542804197,-0.5353647733549824,-1.1475491453267679,-0.5014531303864322,0.33385096692353033,-0.2997878076633544,-0.5796713011080029,5
-1.5939604617469376,-0.8542084715463373,0.8546233684045443,-0.357684668918678,-0.4034558587292086,0.9579330283108881,0.7028537230346728,-0.5730644182372814,-0.3933573794783682,-0.17316362440047736,-0.06491133223675088,3
0.14093647902466055,-1.2661657618566622,-0.18745894825853146,0.13865056248494612,1.142469010212542,1.0009262308307914,-0.08733718556377694,0.49073642208866064,1.0403094987715242,0.4563731822376041,-0.7704142730184188,6
0.2226235501762791,0.315881597228115,2.103341392668918,-0.31318692878147486,-0.11447472315634369,-0.7143055772179522,-0.37488562098232714,0.07830895996040294,0.4206299235649784,0.45251987193659904,0.020240518930528018,9
0.632032147683624,-1.691062564596407,-0.25407887556288633,0.261936685621007,0.4243216733733181,1.0122408288762479,0.8122424226353967,-0.5331437585412221,-0.17444669913052657,0.7811437062159452,-0.27101638677497275,6
-0.5988078150984555,-0.28629195302593674,-0.8566661143359006,-0.4182457309526643,0.6113310750388204,-0.7278919263594572,-0.189956027149755,0.5703347284325867,0.49395695967828895,-0.030737272977058555,-0.6825661798237924,1
0.4326946138564808,2.2959222420290986,-0.5322308532013031,0.12087602193716913,-0.3416866734890749,0.33100788536867554,1.0758443588785433,0.2902592798330082,-0.40410358286761167,0.0732389174416013,0.20220078389675003,7
-0.5945780634332999,0.4010377939713855,-0.515115552232008,0.7437358706194951,0.6796578205153282,-0.5308210823861662,-0.4065101385035466,-0.8646888233715972,0.22177825291402278,-0.37277016522405654,-0.3519570022804363,5
2.223981956878773,-1.4663958542676971,-1.514936214952564,-0.4159671428103811,-0.38639809685224497,0.20585682611504547,0.15690685448926578,-0.14198876627498805,0.1405320753678524,-0.600968318525671,0.3252393823788421,4
2.2894910119278595,-1.2825421019011785,-1.6383089625591392,-0.3483963310403386,-0.36169206302793544,-0.010719558196836839,-0.05651632756797686,-0.20328470692094477,-0.024761225860671334,-0.6972572932022312,0.1585963646366288,4
0.5185067689729964,1.790342458910817,1.106954114489199,-0.5731307756844846,0.3826846892065169,0.08083706354676437,-0.06113510601340334,0.0838240605262872,-1.2171268480445765,0.27815777808634073,-0.32747769785543773,7
-0.8564966568796656,-0.753754207741079,0.9082330576973251,0.5115342181132819,-0.1459946976260562,-0.7189747222559651,-0.7161625332439966,0.18848902281946647,-0.18718442973396737,-0.8759840843345542,0.5064994374130031,2
-1.1952178945521252,0.7156194400707595,-0.09787812569803653,-0.3669930203382964,-0.7186087482373255,0.07212191136265597,-0.10800906149914227,0.404603072626673,-0.33518333948912826,0.019385155909046395,-0.5300593211284667,8
-1.280758373542284,0.5315186110823935,0.07318453189152688,0.35118025440128553,0.06693098767568267,-0.2723634296851986,0.2876151192724012,0.09136057768040401,-0.19794948269019708,-0.6831005717404712,0.6230703522143801,2
-1.2836953855199675,-0.503249611541056,0.3020991427929174,-0.10842944427875664,-0.15477108369408452,-0.6833683883763363,-0.06555017969903743,-0.27950613509489025,-0.48112798799734385,-0.2909015608225346,0.5318951924717539,2
0.05455983947878239,-1.634188240761539,-0.19535992867865806,0.350234095910655,0.47578742811388514,0.6374276191503394,0.025527106423549332,-1.074527887355676,0.13557275919786124,-0.12728963187469045,0.22947028820214146,5
0.5957701302264586,3.032336579075643,1.3315742566643556,-0.6362886865247046,0.9668541674665493,0.24226925659167342,0.5712079747764827,-0.32051115514243794,-0.4849781595323836,0.0371555445511388,0.10420581857700649,7
0.36719452400181535,0.6819336333741705,1.8542566134947784,-0.25018055923654975,0.20797903339662133,0.11471647811084287,-0.4429575975020443,-0.191366623467608,0.5956022090212645,0.30702612615998726,-0.18093455029633368,9
-0.7872959275705065,0.9888650515329864,-0.16302521057614286,1.3877073174418717,0.46354059258594094,-0.6093603542050222,0.3036882258521002,-0.3984901747485317,0.7573623594799583,-0.07623102531585406,-0.1308390299328712,5
2.4983114615943434,-1.0701429261101174,-1.7438974709445851,-0.31188470729942824,-0.7288529577521924,-0.02674117596477943,0.3094865846226577,-0.7715901119913712,0.1725720670206861,-0.7190413633816553,-0.0045990554575787,4
-0.9203310027117916,0.77151824197609,-0.4543394561808957,-0.10402325620720244,-0.43975356473710414,0.020417529656054024,-0.2342760740471454,0.544716725810569,-0.32045253808261165,0.4762963872674458,-0.3679998951003544,8
-0.6136416551738141,-0.045837746375101504,0.012449926483904151,0.20550523405983093,-0.7745485033564932,-0.5232966183981538,-0.39667405939820377,0.8689533706978354,-0.08660964678034937,1.1743193235766003,-0.46300457658769156,8
3.070441872895595,-0.2121639480651464,-0.09873375078378141,-0.6231204872919927,0.49412912248002255,-0.8429790449230048,-0.16589420380633504,0.4875379150899422,0.1609397889996115,-0.1844315840477855,-0.13994546290105553,4
0.38869057085978065,-0.0146699658161348,1.9365509723007224,-0.04078595261684319,0.3534301137631844,-0.4392388935149711,-0.0677039804765859,0.3273101249818256,0.2977648517019982,0.315041173022824,-0.22157330822368643,9
1.8328645048028969,-0.3133844567702358,1.4466751655137515,-0.15641202460392645,0.2170775499470281,0.18816725218847116,-0.7212855397850815,0.5678139045783234,-0.07552968822450822,0.3237045312319936,-0.25979818389649134,0
-0.783723464198026,0.9722076933817501,-0.04860451170900826,0.5436879555805396,-0.5767603960399054,0.15590658973967503,-0.20497165629473368,0.4449844282223959,-0.1725527438941994,0.19426501585248573,-0.4458074253929377,8
1.658557943629211,-0.4460286262987753,1.6257001994733595,0.13688748898070024,-0.2198352854138796,0.06045292562895384,0.06383866036827454,0.1720194239072531,-0.12203402975661407,-0.6482499640038792,-0.275976366175633,0
-1.3568712836399035,-0.13937991641013162,0.08544286499477925,-0.9191912491194915,-0.4633491834115038,-0.1876730040257298,-0.442239945582793,-0.5316055239687425,0.1882569720891668,-0.12589945516899917,0.3436191054509624,1
-1.2289037654341857,-0.7084666036341989,-0.07574386171380866,-0.013499264462976421,0.43227444514665353,-0.9107652485160258,0.7090519022673537,0.5029651924637674,-0.17564407124579612,-0.24652311205271538,0.20722452761194526,2
-1.3826907701821398,-0.547972859658562,0.21051233251315113,0.02681699494950028,0.22717410968580118,-0.3661554692678143,0.9657347078331466,-0.3906138383590374,-0.03572647904365435,-0.31064749763906735,-0.432803644377622,3
2.437210224560847,0.87873912760904,-1.4205279248377687,-0.3763880688316832,-0.9294032321459986,0.0556531340462686,1.7328100864119056,-0.1581421315796938,0.07109683735179542,0.11635400503097522,0.17460058709812745,4
-0.3976682432881542,0.21601472229984925,0.006001721554818537,1.2955475678541357,0.28853246231706825,-0.2685418545281204,0.04209057796705028,-0.6150097295370477,0.7484335596415977,0.13645630549056462,-0.2859031844708599,5
0.6532774002541164,-1.6068454367441989,-0.717711942814621,0.6019691973693302,0.15243158558138226,0.290359984527345,0.17823279698024605,-0.6558798089457109,-0.4352497943288246,0.09293377905215058,0.09890617530616747,6
-0.6192108151384146,1.3357439207461472,-0.5018944980112298,0.7036531918632201,0.15449939694940962,0.5365846255196224,-0.7675060848760363,0.04718493147527071,-0.4603872108673466,-0.5190585752317821,-0.10375428942712607,7
-1.08487224103102,-0.35683804624210624,0.38347695729583303,0.05004698516005925,-0.40192973068973975,0.058166834449772664,-0.3375451694856131,-0.4427471678382565,-0.594517208351157,0.296476316177928,-0.1639282319287441,8
-0.5008955851491478,-0.46208781054493625,1.8206724908285081,-0.16175414381251607,-0.2748303710450426,0.06523858307236023,-0.0063754724639224465,0.25921967092994697,0.43655785334749747,-0.09013302889587309,-0.14577962756275403,9
0.8751609991283605,-0.4910541672421847,1.1283787207233265,0.7128396798176961,-0.39463857396712226,0.29342929306971866,0.01902827761666252,0.6447972530164363,-0.15278883900134047,-0.3805025222485261,-0.30947897701133154,0
-1.0841422792323947,0.5167070908952293,0.04586098059635571,-0.6353700887139281,-0.268202051509608,0.4661862170251193,-0.8783772672259117,-0.11013686047767947,0.8586127236382798,-0.5980815608328476,0.8625181227189893,1
-0.9493506227412352,-0.31316071611727436,-0.13925118402110692,0.6568176901898081,0.70295796263428,-0.1085130573484042,0.8261119436794941,0.4605162244482298,-0.07144043163617787,-0.21370442057853437,-0.04104491215877692,2
-1.4380574284510617,-0.8863854227497681,0.5894983411277037,-0.11242266383187276,-0.11258011435157865,0.3911491539922906,0.9727769753473493,-0.2519486251139265,-0.18501600905691865,-0.12151263937698625,-0.37945653250643646,3
1.6724111879347723,-0.13410452558787772,-2.0097871113526873,-0.12503045802282708,-0.6239093844055362,-0.01449596748207862,0.4439814437880817,-0.36202111814390475,0.060024132335018875,-0.08120997104062332,-0.3147440363277464,4
-0.691865209839807,-0.7361752607683005,0.480014375235909,0.988973992047463,0.20957914200954014,-0.028942339206435467,-0.07240563891666658,-0.7966612270418705,0.15391748893818016,0.32382089909501766,-0.2082741185346954,5
1.0810081281776578,-1.7260434559705309,-0.7454104490074895,0.6323652393143909,-0.3206542945519388,0.44149764000854563,0.6330713970351711,-0.5750106104529914,-0.24658995015182905,-0.09997193182708915,-0.09996924870086919,6
-0.37057334507567746,1.4038448282207678,0.1307080425624495,0.1352570998247858,0.3135285360199055,0.22403923521548416,-0.7784983094558904,-0.4581703848011449,-0.2751137022788391,-0.6313818181305495,-0.1624867066240024,7
-1.0881714819012118,-0.5103757193295705,0.09471948274348853,-0.3645402142035797,-0.20792297621871222,0.1945864796938885,-0.3829256365149208,-0.44778359171301435,-0.40321934156455197,0.3446914353334702,0.23000716879212216,8
-0.06871064345000466,-0.11332174128944936,2.649629789121761,-0.6668283893023575,0.02949342182253952,-0.06453705251452058,0.4919058807768416,0.37007309931578897,0.03151198754680469,-0.028145555164396794,0.15977195466594307,9
1.3703559349682297,-0.6357242798424124,1.659924587342296,0.04848662827920992,0.06287925959350821,0.06303446963785993,-0.07117122686376715,0.4325016107610633,-0.22040548462393897,-0.3620200494731609,-0.20810771531610495,0
-0.9305837147655648,0.5594128570808855,-0.37874615565922654,-0.8897534536783851,-0.46253482600516205,0.54713661159852,-0.8062423364379585,-0.6664782900281407,0.9588873097927982,0.04870474686432165,0.9997132076215791,1
-1.3627412550729454,-0.5889215707448374,-0.21360092136656444,-0.2741440934320453,0.40638700351540047,-0.8664689868996681,0.8487262516298182,0.4097648820838603,-0.14464389216654092,-0.18090419304120442,0.11615513305570499,2
-1.3087741406592253,-0.3519380636583085,0.17160725113618597,0.09828530828208304,0.1679704162730225,0.0493494529945525,0.9325111535492037,-0.5046509763909175,0.16499772569519922,-0.04323979100679753,-0.36350163301806115,3
2.6625469403783866,0.5756413483926416,-1.4523583115480816,-0.6768720007806773,-0.9748752032993738,-0.11339430619019249,1.0605939773046424,-0.23800480760426962,0.051366805679401495,0.04239107627821969,0.08793097973317349,4
-0.271572454561873,-1.5943255267599088,0.28791862530738505,0.7300254440491073,0.4536056217897945,0.26585031217750654,0.4225904249492534,-0.742195979258611,0.32135636493820846,0.011975792607438092,0.03156647683143239,5
0.9859665458959498,-1.7059261089505338,-0.9329585653001563,0.5738459432767915,-0.051240081999258606,0.5274328664026942,0.5037167400396747,-0.44199389489560226,-0.5751352472474673,-0.0071016382171114325,0.004999824988745069,6
-0.6103201981661601,1.7193322300743568,-0.3947476307252312,0.7096052678294029,0.3306639620527568,0.5316772851300131,-0.522088260465464,0.004801191877382938,-0.4436089205512023,-0.578382742324729,0.06456791933512071,7
-1.1447459364896964,-0.45909217272297814,0.3685597910259719,0.08923433903404092,-0.276558133061947,0.4654168180287803,-0.005465870955976678,-0.38473022204306745,-0.3260988313967222,0.5127959170875883,0.3805648731317367,8
-0.5035159484622461,-0.7112267926135186,1.6604892771767972,-0.17221185628096145,0.018485665092025556,-0.05249795953929704,0.2164351005291862,0.14325249340907942,0.5423366742292958,0.028785882736494066,0.19102909828571293,9
1.48603417977934,-0.8052177005456475,0.9936523217467209,0.4772091797630988,-0.5977052119180638,-0.15050011829821913,0.21610227437051627,0.43470605926402933,-0.18849239818623256,-0.5246939878309685,0.06570231617688162,0
-0.6294510619256419,-0.5158032845942033,1.4347146926228385,0.04108853242982822,-0.03662455052257975,-0.029913632950099692,0.26036457181421535,0.06470126698483865,0.6252662632113098,0.013508633271076532,-0.20895651667236703,9
-0.49495095902357283,-1.0704496028008335,0.36473742920521557,0.8169437312837265,0.1768476646556125,-0.1469018768458625,-0.057886172141030146,-0.8651788908939212,0.08579023246307253,0.1864266260977351,-0.19727362952962077,5
-0.47958449183350177,-1.0811641818783142,0.42341412745465196,0.9085646932144393,0.14503307369390495,-0.18550280457671378,-0.02501257652335735,-0.8091979115819794,0.08309966131356113,0.2347556827289422,-0.1898797490456576,5
0.4904259184502998,-1.4606878056328798,-0.7817666522955871,0.3894857026163374,0.29174132508137884,0.31289846329782545,0.06279162705172533,-0.33040664226118405,-0.5267299337814123,-0.09232934101932855,-0.1925328964170273,6
-0.3897137220616775,-0.6685787046517804,0.23160593932003515,0.8364361480003778,0.1979767461937335,-0.11822580767066104,-0.20239823308441526,-0.7606147343876954,0.4643422054553819,0.12434403621671036,-0.48270260495082795,5
1.561227258208466,-0.5144140786228935,1.4884152014718526,-0.13095312584695026,-0.07825058426009783,0.07818503131486129,0.21673041855449432,0.49615030272095717,0.10298748223960161,-0.2734816514343977,-0.193232428684349,0
-0.44420411673296517,-0.26377503204803215,2.023973457771408,-0.07548722960236427,-0.25963190140150066,-0.12218492741483862,0.1142832264514536,0.1687056267489068,0.11371118700931608,-0.0715053631063368,-0.2487413597372378,9
-0.671174678314652,-0.18341854094371793,0.04819847123113812,-0.04525123984241182,-0.17476362339861445,-0.4373294498670163,-0.8808355607267812,-0.5612047443012473,-0.7394678487749201,0.4090731742186457,0.026166665821838398,8
-0.7195614612678566,-0.8182743954031737,1.3047957329264877,-0.033159968119655624,-0.09893468221826987,0.03508156726615929,0.1834287135401011,0.5052388792523255,0.503700019910569,-0.3273154631229484,-0.17562932766759584,9
-0.9696701520272454,-0.19470591681881766,0.4142093060920453,-0.0035768116671797794,-0.3077524972905714,-0.14904479741515625,-0.24796635781868476,-0.12918712834299456,-0.9683819029468738,0.03390184378752579,-0.3996485972031881,8
3.1666026813280124,-0.14946144257684632,-0.9829900789978369,-1.4771433786790331,-0.8824341386576723,-0.33670130665508546,0.1957799660652276,-0.35627892152279184,-0.17180639366568312,-0.1372646081214205,-0.055717677737955947,4
-0.08430919226055973,0.1319136083548019,0.9083081657283544,-0.6920679078249988,-0.011292424787164313,0.9064464274894636,-0.5414361996535167,-0.07897384006265364,1.416644561945744,0.04481123706871895,0.856513363684804,1
-0.6889028575420726,1.9460323380175686,-0.11120132861572687,0.29163865168384395,0.11443240263500135,0.661091365514635,-0.3859166109370538,-0.11455008989906304,-0.29760720570985755,-0.5170378923311331,-0.022023967482394356,7
-0.5374049121666856,1.0085021030827297,-0.5691760716792957,0.22167378276238242,-0.18140932125359954,0.3365694886460041,-0.7042203855046899,-0.10892805699510334,-0.05061163178203355,-0.017151110076742866,-0.06089647771246845,7
-1.443683228793991,-0.593814722689068,0.568334533142249,-0.21876900835777063,-0.2522078817861008,0.24475340467294202,0.2968784236600956,-0.6223233007395635,-0.5730313294563875,-0.39301590435843975,-0.11428928569353179,3
-0.6993562637148049,-0.7419821548875342,0.8638968979612057,0.8088622914343773,0.22442031218976385,-0.47556772308810885,0.2767383777609636,-0.30062757208761426,0.5819911150963074,0.1648069415018489,-0.4246928278671076,5
-0.21668451860266932,0.755342921972685,0.8624330795937748,-0.42089524616515994,0.2509265009986334,0.8261935073988562,-0.7589934348597012,0.2571262770484711,1.345566263724575,-0.49342476648933736,1.082605774390056,1
1.863875222643942,-0.4042937296184649,1.534577724389559,0.18758283189855915,-0.5853290516218611,-0.07398376447557801,-0.008427437492374602,0.27043358115558197,-0.28840046936736197,-0.42835213774106073,-0.017698987210385545,0
1.3710467462625469,-0.25917661831551303,1.7202832254196616,0.23220324277777799,-0.003962148785170569,0.2802916922298191,-0.04789464761788714,0.36085350527361243,-0.1329690581872707,-0.32800978635375827,0.07988397853688538,0
-1.4760463912463104,0.1802952582190692,-0.4328040751787819,-0.27048830013910585,0.2834471373474307,-0.6223515523761414,0.9165283912415373,-0.008789532610532348,-0.16701022700531615,-0.20389308750698168,0.04441297315028947,2
-1.300776318908287,-0.04268454371869483,-0.3567992628424396,-0.04995513071299156,0.5020668596001024,-0.7822080888157724,0.6674423094079341,0.2168815488175213,-0.04321998523547572,-0.49041751218489016,0.32530097938368485,2
0.1314268511335764,1.1004968722720943,0.19120223534160652,-0.33552474022704937,1.1724409808803438,-0.20704237647279894,-0.475664578915472,-0.08197129868924505,-0.5599684924629277,-1.0183587638708573,-0.3653486697503207,7
-0.3759187952921772,-0.8647981004049257,0.06349628294373354,-0.27472973418684987,0.540779259151237,0.13789687268526415,-1.198786015171698,-0.9074976913315681,-0.007626755577872483,-0.44495358488936065,0.3063933747550512,8
-1.2944780216335703,0.5914302197079329,-0.5320214072314089,0.1653294341047367,0.5185264453554068,-0.5151249257161987,0.9222207071682543,0.333282075743669,0.21829731997462856,-0.37958129734278007,0.08996865684647107,2
2.656507002950013,-1.0039387826202086,1.9958571220063515,-0.09309954440095168,-0.4645683413945876,0.5623692124597183,0.6933984684678322,0.16521034330052228,-0.31749739551308553,-0.0003844600750958922,0.5154720680126649,0
-1.0214412766299703,0.0086839037078794,0.4833572526190614,-0.24231954711854733,-0.28147687887883555,0.5918676044853716,-0.6642026396719647,-0.04612507420434471,0.6923008441891877,-0.5198394000080583,0.7098619414856285,1
-1.3078682433932407,0.44250559796572375,-0.47300141689359465,0.2525230042232653,0.5697055629528129,-0.12258921989798345,1.2325726968048478,0.36623128014201467,0.16614371072335435,-0.1745402370778479,-0.07583818713943563,2
1.0841827481300796,-1.9672121989920746,-0.4144192498576078,0.7576335315395272,-0.10749434222144705,0.5377511957678598,0.39087554899533844,-0.23854763269581258,0.15550738022787994,-0.21282836992723914,0.055863806894270535,6
-1.390723248147904,-1.0260517466260761,0.27605794659375205,-0.21591502772942084,0.15321920357382673,0.20335212796011604,1.087464604626515,-0.22405285035326428,-0.07409531608643764,-0.01056077143201115,-0.12858064375884545,3
-1.4117253945284536,-1.1364114958321752,0.5852499259977738,-0.056966609017640224,0.19504264554307157,0.4857276221352668,0.9634110655708167,-0.4568728765621445,-0.17461916425164783,-0.31083043162052054,-0.08167415096774694,3
-0.8051499136887693,1.537297739806395,-0.20541073032919305,0.393757945509867,0.12072058852991172,0.5964222996787639,-0.3073188432528985,0.11365936633565026,-0.46667563667294054,-0.6004025837816781,-0.18515578908757951,7
-1.4300763431723942,-0.7960547722864154,0.7850758966673892,-0.08349242080679779,-0.35980562019258117,0.16515327275934935,0.8063068772526277,0.11706107119746983,0.06884753728653506,-0.1042093300865479,-0.31789906979312815,3
-1.4074814521837091,-0.7308639847519434,0.9294285300630165,-0.1732815996141322,-0.46478746446348346,0.38105535127885554,0.4192535337299958,-0.06741125258873153,0.035180792565263956,-0.2550909638246146,-0.2380014954508105,3
2.0454311895137574,0.4934102432972485,-1.5034801499621055,-0.41714062079474884,-0.3642018367380393,-0.21652042228899884,0.8687231781984289,-0.2997913737841104,0.011651896886010935,0.1030622624131159,-0.10217692948466638,4
0.8504818634493162,-1.6711557599123146,-1.054288420096889,0.25559484180613956,0.38925638427886156,0.4162784671678526,-0.2371023108855147,-0.3308351342778727,-0.316527876458766,-0.11886600026736875,0.2585280725557585,6
1.270134570671057,-1.662160146186798,-0.8079684381467053,0.6181254101137238,-0.1770531954983357,0.11722281537142985,0.2125153070950987,0.0447742232346146,-0.05652075793268895,-0.515128857463783,0.02940998394152961,6
1.0556500467863237,-1.9691667604681113,-1.100034295478275,0.31970623543457033,0.18904066760720178,0.9981468746851074,0.48129187687410646,-0.35507074626643276,-0.4051145584005877,0.1156401778427815,0.2512059959529171,6
2.7261254990523844,0.06026341780971497,-1.4160520515202988,-0.8949237330897816,-0.8192263327017126,-0.30181472405534376,0.8034740784187433,-0.37565278482642545,-0.17547165489836822,-0.1991837670951691,-0.19906071610784862,4
-0.7821794637743649,-1.1068951475590216,1.5187480446926487,0.05302719017567627,0.07139172951585285,0.4661044618525581,0.3567877513832965,0.29131402386045785,0.5096855952914054,-0.4639016978140162,0.004353847450258343,9
-0.7862739458533226,-0.07183406246747749,0.7780350688403123,-0.6633634940667277,-0.1442836478966796,0.45730062764891377,-0.6158827964303133,-0.03063016866332222,0.6085849545261922,-0.4865797599881965,0.6170589044182117,1
-0.027210363407928605,-0.8942378393496349,0.18351548233328535,0.7776426297964478,-0.15690563250721637,0.07755173731334251,-0.1989816680660508,-0.802766311984345,0.27008875087772255,-0.04040654019374092,-0.3528070407024471,5
2.8744216793388553,-0.2285452757396591,1.6920969882502372,0.11477006694400255,-0.7141735336193538,0.19619967281100245,1.0427366423719706,0.2036929972432458,-0.23864704421838867,-0.5137533037763155,0.0011703563893328444,0
-0.19138593078669636,-0.37735849048660386,1.9271346238354619,-0.5422423690206455,0.13806310072397404,0.04576916392158701,0.1042333278209703,0.34776328618774793,0.4898103663700385,-0.3090975892991526,-0.2191816381438637,9
0.3826833505829613,-0.7783716007080396,-0.5542515518120277,0.57601085711686,-0.20528072331528907,-0.8706587520431468,-0.25421435805048914,-0.7442899831401412,-0.2547429947120117,-0.4649810702809654,-0.10212997304957937,5
-1.21602207964845,0.5566472525099642,-0.625301726215061,0.07780444649982354,0.5830247457175982,-0.5187158196882174,0.7272130434440225,0.5225739724044548,0.25519730090727366,-0.38879242994228624,0.1950592439958382,2
-1.1329230463160114,-0.31149645453845626,0.11256307089637704,0.09562269715342848,0.11097751691163103,-0.052126579336562215,0.025296353752374417,-0.49512538709092907,-0.6203507276171251,-0.29704967847553565,-0.3890127979024226,8
-1.3162807402248344,0.4925119070014909,-0.5622579447287602,0.0889618294797487,0.506896667259642,-0.23221849459750638,1.087522156722712,0.4637295731622389,0.14884878249709466,-0.17499305969979476,0.08419634417804882,2
2.7785445772562745,-0.6509302883786589,2.078934299521498,-0.21443557189952597,-0.5938555900502238,0.13937957721117802,0.9349168616611049,0.0949000288957445,-0.27627911715196546,-0.21704897034546702,0.2811835370345198,0
1.421892013317243,-0.2667988786477099,1.1502487018458918,0.2078505219786454,-0.3859464071226768,-0.04483378564835148,-0.5353361805691388,0.38363231965568517,-0.02014141820046699,-0.4678654930766055,-0.19144440674389968,0
0.154447511182633,0.6103170575137589,1.7244734555574925,-0.6798934188620416,0.5307507441518962,0.7790169531262414,-0.22131050981235245,0.1472149142996781,0.6132515611349949,-0.4379480612624023,0.8321407448480502,1
-0.2558948493004202,2.031278410733487,0.73592471204865,-0.019161388476067416,0.32034897101683263,0.27996658802779534,-0.28610040319144475,-0.396002402674241,-0.6367471279885905,-0.6584570107738108,-0.1415093982514747,7
1.35138985795189,-1.6921828422687293,-0.850984260164949,0.4838258520592694,-0.22145672522094653,0.3119233816440291,0.09501312890255521,-0.37592948030699996,0.30882652147954304,-0.26156992661608175,-0.1899515964001554,6
-1.3090509786671902,-0.8396334737448009,0.46821448309612174,-0.18216819234946308,0.1193264648664017,-0.05198850273733717,0.7071495142777046,-0.09035357029926391,0.3530234295971424,-0.43269819329025755,-0.37420688939815183,3
-0.6364689205793794,-0.036944612530451,-0.1010048020555611,0.8857169643244801,0.6636629988147824,-0.7397793305698923,0.1000634209995254,1.0609433890657343,0.10053896088934708,-0.7657500631191584,0.05043712352117402,2
-1.4768593924801279,-0.1672353638221755,0.3576120666389511,-1.0646361524514256,-0.6261648663771424,-0.12074508619260034,-0.45101416505591213,-0.21674669319219766,-0.009860748546129495,-0.5741234777809634,0.15638305589003265,1
-0.9182151872359652,1.4295057515777456,-0.2731368583831594,0.4784283912542458,-0.05417072626725988,0.8077617402385726,-0.3677423656404534,0.18888347877063225,-0.48959171886136293,-0.5763271999986096,-0.22859620132473,7
1.9982680588622763,-0.4254586918260471,-1.740770934744478,-0.4263331689321347,-0.5234374699148346,0.07345414708563851,0.08863355633921753,-0.18806801466992956,0.22961214165996785,-0.24043207577239326,-0.3591656777085379,4
0.9186417923899696,-1.889707185945559,-0.8576333256123512,0.27245244429099397,0.17193821774764093,0.8033748744950342,0.20021835895484438,-0.41447986243408336,-6.349028416957472e-05,0.053730814807530766,0.08721774550665541,6
-1.3687844717867135,-0.786671457064063,0.6064597062050608,-0.14316919249937443,-0.2526676337889015,0.5560110288928632,0.5900382148531472,-0.5991710556604332,-0.19708335672695326,0.057672758460370725,-0.25408883800973575,3
-0.9263343297019677,0.058561300274559636,-0.3177998227871865,-1.1091956499444726,-0.4898783906288889,0.28008488110896057,-0.8603600901123487,-0.7084567163194317,0.8319574833041117,0.1289985873727918,0.8007251918120547,1
-1.298249758960565,-0.6034900619342849,0.6923335077718789,-0.03983135459681761,-0.3598662557310023,0.38097155078714245,0.008108423328319712,-0.5335534319770474,-0.8971629064024775,-0.4627515854854795,-0.10991093970544735,3
0.033523702126195105,-0.07438070299428436,2.3992905290788586,-0.3428438335152867,0.07120974102475934,-0.15902356269170373,0.10156102166935396,0.1591086406005008,0.0009636629631288505,-0.08689038295428123,-0.2187063490986521,9
-0.9912231911887807,0.43217111658305274,0.17580082399853836,-0.545583421917421,-0.228363683686127,0.5441861668610697,-0.9210085963801526,0.0907464655856156,1.0431646884369998,-0.7313533915959782,0.748040253474908,1
-0.6281237828669544,1.8912986609950981,-0.10809589124568084,0.3412777932428314,0.19945852558826033,0.6488357486158822,-0.5137674035197225,-0.17264293294431785,-0.2447608448208173,-0.6415103628981148,-0.01297593135047347,7
0.7179231560496663,-1.8818117648664197,-0.8241834215703153,0.21079971032894584,0.5508643744072871,0.825084414415085,-0.2597234022987184,-0.49152550762062985,-0.10762281878820416,-0.11129528310192124,0.12611893177005187,6
-0.6964400956371978,0.003240104876729539,0.22298648509759453,-0.23251256747964727,0.054500493305305875,-0.49658614441344245,-0.7357416775929833,-0.5549616223468967,-0.7842260554584541,-0.10727056523125167,-0.1190199902899705,8
2.580596655602067,0.5029450778506795,-1.4935353415283734,-0.7815089345675014,-1.2464563206982042,-0.020715954131088617,0.5956468656297342,-0.27517818160653695,-0.011014045165088264,-0.060444524837625975,0.04787620743483763,4
-1.3106321728400465,-0.9426019927452292,0.834892765754373,0.11262620574250524,-0.0995485909684914,0.6201856023973216,0.3713557762246611,-0.5437201965925409,-0.6045425331639827,-0.502532870298754,-0.048425909624307,3
-0.022417258914983258,0.6163075404123992,1.0048777027103082,-0.17446476015310466,0.3261750718545313,0.638419837741614,-1.0994059002394003,0.3545668369490406,1.2335617925634221,-0.7528588728663207,0.9412213591697436,1
2.5206487458259246,0.024691491085079353,-1.4257047955944941,-1.1687286635502976,-0.8134418361032804,-0.4574436106584235,0.7378350005924071,-0.2536890491041153,0.005596131711649003,0.09726831354886877,-0.19219589538049325,4
1.335619814250442,-1.1136441038284821,0.9631272627146985,0.3201573579258651,-0.6486773915377279,0.1567469531518406,0.07077101933416634,0.30745147179775756,0.011034749126763426,-0.6441952389134735,0.1097275116183315,0
-0.778928926995435,-0.5629911836224861,0.634994650083741,1.0128314422529685,0.2564781798209849,-0.37387769133639154,0.3085746853231866,-0.19936210680554303,0.8125646032325362,0.028610598947785774,-0.5239219244517378,5
-1.3670467628775222,-0.45341892612678325,0.26403714669028594,-0.14341229665030608,-0.0040563654323604575,-0.2775711421093338,0.586132572163493,-0.34310965161435447,0.05160768113615442,-0.28396998935610945,-0.2632166937058006,3
0.985654763230078,-1.9165488413584446,-0.9182916264897824,0.3171991971704934,0.2515562455560815,0.8421855850432104,0.08275167123614771,-0.5421439501970445,-0.19377497524697362,-0.12086872786115502,0.11715842838984829,6
-0.43223409070384494,-0.8223123989655173,1.859750089486117,-0.3619387032438925,0.2618789145240121,0.2592567242336274,0.5490297284468488,0.3132413562579269,0.5203335187832032,-0.23665083466119632,0.10968658100353239,9
0.7696649539135612,-1.880375671489749,-0.8883895012491471,0.24812756830124588,0.3974403222257169,0.8523564940585349,0.06480118054640488,-0.5138320202274778,-0.20022913596952358,0.01918145734760604,0.17091349875770562,6
-0.7137317441367684,0.6411368342937858,0.8457850649483712,-0.7345995814741488,-0.06304827637443848,0.09316245415224013,-0.4324335408120959,-0.17972696771130858,0.035388105805230496,-0.5202910839918156,0.789209260243566,1
-0.6752573366095642,0.9864013675483043,-0.23306614314061938,0.7926155185232406,-0.014237898532530869,0.2526211412879814,-0.8045416983174697,-0.3427675519443634,-0.4027183300611915,0.02233886035931697,0.02087534788756785,7
-0.49596780522439465,-1.3100818093023445,1.1234542613685667,0.6570818124077187,0.6087234918273328,0.00392830594914861,0.4990184495560846,-0.36123941732279485,0.7037345194597142,0.19729771407281993,-0.18141343725840603,5
2.4062189046209044,-0.5080601737362352,-1.793847330450014,-0.7074021545659608,-1.0573442019447452,-0.3064318505589604,0.46704056231243773,-0.4600216546357089,-0.10397565827357715,-0.18956706265910098,-0.1565876622965431,4
3.142146586242809,1.4335397451890393,-0.44972505736170143,-0.9739557214070621,-0.3832328117192098,-0.39586417542530317,1.3590751453239567,-0.6728197810552026,-0.06383546743989484,0.34336475190678833,0.3298364295318087,4
-0.450050170824547,1.5521946957974047,0.02321986486237361,0.022618145962323574,0.46082299632571466,0.31708937725690717,-0.5877495765174277,-0.22196580582215808,-0.33189787080996036,-0.9703481391526511,-0.23593136312863228,7
-1.4292578409605294,-0.37563871414611677,-0.31253611398702025,-0.5077670403414706,0.30994817583828077,-0.638779860432982,0.7844538271295637,0.35264869394712284,-0.0803384255932858,-0.16012680934083323,0.1660433454114737,2
-0.7097320563397954,-0.4760076267543568,-0.0711039770382603,0.34746531013874116,0.28997892333768016,-0.08300312721382247,-0.49804306832320183,-0.7906113058864536,-0.3938207546858142,0.04916029650159697,-0.22945921307393174,8
-1.507386184595945,-0.035706501151297546,0.0582962018113938,-0.40706393025789206,-0.30983699117879654,-0.48638558040162305,0.1663775633118356,-0.03826627719056796,-0.7508478872207845,-0.25634604517921283,0.25505853926377137,2
-1.2755978420561227,0.879188490825381,-0.530313474812607,0.35662433756381756,0.3582145263644725,-0.26865522484277643,1.078406837187783,0.5565003282512315,0.15642758139391333,-0.06286315497016613,0.03848670634051298,2
0.19427254999439736,-0.8939841294892407,-0.22985982088962928,0.7100502240705018,-0.07772021875694331,-0.10129568889817804,0.016006772849771395,-1.0115821251421897,0.21385389073203798,0.04019437387659929,-0.3783667171350921,5
-0.6432746348351372,1.2124503259459458,-0.06650082633590622,0.5725543996954264,0.11921437355070989,0.42044150846131517,-0.5918906150522499,0.161194445169664,-0.6332007621960499,-0.5970624818178211,-0.17081328143843463,7
0.08277201131214855,-0.11265267768793799,2.33260330956643,-0.3287331656633676,0.05640967697657316,-0.22834106294279677,0.10089467026384696,0.05129489820975894,0.19752085136684183,0.2465947458929824,-0.11049235143764059,9
-0.18586871115072978,0.17099801675483492,-0.3853650440427934,1.044995481024512,0.17243784220108452,-0.7302503940242875,-0.18170242030075734,-0.788447291857761,0.33039050299538797,0.013424523753648854,-0.21577612437338853,5
2.164107108377037,-0.11848231161243925,-2.219602666380572,-0.15384831122829112,-1.1065202835742964,0.15018506457316938,0.7969964930497638,-0.3316373742992949,0.2566887171320578,-0.13004405696614774,-0.1250497434429862,4
-0.7424165752369073,-0.3123038135485414,-0.1018962598899466,0.03167522821050657,-0.0415899833410299,0.14713636401596544,-0.7828740502647277,-0.6666456699386138,-0.5092079201034423,0.4036301343351547,0.059444045540063134,8
-0.9850602534544446,0.4371770944096966,-0.17382575637292957,0.06418420297955572,-0.40740927775269653,-0.3318784141073066,-0.6259811244792134,-0.5413771458476188,-0.4288847866871624,0.6063448747307811,-0.0501351910919648,8
1.6704424636033313,-0.4793947480429729,-1.7946471215226347,-0.8559661308755756,-0.5749467097558602,-0.2077022124348932,0.1200652730769058,-0.31984590964007337,0.2424394159037456,0.12183061516294934,-0.3893925882823751,4
0.025985633799188952,1.1485511148883125,2.091018386020828,-0.061650818309933374,-0.05032556038198838,-0.5232702616386065,0.03491599653932016,0.6054838299977677,0.16286476762583538,-0.41731720109048187,-0.15366982769359763,9
2.035129343120745,0.18468649716177743,1.2960243353548428,0.36774170250432586,-0.6733831904775406,-0.20595876575283067,0.10165999183812965,0.22890477633388537,-0.11948528928439921,-0.6179058435867302,-0.1545101386692811,0
-0.47417671784151094,0.3531588668954235,-0.034090403814960354,0.13490868114195068,0.2396068247915674,-0.47986065287019647,-0.7112940529767786,-0.6963011699693481,-0.4697791582741571,0.21114633764287769,-0.15747259907251324,8
0.058316504124949965,0.7027861663067477,2.227457721282671,-0.11799635485524004,0.02641065982254639,-0.16867952485538054,0.10215172241748707,0.34082713911690543,0.14171862940344196,-0.2590725801671253,-0.4138946138783589,9
-0.809307965005108,-0.04216002912382415,-0.18196965825557032,-0.04900758629082931,-0.27900010701513744,-0.4437297754469197,-0.8947719528052174,-0.624852923990865,-0.47086929865145494,0.5856507211223354,-0.217534980535703,8
2.264473347987521,-0.6535303799367478,1.2970613345707862,0.08183824322610161,-0.5645819038904087,0.1510273492193467,-0.3578515546784969,0.25405843784370413,-0.10441372237594103,0.1770527739248238,-0.0828316451066575,0
-0.9098241379100767,0.6138429987509638,-1.016476114787991,-0.6212812235895157,0.3501754094431676,-0.2342940559471265,-0.11769510646247361,-0.22897114825786816,0.7545737884809889,0.2828932957690303,-0.27719488450354024,1
-1.1656728636354359,0.1036851126580867,-0.4380981299573947,-0.10589664495745835,0.3330870383061114,-0.3876490875339733,0.342509098233134,0.36472544317538347,0.07637788739621225,-0.06272309106093721,0.7802709990554282,2
-1.4847072737080786,-0.19755636409265692,0.09258601658968951,-1.5819982899684863,-0.5005330703884799,0.12380650719057795,-0.6282536481765618,-0.3187103890047851,0.2417253941043994,-0.6620875659391929,0.2220025869199682,3
2.0236194690035543,0.6886410150919471,-0.23871066661420318,-0.41972869142093777,0.6632357925925784,-0.5447770214096743,0.05107717684851877,-0.6417156417640136,-0.392789283899042,0.22130803537073143,-0.08716372064577474,4
0.3479093043547855,0.9333304543324998,-0.7422143676572585,1.8179265415964083,0.3700337883692562,-0.38288059773848804,-0.2030181823763225,0.008891014388515686,0.4014283877994907,-0.1899013132371907,0.2573577544501058,5
-0.61717794907441,-0.7589374436997816,-0.2915257441071392,-0.4995065269756399,1.0625579911444896,1.5617911149555472,0.6174581583603131,0.5548592931492853,0.8116567777068733,-0.07584951720850597,0.13376984855197238,6
-0.9413657183107674,1.8482009579924437,-0.49912851035967665,0.6519354991969618,-0.08919154585905434,0.20139890599247587,0.345576753405703,0.8275409320487779,0.6709521196097766,0.2603616759392934,0.23836476851122587,7
-0.02993528404916056,-0.12009303756457292,-0.32045889509185177,-0.04246916941746887,-0.6000392853658146,-0.2915912991510839,-0.4985005591710496,0.33433813803777235,0.8752066375774804,0.05086130352009575,0.06694998530740752,8
0.06807249535996782,0.6252710758051249,0.9027689864697553,-0.25533149736042626,0.237929561804914,-0.11882302026471332,-0.35645629793890177,-0.125435558646385,1.3498948079675828,0.4985216669568603,-0.3338152696428952,9
1.4360916636185608,-1.0346987343023708,1.0905373553677007,0.4613110467214366,-0.20520586204284086,0.40030340969893863,-0.5551984866851609,0.33876740091461877,-0.013887218083872504,0.27496771014322774,-0.13486250327496005,0
-0.825437769785478,0.404066187331645,-0.8076155859415656,0.09677973575678743,0.14750257719694096,-0.6520963464180928,0.2304637907424264,0.08270729007741201,0.30062794582952435,0.9495821613618645,-0.1808859248300827,1
-0.803963189309691,0.47082231857821827,0.11407328711388169,0.44509235102500194,0.0552018002315768,-0.04145873334010911,-0.6803489341289659,0.16175752636013918,-0.2290570348326549,-0.8544520533236653,0.23864776008023852,2
-1.524076808329805,0.36812405486726557,0.6186076218880259,-0.22872664676496418,-0.897429134140985,-0.45571185530398084,0.038726111650527,-0.12626394204471655,-0.14850209040059065,-0.240114442665504,-0.3882292093062683,3
1.344289515045641,0.3481675708581422,-1.0251885082602286,0.2079102037288607,0.4949716930005745,-0.35756178384457377,-0.20960700734550503,-0.27684934462947797,-0.3180963372444377,0.1450428058037848,-0.18343434359681957,4
0.7806980283919369,0.6259992131339142,-0.9580221169420188,1.643978051059493,0.09054465273359245,-0.4368627208408293,-0.15300938152546295,0.15497059630194998,0.35716053090205485,-0.1572767382803967,0.2023491622347741,5
-0.06026658665286953,-0.9520366343737623,-0.6918599526355618,-0.6218813134629891,1.167428549130506,0.1992996213667017,-0.27385386343785273,0.21560700966836385,-0.15330965515507602,0.05456391017510158,-0.2560850653477957,6
0.307763804860587,2.2039681990803355,1.8091152406286448,-0.6315074705820232,0.3398183769629669,0.1597190491204868,0.038142722891446455,0.5463270756481271,1.0583501380140377,-0.3882846701502755,-0.03329778548486091,9
1.4133094679933835,-0.4807558700614908,0.5424295110395055,0.6372112349297021,-0.5719599904701426,-0.661663279458686,-0.6914959093353097,0.5161626118409823,-0.12199286929356717,0.18266815919954202,-0.02389511597132038,0
0.9357705360010179,0.2895679846451426,-1.6729594566106678,0.223785351443969,-0.9984914121042724,-0.4116810046478846,0.7898170716475275,0.25172760821568835,0.4827361588391619,0.48278812588379333,0.027368751428855743,1
-0.9864232063896767,1.8986896548265586,-0.6762852463621327,0.6574036736391913,0.2478959880640602,0.3015984963159718,0.02431041079339247,-0.13812773327377806,0.287369773169507,-0.3530991661743453,0.1845624461607796,2
-1.6577262513134075,0.03145988712690925,0.4454030361537129,-0.5508649042179252,-0.7910297144740963,-0.4997486052262307,0.12193180161319538,-0.37297510527660066,-0.47257757180386184,-0.22492953158936244,-0.12717115033434767,3
2.7820299971978852,1.2188824697232992,-0.8338924948492579,0.32620820101128006,-0.28687960938629464,-0.29864708168723325,0.9120398087703204,-0.4128557660605726,-0.630509467201436,-0.20051812796864532,0.35893343251500126,4
-0.18921565408462435,0.9923115449334167,-0.7591872987687688,1.1869904177386017,-0.061570456833777744,-0.2897826916548477,0.06788138856822679,-1.0076787276900223,0.03405689947627503,0.10415029050067275,0.024642971654818234,5
-0.24603585882899298,-0.3270347657640061,-1.0158563585474023,-0.08652638830106052,1.1288549334707147,-0.07901743986463806,-0.6308299755434428,0.7147123928793692,0.3043152794171859,-0.6107334291154403,0.21857487676214063,6
-0.7286282348914122,2.285535066982387,-0.2129324452869564,0.18921417988662764,0.07367037885364286,0.28240130401443053,0.3107438662621549,0.1485029298822054,0.2520407382768697,0.4048446251452104,0.36182404362696446,7
0.8738251023645364,1.2116067775455135,-0.6658270845909583,1.3708644012427307,-1.4102701717345103,-0.05001089038326005,0.3235452160850785,0.8425198303645962,0.8755375764695015,0.18094541173863132,0.5481134390770197,8
0.5918051635869195,1.8669080399074827,1.889871827283305,-0.7566625689741308,0.8512258570843804,-0.5538305134915322,0.5287643182595221,0.29729546763426473,0.8922296838188979,-0.04011037304033623,-0.1568478620803232,9
0.3415444621474304,0.04632646137446674,-0.4687850073079338,0.6360798344639416,0.32263265877538116,0.027000223337150988,-1.5239929893572224,0.7005064600582386,0.5986678225268842,0.12807243914606162,-0.39809879624722627,0
0.23303560715451055,0.47830607573502004,2.012224573090349,-0.9683025959663997,0.008271574367985717,-0.8988848336174288,-0.30900482261282547,0.2487887515271293,0.4926806671574946,0.15035049717215154,-0.25864888819040266,9
-1.0991604344419201,1.8098442935667085,-0.8973730451419134,0.9144671621004995,0.3749070447085355,-0.17605764392627898,0.6862328695277193,-0.2916348391755728,0.49173634505925695,0.4113831161892036,0.3303812751956925,5
-0.07820685002401412,1.3807982971690347,-0.3828700423051971,2.1105361711231154,0.5022955067762476,-0.03745391086879667,-0.5615009024159967,0.8032390652600875,0.2881027055973762,-0.04333896194865784,0.2559985313317213,5
-0.1675499445419051,-1.5636022774209681,-0.9592374609178869,-0.39620038872541324,1.0443419086304424,0.8752916996908165,-0.1610202092755684,0.13071426543555184,0.04737188424823907,0.6085074792246273,0.028786298718069266,6
0.7187059050743998,1.3342521047539524,-1.0953894214585869,1.6370293209391014,-0.11567836311891866,-0.02235695656388905,0.02586524280232226,-0.25129209258210194,0.7022899875579692,-0.3255209742466395,0.3847970731960664,5
1.5448116304598682,-0.8901011094787036,0.9234156231175487,0.5045888411741567,-0.41892728217405073,-0.1005211745342218,-0.5536179738732311,0.3907405536826467,-0.15869434054483889,0.20488239652155762,0.07031508848144483,0
-0.9003262665641747,0.3654065528114985,-0.07079907091683453,0.34874917698388824,-0.21780150854650787,-0.5285108265151872,-0.2989650467740942,-0.9125038751127079,-0.07476942511335541,0.37837641326949767,-0.3011776676583672,9
1.3371253143656987,-0.04817071363359697,-1.0121698161272867,-0.7630146040163925,-1.1511744702115867,0.18724426453766532,-0.9028221699983704,-0.13536443658461164,-0.16379116597385085,0.2110158758304798,-0.45261282578831236,8
-1.106229505881501,1.9273069935085776,-0.27479672709528874,0.7776382535921766,-0.4496012918507818,0.2520777748915562,-0.0421917728432107,-0.45058076928170154,0.27871591114779726,0.45328060273440196,0.35556516248632797,9
-0.43668067907470304,-0.24073660737278918,-0.40466872257593683,-0.7203570081287112,-0.47868028499135706,0.143746519683101,-0.7835574783816949,0.10253728592100236,0.40069336454991505,0.34696929181584474,-0.11866900353768162,8
2.8028755142625856,0.6944189702757547,-0.5942386935805826,-0.19881149442172824,0.31173023023538665,-0.3487183301735833,0.1443388587659341,0.11315293863156091,-0.3784350384485902,0.046585873340304666,0.040860897171322345,4
-1.16770602192311,0.018226786285091213,-1.0221901662131578,-1.25038311788046,0.600552826920899,-0.561096033711248,0.14815575555053015,0.0378341962071663,0.5478565330305071,-0.4815283590445453,-0.8093036369641101,1
-0.10896805359458284,2.035826277193957,-1.0938324598879876,0.09421829366522905,-0.3216480431664119,0.9596259268482514,-0.07309717567308822,0.4547251285954125,-0.1636859841163079,-0.27612425698760784,-0.037349828266748784,7
0.744511603202585,2.4736683364369645,0.26463100816934576,-0.30477676034321927,0.8020172925907211,0.1278134508391161,1.0314684328692998,0.7735602143289524,-0.16248414562096178,0.7313368400170147,0.08116537586249853,7
-1.4368800547932647,0.6000354124235683,-0.016807941968027314,-0.7474669289888123,-0.6007146969541406,-0.13879788147233565,-0.185331280046567,-0.20043455306148275,-0.036990055466586076,-0.25716303609895547,-0.48481593575114273,3
0.49041502687467836,1.1929369851401244,-0.5757736687997946,2.2552824930262996,0.27916939611051317,-0.060872998690619746,-0.4398396801008674,0.8063601199686412,0.48173811097977887,0.09378844943879341,0.26994361389722726,5
-0.7869464285740544,0.6029478364196447,-1.088863436940663,-0.6408196015980545,0.5292993391727838,-0.07906624581988182,-0.0999884512360366,0.6484776908596185,0.8062920594411325,-0.21997414552929903,-0.5011060866950385,1
0.5381043577403911,-0.9899113392655723,-0.018983912426807886,0.3695051156556726,0.2106338908375653,-0.0941718016833581,-1.243991970071102,0.9472093641634239,0.20775384929488877,0.325407884500051,-0.0730769044855462,0
1.2910223977541673,0.35357964031929273,0.6413171416948935,0.42517644473080274,-0.08053620231975729,0.024513407286351322,-1.1244313111480806,0.5203448847024486,0.3903925388174939,-0.17709784372754142,-0.3018040208256016,0
0.264890352111519,0.23324093443809937,1.3213581851676914,-0.25940565234124374,0.33749188393581936,-0.22061563763647657,-0.9722482726422949,1.1204798450665314,-0.3638716435187639,-0.8352942642935526,0.11155781477266424,2
-1.4941784134832008,-0.46553053142760986,-0.2687461812698213,-0.5120777254351178,0.25788193029318796,-0.8176337586301827,0.5831911564661408,-0.05037172400459629,-0.5469468793641816,-0.30156020401677164,0.4449779147382555,2
2.6646589584642695,1.9038537316522515,-0.5280152195067898,-0.28880968186140443,0.23249220377046362,0.10164426898966779,1.0703476027849483,0.25630686602991887,0.7375569769415614,-0.32845891572304314,0.16293940181868607,7
-0.5458885835355655,-0.02545119692566352,0.02200462412089555,0.0579290746979399,-1.0486681793533166,-0.25157123777891865,-0.43639322630445193,0.32183055175659364,-0.44169914802058585,0.9142009784988954,-0.4579333670582173,8
-0.09082000398960428,-0.08221454235745408,0.6559973826484343,-1.2141472512932054,0.6345948803703751,-0.12606495302207285,-0.964626689725228,0.4962257282460281,-0.036907019233988654,-1.0272397769482935,0.30834255214544176,2
1.5212178779985412,-1.1357877739964117,0.6913480591698341,-0.13357143370577465,0.06757434711077925,0.4488412867553859,-0.9178685596810994,0.5089348760649963,0.3596081418778626,0.0471701260116442,0.18364459655012008,0
0.5324686781249633,1.016212773512114,-1.868263952149869,0.13081155468004574,-0.360945941808582,-0.053112774275791245,0.6613681026018406,-0.2156667025159719,1.0094060936164788,0.31279048249894054,0.2169521081361991,1
-1.0127569273348167,-0.43996774014612483,-0.15445711486640135,0.08496442501536706,0.19474783122556322,0.057049560028491354,0.9504030475172985,1.0968160868057577,-0.09185127889610825,0.2119320820153898,-0.3368901016889358,2
-0.3244904131945425,-1.355185974187009,-0.8312317578466819,-0.3594338410754335,1.0863672493764644,0.5770589550792353,-0.21990979494675036,0.0917304096246053,0.050299985207938894,0.24627369000554894,-0.07226160681988937,6
-1.2572274565984833,0.20245642551223292,0.3243315690900762,-0.03415034242774233,-0.6194015217197945,-0.7376301283656443,-0.017523092817092092,0.24164673365125516,-0.06860762698429897,0.031823431624054904,-0.4742255742223176,3
-1.251031109186596,1.9541809055438975,-0.12658345584656158,0.3392483639892198,-0.30327539475057,0.40778071933193416,0.038612570481956064,0.3631919052105726,0.587777117497898,-0.5322459183732081,-0.015606406386711404,3
0.17502270228720923,2.413171609432034,0.01769833733315801,-0.17207753233248974,0.9221317714709136,0.09358119259863412,1.0356673209096838,0.7128653093149554,-0.12495738932404479,0.49728300605200393,0.026238624024071,7
-1.1453230284380198,0.6907005193256425,-0.35598097907782333,-0.46857421062146754,-0.2936233288764133,0.026736141511160643,-0.4144396256396425,0.14199851295184746,-0.5560113783907142,-0.2774664520290686,-0.5695135844310362,3
-1.3786588496403516,0.01459861582644562,0.30716028622307545,-0.7189803698136467,-0.6740185829917055,-0.42599041315858055,-0.2315526264477581,-0.0017920546634722233,0.12787001627063696,-0.17824754785361605,-0.3284575002925355,3
1.9945365950038485,1.8301592775895188,-0.41448474954893577,0.25147698501949034,0.5623597073854326,-0.16703131161793838,0.6769957285820206,-0.80511079870823,-0.13603717315508085,0.24819455070473695,0.35168966978643007,4
-0.05104407986205453,-1.522896755890283,-0.747223295685494,0.21992949203368856,1.3373178441639293,0.8960374869177056,-0.28108791258106963,0.0560762390451634,-0.3299557457710063,0.07801909755566823,0.10529308838493305,6
-0.04172551655414627,-1.117000382466041,-1.1345155421158837,-0.2733888813139361,1.286792820748362,0.41877545768396673,-0.7279214932326542,0.23241211470397033,-0.16968545929885478,-0.21323897411653286,-0.02975915158635459,6
0.032767114074687485,-1.5197139161093927,-0.6489474115306654,-0.26554627129122466,1.3517182438836968,1.040514137896908,-0.228291275324885,-0.041308865138369046,-0.07270827947272294,0.1381457623320658,-0.3179048178917826,6
-1.141531922841919,2.012966429371859,-0.4988373632400614,0.7609909590137013,-0.08592734095613175,0.16881019156309054,0.3470645748742801,-0.037571198964512754,0.23294380514574595,0.2473301508241252,0.34077195937413013,4
0.2578961988663304,1.664909321975753,1.2283169919406522,0.41154713919150615,0.4295234998953465,-0.2981991244305733,-0.25157764139490946,-0.19150645586583193,0.9056596638454883,0.2216003440993916,0.05953723098108177,9
-0.6751330609845498,0.19960597283366527,-1.269395142322225,-0.8194116289398521,0.606691270963614,-0.257790017465723,-0.11683626675885642,0.4684646543651931,0.6699198434164094,0.10992712946211523,-0.6416801269924739,1
-0.2849395266574445,1.4080425873647806,-0.6825164281700584,1.9218609295214648,0.8532736905656549,-0.25257169616357017,-0.14022119834368632,-0.04500133610361385,0.3988468904229895,0.03071248673984959,0.2972721736152119,5
1.1552242346883204,-1.001312808829749,-0.05413488672948458,0.44862099247554904,-0.4111847993469215,0.4433238030377932,-0.8809539767932829,0.6437100929144131,0.4389930682469405,-0.04138128345728292,0.09348511530973805,0
-0.6035542494487272,-0.6273991287610895,1.9258339823565152,-0.4724565877023893,0.11446309431704857,0.4698205505503784,0.6080208437039982,0.19920766054455777,0.45715383923204694,-0.1982579964029374,0.1840852104862825,9
-0.5910990923747816,-0.3136405077618136,-0.6248386580009323,0.11935322849088598,0.5368765454686426,-0.7976246424866171,-0.3710270234643698,-1.0564304819160624,0.18959762375762698,0.2785793796653785,-0.6051260406703974,5
-0.9962126097580221,0.11336979638037162,0.03671425650986427,-0.30527055020009136,0.15013475220177186,0.4962710110790864,-0.4685656456165741,-0.10280757627480815,0.032035493543898,-0.9221918983046993,-0.0208828208443698,2
-0.7693344502788431,0.07018850409580558,-0.2917217491002742,-1.2562628404432215,-0.3198087932826494,0.31056961776137865,-0.7912693286653338,0.28021671490438577,-0.3656916645766567,-0.17164406977158086,-0.5475140280858758,8
2.7169796471157475,-0.8411817285102385,1.3889807439153186,0.3032246910594236,-0.8299356615332792,0.15651034559062135,0.3088504933745362,0.2235629752142573,-0.48082175483257494,0.03596993322488869,0.27200266294867825,0
-0.8479002077040747,0.08621186426856772,-0.9828342638380047,-0.7335600364229689,0.5897831278366279,-0.5336621678311818,0.056137181271761545,0.5272840306593509,0.6905000734211768,-0.17605142821932046,-0.6305438369992179,1
1.6882796786781837,2.5378482013565926,-0.0036546117080800537,-0.2517734997727756,-0.3920118320704755,0.14515029564976922,1.4125456964907825,0.2867231197757991,-0.3198379482974292,0.2941311469832296,0.42967733495872207,7
-0.03203585116227857,-1.232655616567707,-0.4490261522407263,-0.20844094041406666,1.3935597695039232,1.052837248357034,0.13461783268895955,-0.06779348302414034,-0.10295946797911106,0.3369449219123281,0.09829354682031557,6
-1.6480830858782125,0.10092093537893258,0.5067735025556532,-0.5522398968559197,-0.8882145127431155,-0.5079876314090258,0.1106684403642172,-0.2995407363469764,-0.3905650632870582,-0.18398783913452285,-0.2497426258624591,3
-1.0379271033971067,-0.4597651104712718,-0.22607700970620143,0.05099375598864302,0.5154616490658709,-0.783368234925527,0.4380749613439476,1.03770035599523,0.025336448441598818,-0.4906758856943864,0.5182721990463511,2
-0.9837389166469102,0.38161298186448117,-0.992289794985152,-0.7438077697560983,0.7815141827314742,-0.3806098944380585,0.0622700583663073,0.18788807864597895,0.7521135285211703,-0.7246128411855219,-0.6400108543330402,1
-0.3519560744868593,1.615664255539758,-1.3475830662623842,0.5679988297990511,0.45268912940277406,0.35298805596256383,1.1952781827386947,0.7117372519860649,-0.056573272214595224,0.09907844363697119,-0.0859653731123126,7
-0.9198447526740522,1.8827890168054182,-0.6416155306127438,0.5961522036571385,-0.11633951948813027,0.3394789094365793,-0.19339885845280144,-0.22720399906658958,0.36579124864726065,0.47545707037205764,0.3311805311765248,4
-0.4140480697871344,-1.0807054569984604,-0.8118373134215345,-0.18314861664211846,1.2535898414264048,0.44154486913906715,-0.28197252628470476,-0.07671179949679371,-0.2440722118370302,-0.4009390100941703,-0.09598097659542139,6
-1.4008590859146708,-0.21109258641882866,0.08544446337166267,-1.3577039157890354,-0.37600733053588525,-0.06891255361968683,-0.505576048856667,-0.25589796723937913,0.3422085846321138,-0.6545943401306366,-0.010179452434745157,3
-1.1851764042583608,-0.16315288037151116,-0.9865761042046121,-1.3444652497858935,0.6045883853188477,-0.6048007641104963,0.144756569683586,0.03854562792428559,0.5018389134162989,-0.4781857804163705,-0.7082087830506049,1
-1.559713536400186,0.22032261532367498,0.3400410252832502,-0.41735533313293466,-0.7694877128120081,-0.5359123532600575,0.1396780837532659,-0.43283460304016824,-0.29499526631187833,-0.030588531662510247,-0.29538608833260277,3
-0.8708994319229655,1.6859179417704182,-0.26678642968323196,0.7556960423981651,-0.30516937143613465,0.28347684171802695,-0.3430887451068731,-0.6186958821079359,0.44704281637865906,0.4225810171443294,0.19350651275023828,9
-1.0667108983424463,-0.13330221510736115,-0.932278569608778,-1.23037678035401,0.3498759205142736,-0.4873145625721354,-0.029912222537882966,0.2097040987465814,0.2621989517703486,-0.12655063594367086,-0.61008700712038,1
0.2324998215319399,2.591754534141948,0.5411464807461456,-0.021573099739064832,0.1342313584946809,0.37080565219767575,0.4017422170294675,0.6314220074096828,-0.16027546879899104,1.0463053799106086,0.274694309571605,7
0.024924263934384832,-1.5947321624644921,-0.7506049958959604,0.03746457065898747,1.4260768487625446,1.119473208132405,-0.382176253542369,0.31555061574148285,-0.10951810164518426,-0.20215352075321366,-0.11020484549971248,6
0.08418455631232087,0.0031292110598994927,-0.6245759743581173,-0.1773025635283897,-0.8741709640067598,0.08789276860029997,-0.5765042068296358,-0.47754122717994135,-0.17827574010078728,0.19234727184690578,-0.3229512863241481,8
3.25601798977353,0.7532628794335439,-0.5868203417557978,-0.44427156818103747,0.584272275543533,-0.4422966541934004,0.3033680649452139,0.004699611910736402,-0.3480953423344993,-0.09955496081459934,0.04390122714901419,4
-1.6664707914444106,-0.069883064324244,0.44428890752876393,-0.7443987251859833,-0.7708504335446078,-0.3583804450847146,0.0017503966525118176,-0.3496282067219347,-0.412180884050452,-0.29991600718968786,0.14749718558550942,3
-1.1465272244626035,0.39346448373751036,-1.1396757806305031,-1.0995045391439962,0.6696021595902015,-0.36594479891900816,0.21416065764337913,0.1358017152303665,0.6147724175390743,-0.4939732108610841,-0.6434714259731384,1
2.3477069124683565,0.6295183583387032,-0.5574859879157507,-0.6961200410253164,0.5788806544224573,-0.31305011047709824,-0.11718871027434137,-0.30279442775934945,-0.38731109288630033,0.16982051555265226,-0.11039945376459465,4
1.7646508300792005,-0.37681337213426175,0.6625227151455783,0.3745668758155323,-0.4897327829414233,0.11602216347652104,-0.7500419721768088,0.28505616518502663,0.27033800561401816,-0.07212505857735806,0.03470499652908361,0
-0.5289208591489584,0.6391170079429507,-0.6334971194363335,1.282374332509423,0.7567656261083168,-0.679575640051033,-0.08549866417271586,-0.5145617768396763,-0.002425967410085531,0.09783825045247226,-0.05150675987940087,5
-1.519614915675099,-0.13942007801381118,0.4753748955761421,-0.5318709214912076,-0.5963802482005639,-0.6311057167517153,0.120894563120342,-0.045333175214992916,0.10243051433235727,-0.3296768212333273,-0.1837645431732261,3
-0.1995817022387918,-0.5715622891558271,-1.2118890566740514,-0.3526248196030055,0.9764196540049921,-0.24994615484204183,-0.8315980520373049,0.14061446740721562,0.016647221601567275,-0.17151647131800163,-0.047666328751534995,6
-0.5433184097775712,-0.7804243325838082,1.9706184658155235,-0.5692189736633736,0.0995934421798941,0.42580356548048304,0.47825090654444596,0.4689719864689929,0.4805753096447461,-0.4185925476166416,0.22173344361275726,9
-0.037730141084735755,-0.7430802512196776,-1.2161734482498234,-0.05027184854820456,0.585027463449335,-0.5101859942840242,-0.5648935264784865,0.011733964879255562,-0.46511584124553434,0.5450795426011366,-0.10008370964748232,6
-1.1757763678118534,0.13581567569234396,-0.9555430778073851,-1.1717859937532054,0.5480253857791001,-0.4791893986129996,0.12523816588353967,-0.04313074245518317,0.6209916217260568,-0.5386866282199374,-0.788541101285861,1
1.4271273652057368,1.6909492022440316,-0.821655584186653,-0.47258069300479855,-0.9357143970529246,0.5517226044419015,0.3334256245982597,-0.060412668649928995,-0.2194220029108931,-0.21430876049023004,0.13061609018851583,7
-0.6348453223614272,1.4110281714401973,-0.4836648884230653,1.6362380670099617,0.8182247273797641,-0.25178858662798326,0.07888152732138125,0.0784976545554496,0.027970922509073685,-0.7972098128736019,0.055953810434987136,5
2.108571904684186,0.04242705813497928,-0.5527947559735964,-1.0668297007291336,0.31423144720593754,-0.4362204887764955,-0.1898500197605633,-0.5453528989883134,-0.24598331414805474,0.26957496374225015,-0.3919883018904712,4
1.608741305496434,1.248805359365435,-1.5971529067804082,0.4703018089574496,-1.0452941377467102,0.17157325445963284,0.7211162217426003,-0.3831077139550151,-0.013602246721841755,0.1483316166784643,0.40535723594793116,4
0.6144119780468336,2.4765993571789435,-0.17116257337199964,-0.2812125140826919,0.16878010845988578,0.32204881519692696,1.1834865188834742,0.7567526150563765,-0.6047472769966777,0.5109457517121151,0.14618219719004655,7
-1.2269207529985402,-0.6764551608791085,-0.29776339902484406,-0.1294154102764278,0.3730355760939242,-0.06674333594509975,1.240561829066179,0.6261153315212948,-0.40606489344966973,0.1637629349688362,-0.4274702292953318,2
-1.2577979223028468,-0.29972980886538303,0.45215493259976003,-0.11475586655136864,-0.366028373857553,-0.30201221949624557,-0.5823794228324659,-0.12824379638410588,-1.1720500485641863,-0.7002158124184578,0.5223616554824558,2
0.46380149635700907,0.3716027304683344,-0.7195955785875703,1.6232921674453258,0.23860005259948966,-0.7195638888449033,-0.039578562404077346,-0.32367808168067036,0.24359985060381212,-0.24352705556479456,0.062050068423550125,5
0.8932397335667209,2.1384907044996164,-0.7809632854067876,0.04350124490670096,-0.8126235797020691,0.3212947233405048,1.482412480219018,0.470209816892323,-0.3814083538120401,-0.12241619956541235,0.17573006328168517,7
-1.346681358895408,-0.28673152193323503,0.3666497603408694,-0.49952611620558,-0.7666219951565382,-0.4324666571804014,-0.08403100769095602,0.1295722511305174,-0.22367656928622504,0.08564030045701056,0.07158028516896844,9
-0.4161897335098286,0.3958116105636428,-0.7603924897900527,0.8924858139806972,0.7581497555747481,-0.5664180110385022,-0.3758125044656655,-0.6989162891194848,0.05256712100050113,0.1147753690470648,-0.22981121724223982,5
-0.9068731597225292,2.012018787777438,-0.42103914530226266,0.9389513187868815,-0.3360085993323627,0.28481115357202363,-0.05459374011430021,0.0787396740149036,0.3796126540502064,0.7620897053221017,0.4556668204508123,4
2.9182655711982304,0.8765248913940697,-0.7415280903033898,-0.14058920918297318,0.267922239608052,-0.21822899486023217,0.270365349379748,-0.28418743330014856,-0.26059187031175807,-0.21456250109795477,0.07339150922794685,4
-0.6472630155762201,1.5521047702925752,-0.23292591386099812,1.4241125815013822,0.067253760091915,-0.1137984914270646,-0.23003862320386514,0.1969644458839205,0.5513475649352441,0.03984953089946603,0.4672181053134265,9
1.1239432850017828,0.10346987522238674,1.016756540673382,0.6628852276267395,-0.24515443311756124,0.03351874201947975,-0.8885186665614087,0.3806682086046501,0.13781843451171208,-0.022056233717750676,-0.0486608719587427,0
-0.03553343630060879,0.9291515796948948,-0.5709038252070305,0.23664701362889434,-0.4986290336104965,0.5607996293211183,-0.7699478750576237,0.20819730686884635,0.38551496532861607,0.029058291429255464,-0.42701199768579406,8
-0.8179631280352937,1.7568240682805731,-0.558223310807121,1.0307804133889098,0.2443397834881,0.17895268859121122,-0.08244936412975316,-0.8101086383344428,0.41557423769034024,0.08410059589116062,0.20276997670847363,9
0.4787172943507597,0.9000186292419698,-0.39504190268993006,-0.6084789602700065,0.20231421083120998,0.48723345354339603,-0.7336321717877327,0.1945324246295866,-0.4507622238950487,-0.5239413544841286,-0.670492445221135,8
1.7429189481797602,-0.13458163942099302,1.3114061738759373,0.7206948523359792,-0.3834329236568588,0.2377505271660625,0.5335643802258133,0.2361825652793348,0.004781083936176948,-0.41670444744104057,-0.08860001456517533,0
-0.6527096728524406,-0.6285355731002428,-0.5790509325467947,-0.059303584373683306,0.04301088729319676,-0.5167456741004032,-0.21136527155774565,0.5738774695999161,-0.34817193437521143,0.955966681340795,0.7203280182092257,1
-1.370549569959843,-0.46670945907406813,-0.2516561153397352,-0.2772219253498001,0.3230347088777794,-1.0279390537672386,0.6876809501822311,0.24975207723896753,-0.3847915026048665,-0.2951968351214204,0.19536777551152243,2
-0.8339553540834374,-0.6741560506094152,0.07261274493217096,0.4834455232241522,0.4194877316869865,-0.06066632387766587,0.1077112342665514,-0.6407132075795391,-0.10846681524568295,-0.2007771040419112,-0.03746091513067666,3
1.1445585421336482,1.2024861830027491,0.17202364672276216,-1.0344720480884682,1.5326725901885512,0.41976011680694725,0.1124254429514745,0.9934142425638502,0.2341970078245288,-0.2915992418007042,0.37417840594834456,4
0.5927116558330859,0.33662416037407206,-0.22028087841594493,1.2312839869634191,0.07419172949862232,-0.15705251025976064,0.6900203646791242,-0.8177972853882769,0.4430953143778894,0.05267224271461731,-0.17348870809280242,5
0.9214776438057246,-1.0916911257033282,-1.0107765799247979,0.6652801186248843,0.19658329717533748,-0.34936228667584374,-0.4020906504917631,0.32395044382568106,-0.09216335088992922,-0.0782352535642065,0.3657353438010437,6
0.41068400788289117,2.559765299858956,0.2223734747777671,-0.4685695271685346,0.3979033119807784,0.5526077700947032,-0.008175399093566352,-0.1321530973449679,-0.14737072861941466,0.42780236262660903,0.21083958317767296,7
-1.1718408018643125,0.771392887356038,-0.04637198625235832,0.11862761469955665,-0.4831111222418557,0.4173001463039311,0.5072885813913447,0.5888073547848487,-0.15738563148967658,0.14151099282091853,-0.4680592659638441,8
-0.6001238243502056,-0.66273408132358,1.682317835307672,-0.24378929735094332,-0.20541766033923917,0.24605909630331219,0.09474943978776548,-0.2916510078146575,0.27393773679995675,0.3887527317532331,0.37288751473001,9
1.282306000588424,-0.7331942469396497,1.0847700582316728,0.6474296210367008,-0.2542237516770198,0.07252633224891968,0.15305498531258535,0.43019716129475943,-0.037747735364879346,-0.15547086238360222,-0.07560897287159851,0
0.005297222417568063,0.21151160775542158,-1.2002772401659785,-0.7519664763204,-0.9268690042096644,0.2582733782197695,-0.41930953468438403,0.24394963046807036,0.08100842028620259,0.8705247521882259,0.16040355871469117,1
-0.846567931062726,0.4784002005985084,-0.5882278466572071,0.10404824823836381,0.28176252934089285,0.10920118685045184,0.5195412064432336,1.0729875199392902,0.23958416401382757,-0.05667565851848306,-0.45800605837052016,2
-1.0218041543207148,-0.06494365297118118,0.032485610221162385,-0.18616587004876808,-0.3375354747542876,-0.48254227459805016,-0.3620028223709159,0.4409988322755435,-0.2759665361863681,-0.06142518044202558,0.06036979191573169,3
2.3739060190139316,0.28379200385323666,-0.46408599950667456,-0.2703576178189505,0.8110033004290287,-0.4484584745143929,-0.37037929931674113,0.5554839187217328,0.14997886289792783,-0.0016337342791993828,-0.2522874738811087,4
0.05588494187158758,0.1855252787809948,-0.49934130599984194,1.107063497083264,-0.055663832597735344,0.30717736885054686,0.16464013001748168,-0.8521530535275333,0.23485044171302996,0.45919298987046797,-0.3482803842173467,5
0.9215194645093138,-1.480335826042759,-0.9671843308156176,0.5993531349220862,0.06959321923936279,0.24301348084352672,0.22356033802950617,-0.3269811959083056,-0.37886660665685146,0.15667204886055222,-0.1817614923696707,6
1.2918577656138084,1.2928116349085412,-1.2662869512013775,0.31582900069880016,-1.2586183024188808,1.012500007129681,-0.02052195650602102,-0.03003014001411526,-0.348796532616071,-0.8343575902750451,0.04239021767756676,7
-0.792006551746293,0.6876310147238521,-0.4859221641444933,0.17476760364297803,-0.4169574124065918,-0.07486910401646386,0.21909046959499087,0.26375791496093426,-0.2873153047719853,0.674864346936129,-0.4221763339272514,8
-0.6045689096509371,-0.3553664697082509,1.2900201418036366,0.06357846366888917,-0.3481405105691747,-0.27066131083264533,-0.17526092778536867,-0.4384309225930731,0.09211692569159964,0.50172239948022,0.004542036650606241,9
1.4831064186264171,-0.24799953868843877,0.3328994485448574,1.04603278331869,-0.7568299778408852,0.24751439769685016,0.6878606184936817,0.47325637824777234,0.5507650250710828,-0.25454170110371893,-0.006339777741320574,0
-0.6050323738001429,-0.15299175582988161,-0.7875496128655266,0.167211878321792,0.4321043979960817,-0.6689711063030975,0.08558964649882178,0.4843089458155174,0.23918525329247883,0.7123448906583606,0.27047123692229996,1
-1.2043564978984111,1.0705186766609143,-0.4936265808303841,0.2558856195350157,-0.023995538623976,-0.14170753730597418,0.4150028264102345,0.48958405123110116,-0.527061757474634,-0.17895257993763095,-0.12624714847714724,2
-0.7155036609321725,0.036088123440803074,-0.09327081656891782,0.35397616987064057,-0.042314767651314866,-0.23083754799910872,-0.29211265735126474,0.08171007739487281,0.48898953831219916,0.4069322881145486,0.3573811388496339,3
1.9947489723367136,0.14766612907174864,-0.4976635618029908,-0.7067788897421278,1.0895034777413242,-0.3520305954138899,-0.6455997847336724,0.38981731481218834,-0.1546390129265142,0.08739119259808385,-0.35525637241093644,4
0.8379276448504817,0.3492525919125567,-0.323962014071209,0.8948331927419305,0.34616233675700453,-0.2468897223824575,0.18065448655333163,-0.6568801435134773,0.41971618432775926,0.19995092252378727,-0.28518722756887627,5
1.2093141705621413,-1.2836461853148204,-1.296201927292613,0.5530398776329984,-0.2522503023115091,-0.2707726739431534,0.07877084203285738,-0.20887228601032848,-0.6099280810980583,-0.15727702647748307,0.5253152161377922,6
1.3274519257196706,2.9943992171822025,0.7624910904965105,-0.9453308755300127,0.7177777125520434,0.5593304165858862,0.11543810370364212,-0.19741422559938288,-0.12450529096284053,0.5767584770078685,0.333172115494905,7
-1.0263507103390144,-0.18147500783566967,-0.0680184589005874,-0.29274657700295675,-0.7003295460616296,-0.1709768683354374,-0.027679805364691522,0.15710253212882905,-0.4447450378927566,0.6580577706163738,-0.2791366380900255,8
-0.8034988094872154,-0.7712650888447707,1.4251711667514297,0.38119485620007987,-0.02041666224591613,0.03836937848650086,0.3856798200657815,-0.014616912860303777,0.37539741728241616,-0.060779849559560624,0.0011880304263149678,9
1.7867690345777207,-0.34000396578986497,1.5034772009918462,0.45765469583133445,-0.2016086904869633,0.03353065877661161,-0.19915224328214387,0.31861124874993163,-0.21179608049913445,0.03382631855202152,-0.22808686939473355,0
-0.673409577771609,-0.03078627954585625,1.3335207204943054,0.153077698692283,-0.24473800449453137,-0.29843827876918605,0.059216279233910575,-0.039893663417755305,0.5159469206425175,0.20185551900801035,0.13756401546789174,9
0.7256352949716531,0.5355853542858355,-0.7171840929090958,1.5314890709502933,-0.5472938857275174,0.07079846207904399,0.4686898089908897,-0.9166230905548653,0.41608576617350856,-0.034537333613578906,-0.03991488780116046,5
-0.6253872158478825,0.47357795922187196,-0.11655245207987336,0.9710185729028189,0.0641200100308898,-0.5645179194512102,-0.23451584544980394,-0.575351592941671,0.495930927835446,0.5089943312583414,-0.2221141048104578,5
0.890719601763472,-1.341488151008721,-1.1284363048151487,0.5493107784423966,-0.02063143720528559,-0.44368761063731055,-0.13715371027435336,-0.11099176257853022,-0.7520130095320281,-0.022186307190248694,0.5416513018956588,6
-0.6111307356933169,1.3146896913797081,-0.4076359019067322,1.477869252857912,0.4050866753229133,-0.206519624247887,-0.0935298070521636,-0.7013150791471682,0.5556109785352574,0.2138303523186338,0.008575815849165879,5
2.2469597300792716,-0.14882356926544688,0.6490077652866125,0.5096083808094739,-0.7605143900372093,0.20147821210231417,-0.4348105501382314,0.35295633309743357,0.11412495908455092,-0.029594124339842185,-0.15580786904155447,0
-0.19107902060613025,0.45626659691584787,2.3001330266594806,-0.4605973020567181,-0.21125603921972697,-0.2228527345416199,0.4503100695886727,0.16437751422065192,0.3147661834890693,0.3143155303149624,-0.36154697604752867,9
-0.8424442197667443,-0.6444989850709162,-0.3863375144285487,-0.1796870518748628,-0.041576113614582716,-0.37048555341189365,-0.08002111944617367,0.15691637467397646,-1.0562604468618764,0.4999931753883493,0.3429921688446251,8
-0.5784656541432158,0.08461043196412872,1.8374987206378588,0.20472627382825412,-0.3550318140921696,0.17345886671711064,0.21023181110041927,0.18692965556581412,0.3176935247063653,-0.06306711616252306,-0.36056684719477716,9
-0.5373900613967079,0.17453590512235934,-0.4792456397959073,0.3892401575723,-0.004567160541929901,-0.3564807014601437,-0.31845778130920094,0.3266069464312527,-0.4526185169866386,0.5693899578494909,-0.4396645598550207,8
2.1301816980929145,0.4691404830888711,-0.49246339975632686,-0.5886893411691648,0.7706597286216835,-0.17514273713307363,-0.5921238915630825,0.3391606011498226,-0.13621334211744676,0.12956080858385918,-0.25121941905087747,4
-0.6351574750240682,-0.5340021208854631,-0.8234697848361822,-0.7921967841222103,-0.44846525420031963,-0.2539088910711531,-0.07789138090178607,0.26787857324788256,-0.347771868975763,0.7590062684142108,0.6046235971930156,1
-0.44434200126209916,1.4326644348216364,-0.8432475341126692,0.46268341902279997,0.002746632469066209,1.2307405248463712,-0.17731100835197072,0.5926535005801246,-0.5523930366813294,-0.29732482030613255,-0.32841815852007383,7
0.7896448254882542,2.000529508693453,0.5677745008630293,-0.7394673995246966,0.5077850141067691,0.5143846100289536,-0.5814476554408885,-0.41338462621869165,-0.2970131421902241,0.05851666304541287,-0.17128974352365975,7
-0.717642501521854,1.2531663614088442,-0.4299892327420078,0.17563129351300502,0.0068568181874582275,0.2723298514585103,-0.5032629111546433,0.3971616306522751,0.5993638155842643,-0.27270896308192083,-0.13903888326979313,3
0.08597735333264046,0.43005512550291514,-0.36502257202667027,1.0366892353431356,0.5756281619441967,-0.06171643938691152,-0.24976540894312932,-0.5983709660025001,0.7040790383465598,0.26989753352617263,-0.34364090903653166,5
-0.9562363329027799,0.2536548560722723,-0.7191340354161394,-0.721240412104173,-0.29772543904203363,0.094168618836835,-0.2895933766793554,0.48228187681341506,-0.19156419656713025,0.6493665011281138,0.2140348688995787,1
2.0976343795075363,0.360703149674684,1.131606683291715,0.9356786350606854,-0.7485857490685417,0.46312204218917435,0.32372935947863135,0.26983295054424433,0.07959943034855926,-0.14009792837015866,-0.04363784866998433,0
1.675798340087549,-0.2635789139694912,0.6358309555098276,0.7388340962095696,-0.8799003846494151,0.2143302230117387,-0.5453922240656761,0.31169870933331495,0.145460914804088,-0.1988522573205366,-0.1392066463800949,0
-0.7232797128446747,-0.8649990034684669,0.2505159555050305,0.6952900313209879,0.584000597877945,-1.1798242814139221,-0.0018470620321056155,0.9171323466854028,-0.19752189188791822,-0.789001530695274,0.1089166460003124,2
-1.3838284791883357,-0.5088939952970981,-0.3026268515261822,-0.2990794473062331,0.34167077490266967,-1.0536916909870195,0.792301857237728,0.4642200160683429,-0.3199688119369685,-0.15261618868354457,0.23200832994536755,2
0.5809498017260482,1.9973685772692262,-1.1027073617758085,0.4017851976818242,-0.9535566571371934,0.6193177561571277,0.6617951747145573,0.32454669806679487,-0.3683404262334303,-0.0511604530966251,0.2470740762760537,7
-1.0234095992216414,0.5364294145481541,0.03855079083478204,0.24403706703924785,-0.46988406865467075,-0.3190025552285442,-0.2924601996656654,-0.09882766337911074,-0.100657729294769,0.4316466347076062,-0.03605239649513984,8
-0.9291412493687704,-0.7409673892359844,-0.0023309764873209317,0.32913085368150413,0.510729540876808,-1.1418145478646309,0.28579874894637547,0.9361759637101073,-0.27950818903178143,-0.565586741746058,0.16912788009675161,2
1.2132579092188038,0.4012551875805227,0.16722391376110063,0.9287827788506292,-0.5993304457610916,0.2662919691088163,-0.30953639879629724,1.0224961678108053,0.15270422442023057,0.21690009979935573,-0.051993589514686044,0
-0.8039783335537493,0.2088289635972135,-1.0392444871283788,-0.19866690457228114,0.20126457948967183,-0.3253734289322828,0.25088853111167986,0.3550710500810729,-0.11302250116743706,0.8971949788930771,0.1403907994543558,1
-1.0599248471247154,-0.3971498310477862,-0.31374998123094694,0.33733032992338857,0.664450830313926,-0.19434828448336486,0.7886634615905678,0.4890274216137232,-0.505464172007232,-0.35269919384179155,0.14402345398677927,2
1.1777557380358536,-1.2642974683153527,-1.2571591324064626,0.46974663246250314,-0.0355236623166747,0.21659073223163544,0.02361582025423445,-0.4137260415427594,-0.30172894189002575,-0.08904920813303933,-0.26126395883330883,6
-1.2905926897173507,0.08145566565622084,0.16097474424609717,-0.352986997094413,-0.6541316304022846,-0.27579844143135734,-0.09727603585331561,0.2605247032818671,-0.7279998307838325,0.08813128387812015,0.0006326960017734427,3
-0.878403157682183,0.4444901610294128,0.264233887371565,0.3343715152513819,-0.6455520516356367,-0.043966448814852954,-0.32850836809523964,1.1672775005532965,-0.48512238360956395,0.11641896002014078,-0.1298092810670999,3
-0.6650552211750593,0.9421130209565491,-1.0232986201874668,-0.6709227528864777,-0.35028700737362295,0.7845997431294416,0.21482658213864916,0.726277931082575,0.06821681994505652,-0.13072925273806318,-0.48766229543821443,7
-0.6787280864791052,-1.0787131054712837,-0.1603332359966832,-0.06974280187083283,0.7421195934843647,0.947846643677978,0.16280668207351479,-1.0115058724420363,0.7378365686998156,0.2115404067520168,-0.32877331774157975,3
-0.8146391149955672,0.5552914236639429,-0.05610115347100198,-0.24942503356026316,-0.3999168215856731,0.11214696705929793,-0.7566912386414221,0.2798884871088942,0.2791781805162679,0.018606811005713732,-0.1418459600267686,3
2.752827682454644,0.959530126239991,0.2517774119982,-1.0201126637529858,1.7845699919847198,-0.42405445071312775,-0.2789508155995789,0.07934907851474812,-0.17182088239072482,0.012736745267187443,-0.253385993717119,4
0.9248917686155822,-0.9409572299335321,-0.9580957398321849,0.6987326293216025,0.30054727246720186,-0.5277307887426019,-0.6263289503301593,0.880478741953517,0.28033314786178837,0.051279429406700175,0.021332899831317434,6
1.078496926216995,-1.3467678376702867,-1.2162350913312983,0.6086818986860874,-0.04488825955736717,0.045764588814040004,0.15740233432869033,-0.24262717893776273,-0.6489651836832487,-0.0148817292852664,0.2857176087078582,6
1.044086286015906,-1.4689953329536751,-0.5944667530774024,0.8558490229919048,-0.18703377485078135,-0.6024963926543097,-0.2799582559769173,0.18731153696948158,-0.024725861296172175,-0.16962991286704132,0.31390119555458834,6
2.761007219039837,0.26050206468740617,0.5383307522847036,-1.7930243276718698,1.538870242912025,-0.3961115249776024,0.37821908329259935,0.7084613918993256,-0.2866034774949637,0.0061477527877464595,-0.38446436749861496,4
-0.4819098895194302,-0.37467227894231114,1.3250244985471862,0.4105296480435233,-0.09570399156085382,0.29329869651475965,0.13020673067385383,-0.26123089177481484,0.27403427675194436,0.49941326283349957,0.13185042404570438,9
-0.3507001341296317,0.4050512685720179,-0.693882376884053,-0.8867569055290075,-0.11049685567725731,-0.028818269597685908,-0.33404959611916485,0.472985403472262,-0.15908989817239505,1.1379219114535333,-0.36250717482811484,1
0.6711904589285869,1.055012684523663,0.054052593242285424,1.2026908873716848,-0.24486735171551974,-0.6383826494246165,0.5726203640641206,-0.22220664443349306,1.0752249748215663,0.15164648622818339,0.17880451895933971,5
2.1510333768240297,0.6113620483531809,1.1090029792975027,0.7217854600944075,-0.6535546014043699,0.029333931678538604,0.39303494024824565,0.3905672378340527,0.07994394101087161,-0.19925424284381865,-0.02233683469683927,0
-0.8217866161386905,-0.5655167625551342,1.2192358122158535,-0.2514307024152266,-0.12505625698072254,-0.30536851972766393,0.4208021327465944,-0.18467706879839638,0.39051508334044005,0.343793924648996,0.19247370348916804,9
1.038556463833958,-0.28920637329365034,-0.3176307207571409,0.9721892913685296,-0.1902756972225686,0.10538941430009995,0.5656417936051805,-0.3457321739421521,0.47679088336858433,0.4072387271908166,-0.47389855450888907,5
-1.1629305832486627,1.5496976327971592,-0.6283620946201133,0.8536036324625427,0.5157876752916931,0.622294065756674,1.1753770046373393,0.40475505700345854,0.07359949327944208,-0.29696268270368475,-0.05397022789424095,2
-0.42563688959817747,0.41605950562481847,-0.5613093794624284,0.0849493300451195,-0.9132027617317503,-0.11373307297871509,0.3488645694292241,-0.10810374484888653,-0.1824135153916172,0.6159511708915872,0.02081698381460581,8
-1.2236315038018444,0.6875562887913407,-0.2281492953095316,0.16455571535732788,-0.06488641268311748,-0.08770221990598256,0.673476303532146,0.6546528077775169,-0.06125280510005497,-0.010204710046503722,-0.453898762352369,2
1.885814872156728,0.39303275258409454,0.3635138624070872,1.4109830866286002,-0.8883719780662944,0.15879493602645836,-0.0628069375899698,0.39794347773418476,0.07756077996903366,-0.16917419421262575,-0.08416782066536567,0
1.508143172425066,-0.2455484200707363,0.5877110856331559,0.7528664913314556,-0.9480718516039242,-0.04092123466293828,0.5480976770569052,0.528988284037896,0.3277574217374901,-0.17169275031699047,0.08841975357824815,0
-0.08337538458209276,0.28788824473013724,-1.050652392257639,-0.03073887027058402,-0.8881705047420334,-0.1965861779000976,0.3614680183489281,0.25837547217140916,-0.37176840595001487,1.1568961488473823,0.2711484921915064,1
1.5275247545570696,1.5970511166212904,-2.0186500040562882,0.3145836663928987,-1.1631212013714358,0.1267751834542957,1.8486605873500879,0.16188880284377974,0.20915809969877988,-0.2878016113324748,0.3838327595719439,7
1.425498025487584,-1.4813714251685552,-1.2195522627831086,0.3589086377702904,-0.16509357543841366,-0.4070405200163954,-0.32631168791630694,0.42993768405267135,0.05999897541609401,-0.3307794700522702,0.4843696426703561,6
-1.370128902595787,0.8151653617009758,0.1448087897551495,-0.2547326875524443,-0.5798098177128647,-0.01438155087102757,-0.15905749489050522,-0.1448127595004799,-0.10277304781583603,-0.4098289628602838,-0.09609554745993537,3
-1.102119857661042,0.8296649261819407,-0.45256354480894834,0.18262143916150403,0.026712534416753246,-0.13620874709721573,0.25125882881305056,0.5758130740611248,-0.5796982623030318,-0.3191195550506091,-0.009971373970620107,2
-1.230394060383458,0.9524539341539893,-0.507407737296752,-0.5646325241637073,-0.3294759581628876,-0.02248649110599711,-0.19361364676898762,-0.00550070454240076,0.1472652510358227,0.19557868895162137,-0.23031089223717793,1
0.8377596929566096,1.2886505123607008,-2.0960848001814885,-0.2674521700237665,-0.9258408555747527,0.6197602877860893,0.9851270194207469,0.21454445179041676,0.6622349250035199,-0.5579380040605284,0.0052563616392815975,7
3.890881336878233,-0.07393276113879127,0.34345322723068805,-1.7195282558228673,0.4224699125560104,-0.3085967355515548,0.7633409540333,0.5101579828465643,0.02002404606655177,-0.27959524421335147,0.21014342103543576,4
0.7838385909557518,-1.3284322649682614,-0.928642561074184,0.3138589429022944,0.700455384933311,0.4309439286291901,-0.7084666511396961,0.6652320911067683,0.44276261071682915,-0.0028973982848269405,0.14047602673743773,6
-1.4775708713700908,-0.010651611990542376,0.2803787409630035,-0.8411478715186569,-0.6315823124032807,-0.2728739388833321,-0.29489700145364883,-0.3003438668812096,-0.25414901890325936,-0.4742892015860575,-0.1580009406842385,3
-1.0153336006273392,0.5588877652279108,-0.7096797229131857,-0.8952030408245211,-0.40436564133027053,0.2003469277076808,-0.3175465586918239,0.6156863033884632,-0.21011097201956153,0.2938333439377523,-0.4380022555541695,1
-1.2128348211525641,-0.49262533525466157,0.18058191783608254,-0.10282645842525644,-0.09215669946357592,0.49485638307592905,0.7543828414759254,-0.5234978098251291,-0.02375985010490029,0.46975409568246196,-0.19240112812164464,3
-0.1493697940164063,-0.014754077742762729,1.8965434038752915,0.06844891551667484,-0.12347000168176006,0.10752816988942758,-0.0475477708761779,-0.5060223990256009,0.16213216213518397,0.6644382184058415,0.013460834031137313,9
-0.4947570906436133,-0.036737170739476785,-1.232651043003073,-0.562947453112229,0.03448948768878815,-0.07753485670618467,-0.10003203871357698,0.39457821065357807,0.040969672773995755,0.9158831060892199,0.28020629769527916,1
-0.2642129703859883,2.4158571323851676,0.019314544898131898,-0.012412726118536072,0.46079217354761975,0.6361677443374202,-0.11816661605546484,0.05184129178735342,-0.2739239958970613,-0.39555182951497697,-0.007702578233780375,7
1.0981492623718052,-1.5308924147714773,-0.7364844295685182,0.8698937837081343,-0.02270101560337377,-0.42557256102797514,-0.14022996428219206,0.6264015241113285,-0.09781427062376861,0.020523617848255106,0.3682487843886806,6
-1.0735463310260491,0.5617236428152399,-0.4376295816649235,0.022400185300664455,-0.20443046667393963,-0.3426224309982707,0.18148764466295234,0.14595311501550856,-0.5276782243181348,0.3953116065471096,-0.18253869376123283,8
3.1660468834081272,-0.28692237433921747,-0.3465295470244396,-0.8575838554125614,0.41323426911993283,-0.6070496794464701,-0.0011461080367350979,0.28687795372921104,0.0222358134743705,-0.18156195711800935,-0.016630262045894077,4
-0.621930438862732,0.10655937862016275,0.00952975540669184,0.9501874911912441,0.08783878544430623,-0.16245337083489284,-0.38406654844935834,-0.48818202749923284,-0.034107819070477434,0.13664570240028331,0.2584850798256366,3
-0.0815743046434061,0.19956311087107964,-1.1045243452135756,-0.6640860198124541,-0.9646460870934406,0.1954579830413376,-0.16838233823185533,0.37463423761113507,-0.16321331302619324,0.8064610742647368,0.20797318083593203,1
2.932715226201748,-0.30140037337786896,-0.09172825969009629,-1.53410793528581,0.8326778488659199,-0.37665344529177996,0.41324155065422924,-0.5504884684318194,0.01062028478298059,-0.09139118970854569,0.17547140920220025,4
1.0946835593491755,-1.2576988248412693,0.711466714476877,0.38365992907747537,0.4378062634865028,0.5907166101695026,-0.4950596763147073,0.6911740616298551,0.13581555243833532,0.38947438229554554,-0.27247523573991456,0
-0.19276455150808355,-0.10128962037846513,0.31055007591459055,1.3858195906282575,0.4922110138182869,-0.1815715884766268,0.4358177440353358,-0.4857071305264576,0.7779835438736059,0.32504028255227135,-0.35853123583082736,5
-1.2430157727047408,0.10786226571821904,0.06984988697277095,-0.4144322088440261,-0.22331154360337416,0.17285376716298004,-0.22588186432671326,-0.4356656599815075,0.2139830564822976,-0.36814102034210894,0.10044646585447621,3
0.5536158174252099,-0.8442144381865946,-1.2850737021067131,0.06684926458104351,0.7263656224016969,0.6828664727785905,-0.2809569950331006,0.6663789845599803,0.35152035903787143,-0.04535969667787522,0.27389710415106,6
-0.6284779374054593,0.5854020328741466,1.090924565546904,-0.17448587870794974,-0.43799991185519627,-0.26546400585636076,-0.1593594640991652,-0.5559032496432411,0.15738179081795733,0.5972046415877749,0.11675900490970882,9
1.0676865852768371,-1.7296381427221135,-0.9576824276728545,0.5005180980167054,-0.050052633662335456,0.3836187990810388,0.19473942140465897,-0.5451319389381397,-0.41647855178877474,-0.11455708573310817,0.19924151206672594,6
-0.5434639193972224,0.568405241809463,-0.9829151702375262,-0.34071801287575654,-0.5734346651929226,0.10391061272576292,0.08522056166226502,0.5562181508140566,-0.30759902393259353,0.6494479162066228,-0.06385851488112268,1
0.7380015420447201,3.025720174411688,0.7921686975423812,-1.0994305340170631,1.1505396031123367,0.29702723094170763,0.5497452938313021,-0.012708602002633176,0.009498025410905388,0.5480958116795522,0.28008875619820395,7
-0.11213637206736497,-0.6282851379065824,0.07224317141783654,1.091385269583593,0.6108985809969365,0.34257028922016475,0.4110555438900233,-1.0018334266837572,0.07656620485252091,0.5514962686711951,-0.41105624925576856,5
2.473822006293946,-0.08596675549261008,-0.6953640242677318,-0.9093993069825216,-0.049199463017666395,-0.3725045356273526,0.2552434611765596,0.3489316327730616,0.4909171847073513,-0.4413293931715973,-0.05193966581221306,4
2.5837718357609782,-0.5169879823633771,-0.9884381869106892,-0.9118266147867848,-0.29172524071757755,-0.49320665800325947,0.04168476320523931,0.5027495573840876,0.2955199666516405,-0.3349630136985636,0.2290682879558932,4
0.317465620050475,2.298332023389819,-0.4230989285700516,-0.40890663064956356,0.5660544117477172,1.0006655927303585,-0.7040127679654287,-0.1357331394912978,0.20263345796465115,-0.3512033416295959,-0.02697782513628936,7
-1.335203177710309,0.018415323311626933,-0.5345207372251652,-0.1903426400553514,0.39714061718135407,-0.5525132204441351,0.8126788129641581,0.3503733029264855,-0.3811413333515953,-0.20265477435934798,0.2361581424329261,2
-0.8492208484215912,-0.3840740557328379,-0.4179246008905778,-0.08606512226584992,-0.12719369809073727,-0.6975774622523273,0.43959826451821543,0.30903425300049125,-0.21942861197629104,0.6935640125048171,-0.3559115250154582,8
-1.4098725225982656,0.23979103691867806,-0.6571445390083344,-0.1498557578978008,0.40442522135760106,-0.7027262786845829,0.9949561243855394,0.36886247207699735,-0.2923342706143072,-0.08701694371973505,0.246144255494977,2
-1.1456216822455418,0.08594500941291998,-0.3430497351542161,0.3041393412656413,0.6561724360506027,-0.2166814089042743,0.9272593243278481,0.41491745308547573,0.09435915400283998,-0.35314111409703475,-0.11878222651959196,2
-0.0651560324136784,-0.6314111449716706,-0.27578056448730387,0.5048359765147413,0.2518504519597992,-0.29827749529446984,-0.34958820422952364,-0.7786311804075291,0.634420064789619,0.1016830517902967,-0.391095999587816,5
1.522494309083913,2.0168928967754503,-0.6923031919369688,-0.48288036772413045,-0.195701194447915,0.04084466648626187,1.4040901888653416,0.15900834479613624,-0.07778089514249385,0.3046122996362999,0.29763455160161695,7
-0.7768230829088711,-0.04648520508596624,1.7280240599784014,-0.5459323804244933,-0.3206854256839881,0.1961661233106475,0.5377983141393989,-0.06135176183315772,-0.11604362526107505,0.02773874032368044,-0.07164387213362321,9
-0.08587859861045022,-0.20567958273901307,0.48183514393909643,1.139460363122785,0.4929388679640131,-0.27327443100979004,0.5431573846215998,-0.36928187070154805,0.8782098453554195,0.5320863484857381,-0.20182167817736396,5
3.338793630773826,-0.36029976586883866,-0.8211780144438707,-1.063850141799105,-0.11409992017439367,-0.40621128868411827,0.32154588970866066,0.17488191433832398,0.11078585700853313,-0.3802674809452954,0.49098339769561594,4
-0.9953512318830384,0.7413548411799451,-0.4995377398714598,-0.026672574847511992,-0.5304622742441819,-0.010265470700181287,0.15431140728614662,0.6313321283936656,-0.6472500393016017,0.5314686244335399,-0.3928558475038679,8
-1.3513416373205425,0.6075603272565537,-0.4141642724841633,-0.6717351662610604,-0.4033368202434865,-0.10671059079301358,0.11767711457862723,0.4706330144796573,-0.3996719368117429,0.003902894735846063,-0.2979335651091859,8
3.149344898087235,-0.38984375033549595,-1.0487410731747802,-0.9435433854289682,-0.32919502715284404,-0.6605888805253798,0.35678065693309496,-0.1939399517404531,-0.4451948158917656,-0.1853318623724558,0.07473413141784611,4
-0.36669136411792685,-0.07493527765979578,1.7442336076155716,0.005226136267291093,-0.23943817887133317,-0.17055880835923987,-0.2322304238154853,-0.43662708765182157,-0.045180580968239466,0.35834691179678135,0.061091940400557286,9
2.357677235743355,-0.2656237643478546,1.1332935820651064,0.4666394886222947,-0.7704933502173241,-0.07116559484434273,-0.15874572504120357,0.44657811471629816,-0.46998449308489326,0.2566349281226302,0.17074338848432963,0
-0.8104861624779268,0.0723181399378198,-0.6865503718725152,-0.2897059802550757,-0.1148623630703734,-0.20856629176268368,-0.01964702525537252,0.41394328702039934,-0.619607802895915,0.6522501720922255,-0.12425023367833324,8
-0.2646960946420158,-0.22864009011231357,0.9980553146617646,-0.1680490046021346,-0.07246104064276114,-0.27767375798982197,-0.8019476979592729,-0.8248078510321936,-0.5618274189456348,0.31979696389860884,0.42714973858101013,9
-0.8490755307727014,-0.6008013909601772,-0.1637899551689747,-0.0022419190060811727,-0.03310453534761181,0.3302446489623813,0.41283058606371575,0.19785766247833714,-0.7301234670568297,0.5277237858190718,-0.03404941367160507,8
